a7004eaa55	get the sun in the sky
a7012f6067	පිළිඹිබු වන්නේ දෙපසින්ම අල්ලස් ගැනීම බව දතයුතුය.
a701b0e7a4	ශාක්‍ය මුනීන්ද්‍රයන් වහන්සේගේ විචිත්‍ර දේශනයට
a701e8828c	එනම් පරිනිර්වාණය අනුපාදිසේස නිබ්බාන ධාතුව යි.
a702498272	ඔය ආකාරයට රජතුමා ඇතා පිට සිටිද්දීත්
a702a6bea5	නම දන්නෙ නෑ.
a703027e46	ඒක රාශීව කරන
a703324218	භික්‍ෂුණීන්ට අෂ්ට ගරු ධර්මය පැනවූයේ
a7033b7e57	තාත්තා ව්‍යාපාරයක නිරතයි
a7036570a2	මුළු රැස්වීම සඳහා එදා විශාල ජනකායක් පැමිණ සිටියහ.
a703951f2d	පිටතින් ඇයට කැඳවූ කිසිවකුට අවනත වන
a7039690bc	එළකිරි වගෙ තිබෙන සිංහලකම
a703e5cbd3	මේ පටිපාටියේ අවසන් අදියර
a70584d1b1	ඇය මෙසේ පවස
a705da74f1	ප්‍රදේශවාසීන් විශාල පිරිසක්‌ පැමිණෙමින් සිටිති.
a706412e98	එහෙත් අප වැනි ආසියාතික රට වල
a7066da10b	කසුප් බුදු සසුනෙහි මිතුරන් පස් දෙනෙක්ව
a70689bc6a	ඉන් එකක් තමයි චරිත
a706938d8a	අඩන්තේට්ටම් සිද්ධ වෙන්නේ නැත.
a70720f858	මිනිස් සිත දේව සිතක් බවට පත්වෙනවා
a707a3b20b	මේ අනුව පුද්ගලයාගේ සහ සමාජයේ
a707d44a76	හරියට සර්පයාගේ බෙල්ලෙන් අල්ලා
a70871a4b2	ඊට පස්සේ එයා තවදුරටත් නුවණින් විමසද්දි
a708cac4c0	එසේ ඇසු විට
a708ee492f	ඒක මේ චිත්‍රපටයේ.
a70987a709	නමුත් ඒවා කතා කර
a709a07c99	මේක සාමාන්‍ය ජනතාවගේ හිතට සහ ඇඟට දැනෙන්නේ කොහොමද?
a709b6a7bd	බෝධි වන්දනය හා බෝධි පූජා පැවැත්වීම
a709ec2d5b	එවැනි ප්‍රශ්නවලට මනස ඇත්තේ ද
a70a4151d8	ඒ වෙනුවෙන් සිංහල උපසිරැසි සමඟම
a70a7a154c	සාමාන්‍යයෙන් සුදු ඉර තියෙන තැනක
a70acb4794	ඒවා ඉෂ්ඨ සිද්ධ නොකළොත්
a70b18d670	ධම්මපදය නමින් හඳුන්වන
a70b40df33	ප්‍රංශයේ පැරිස් නුවර වෙත පැමිණි
a70b42345f	අද ලංකාවෙ මුස්ලිම්වරුන්ට කවුද
a70c533453	ඇස් පාදන්න විතරයි.
a70c63820c	පහත සඳහන් සින්දු ටිකත් එකතු කරලා
a70ce7725b	ඔවුනට පුදුමාකාර ප්‍රහේලිකාවක් විය
a70d31654f	අධර්ම චර්යාව සහ සම චර්යාව යන දෙක
a70d8765f8	තුවක්කුව පෙන්නලා තග දාලා
a70dfc65d0	අහල ගං හතකවත් මං වගේ
a70e61e37b	තීරණ ගන්න තැන් වල වරදි
a70eedeaa9	හැබැයි අපි මේ ඉලක්කයට යාම පිණිස
a70f1be257	ඊට පස්සෙ දවසෙ බැලුව
a70f27f79d	diary of a wimpy kid 1
a70f95363d	එකල තරුණයින්ගේ කොණ්ඩා මෝස්තරය වූයේ
a7108129bd	ලබා දීමේ තරගයක්.
a71084957a	මෙම පූජනීය බිම අනුසස් ඇති
a7108f5f2a	ඒත් සිංහයා කියන නම
a710b366e9	ගුරා අයියේ
a710cad1c6	කටයුතු කරන අයුරු ගැන කතා කරන්න
a710cbcdac	මේකෙ මළයකෙක්නරක නෑ!
a710ecc814	වෙන සිදුවන අනෙකක් නැත
a71125be90	ඔවූන් ගේ බටහිර සංස්කෘතිය
a711b68fa3	යම් සිතක උපන් කල්හි
a711cd7758	නිවැරදි දෘශ්ඨිය පිහිටුවා ගැනීමයි.
a713e996e8	අපි මේවා බලන
a7140c8c51	ඒත් අපේම ජාතියේ එකෙක්
a7148c6673	මොකද ඒ පැත්තේ සරම් ඇඳගෙන
a714bc9679	මෙම ලිපිය සදහා එකතු කිරීමට
a714c03264	දැනගන්න විදියක් නෑ.
a71501d4a0	cricket games 2007
a7157c8e8b	එය මට ලැබුණේ මීට වසර පහලොවකට පමණ පෙර
a715aaa028	අප ලද තවත් අගනා දායාදයකි
a715b016d7	අම්මා වරුන් වෙනුවෙන්
a715c42410	නඩු පැවරීම සිදුවන්නේ
a715cee150	සිංහලයෝ ආවේ විජයගෙන් නම්
a71605c520	භික්‍ෂු පිරිස වර්ධනය වූ අතර
a7161d20b2	කිලෝග්‍රෑම් දෙකයි ග්‍රෑම් හාරසීයක් වු බව රේගුව කියයි
a716385127	තිබුණා නම්
a7172be61a	එනිසා එම ක්‍රමය
a71757d7ee	අනික් පාර හරියටම
a717d33363	ඇතැම් තාපසයන් මෙන් ම
a7187c2f92	ඇත්තටම නොපෙනී යන්න දැන් පුළුවන්
a718a4c395	king in dong yi
a718a64e46	හැඳින්වෙන්නේ කවර නමකින් ද?
a7193f9265	පුද්ගලයන් තුන්දෙනෙකු ජිවිතක්ෂයට පත්වී
a71978e7b9	ඔබ මාතර පැත්ත පළාතෙවත්
a71a036107	තීව්‍ර කෙරෙන ණය බරෙහි
a71a07739a	මේකත් බාන්න පටන් ගන්නවා
a71a2f5786	එසේ කියන්නේ
a71a54334c	අතීතයේ සෘෂිවරු යෝගආසන ක්‍රමය හැදුවේ
a71ab71cda	ඔබට පැහැදිලි වනු ඇත.
a71ac9eac8	එය මුළු මහත් සමාජයටම
a71b1eccc8	යම් අසාදාරයක් සිදු වී අති බව පෙනේ.
a71bb8875d	ලුසිෆර්ව නිදහස් කරන්න පුළුවන්
a71ce30c80	පසු කලෙක ඈ සිතුවත්
a71cf8a30b	ලලිත විස්තරය නම් මහායාන කෘතියේ ද
a71d0e955d	application letter
a71d1f2420	ඇතිකරන්නේ එහෙයිනි.
a71d5599c0	වාලඟදිම දෙන්න පුලුවන් වෙන්න
a71dfea5cc	ඒක සාමාන්‍ය ජීවිත රටාවේ
a71e446095	උඹ වගේ ගොනෙක්
a71e5d5857	අවසානයේ දැක්කේ ස්ටීවන් නැවත
a71e6a97f8	මෙහි සුවිශේෂ ස්ථානයක් ගන්නා
a71eee315f	සීන් එකට විරුද්ධව
a71f46c1c5	කළුබෝවිල රෝහලට ගෙන ගොස් ඇත
a71f7ce896	කතන්දර එහෙම ගොඩක් කියවුනා.
a7200411b8	වනෝද්‍යානයේ ජෛව ප්‍රජාව
a7203a22f2	විනෝදාස්වාදය ලබාගැනීම සඳහා තියෙන පහසුම මාර්ගය
a72049cee1	ලංකාව සිටියේ වියට්නාමය පැත්තේ
a720830f8f	වටිනාකම දැනෙනව හරියට.
a7209bba74	මෘදු බව නොගැලපේ
a720ce7f78	මිත්‍යා දෘෂ්ටික පවුලක කෙල්ලෙක් අරගෙන
a7219cb4e0	වුල්වරීන්ව එක්සේවියර් ගෙ කට්ටියට හම්බවෙන්නේ
a7220a7274	යම් කෙනෙක් සක්විති රජවෙලා උපන්නොත්
a7227376c3	සිංහල හා මුස්ලිම් ජනතාව යළි පදිංචි කරනවා
a722e41254	අවන්හලේ ආදායම
a72301904d	ඒවයෙන් ලැබෙන මුදලින්
a723098072	එතකොට අද ඔහු කියනවා
a724f2917e	ජනප්‍රිය කෙනා හොයන එකේ
a7264f6c8d	මා දන්නෙත් නැහැ.
a727408375	අවාසනාවකට ඒ විනාසය ගේන්නෙ
a7286b183a	සැකයක් නෑ ඔයාලා අනිවාර්යයෙන්ම
a7289963ce	අශ්වයින් විසින් ඉඳ හිට මිනිසුන්
a7291ec958	ඒක කරන්න පුළුවන් ක්‍රීඩකයකුටයි කියලා
a72ae4d830	අති බහුතරයක් අකමැති වුණා
a72bc57c72	එහෙම දැක්කේ නෑනේ
a72c18ffb9	ආශ්වාස ප්‍රශ්වාස එක්තරා කයක් හැටියට ධර්මයේ සඳහන් වෙනවා.
a72c235e91	අචිනි ඉතා හොඳ දැනුවත් කිරීමක්
a72c328b21	පිටකොටුවේ බෝම්බ පිපිරීම ඇතුළු
a72c4a5c06	ලුම්බිණි උයනේදී ය.
a72c76bad0	රහත් මෙහෙණිය කවුද?
a72ca369ca	ඔහු දකිනවා
a72d18deda	අතර තියෙන වෙනස කියල තේරුම් ගන්න
a72d963bf8	එම කාර්යය සාමණේර භික්‍ෂුවකට ද කළ හැකිය.
a72da4ae80	බෞද්ධ සාහිත්‍යයෙහි එන
a72df3cceb	අල්ලා ‍දෙවියන් පාලනය කරනු ඇත
a72e32984c	ගෞතම සසුනෙහි පැවිදි වූ ශ්‍රමණයන්
a72e92ae61	මට පැහැදිලිය.
a72f4f798b	විනාශ කිරීම ගැන හොඳටම උදහස් වුනා
a72f7c726c	මෙහි ඇතැම් කොටස්
a72f9207e5	ඉස්සර වෙලාම එතැනට ආපු තංගල්ල ‍පොලිසියේ අය
a72f9e89ad	incest
a7300649b3	ඔය අංකල්ට වෙච්ච දේ
a730f18c68	උඩින් වැටිච්ච එකක්ද?
a7320b1d49	ශේ්‍රණියක් පවා ඇති කළා.
a7326bbf09	මට ඉඩ ලැබුණේ ඔයාලා නිසයි.
a7327d85b0	සමාජයට සේවය කළ හැකි වේ.
a73417c7cb	නිර්වාණය දක්වා වූ ගමන් මඟෙහි
a73489aa0e	අප්පා කකා ලොකු ළමයිගේ
a734e1f30d	නැත්නම් යුද්දෙට හොඳට මැදිවෙලා
a7352796db	උන්වහන්සේ ශ්‍රාවකයෝ වන
a735746705	සර්ගේ බිරිඳ අපේ තාත්තට කිව්වා
a735c23561	එච්චරයි ගහ කොල පොතු මුල්වල තියෙන්නෙත්
a73636389b	ලොකුවට කියෙව්වට බලන්න
a7369638c1	එයට සහභාගි වී තිබෙන්නේ
a736e98d5f	වගේ අහක බලා ගත්තා.
a737090567	නමුත් ඇගේ අඟ පසඟ
a737297cab	එම නිසාම එම ගීත
a73735d1f0	උන් කෑලිවලට කපන්නේ එකෙන්.
a7373ed066	ඒ ඇල්ම ප්‍රේමය දක්වා සංකල්පගත වූ බව
a737bba69f	අර මහල්ලා අමාරුවෙන්
a7385a16b1	එතකොට මේ විපාක පිණිස කර්ම සකස්වීම නිසයි උපදින්නේ
a7388025a0	අග්නිදාහය සිහියට නැගේ.
a739f1b9b6	සිරිමා මැතිනිගෙ කාලෙ තිබුනෙ සංවෘත ආර්ථකයක්
a73a0fe5e7	තව දුරටත් චිත්‍ර ශිල්පියාගේ
a73a528a13	ඵලදායී වැඩපිළිවෙළක් වෙත
a73a7d5e52	සඳරූ වෙන රටක ඉපදිලා උසස් තැනකට යයිද?
a73ac7b03c	සංඝ සමාජය සංඛ්‍යාත්මක වශයෙන් මෙතෙකැයි
a73acdc40a	එනම් රුහුණු කතරගම මහා දේවාලයේ
a73ae7fae4	මෙම පූජනීය ස්ථානයට
a73b1f63ee	උඹ දන්න බුදු දහමක් නෑ
a73b99bc31	සමහර විට එතරම් වැඩකට නැති
a73b9f26cf	ස්ත්‍රිය සෞන්දර්ය වස්තුවක්
a73bbf1662	අල්ලපු රටේ අලුත්ම චිත්‍රපටියක් අරන් එන්නද?
a73c0160f9	දැනට වඩා හොඳ සහජීවනයක්
a73c73d96a	බෝධිපූජාව වෘක්‍ෂ වන්දනාවක් ද නොවන බවයි.
a73cd2f23a	කපලා දාලා තියෙනවා.
a73d17c0dd	හැඳින්වෙන කොටස් දෙකකි
a73d3d15fa	පුදුම කලබලයකින්නෙ දෙවැනි පොත ලිව්වෙ
a73d9a805b	අස්ගිරි විජයසුන්දරාරාම මහා විහාර දෙක
a73ddfe660	මොකද ඈ ඒ ළමයින් හා යාළුවෙන්න අකමැති වුණ නිසා.
a73e272a50	ඔක්තෝබර් නොවැම්බර් කාලය තුළ
a73e303c22	එවිට ඒ බිය තැතිගැනීම හෝ
a73e3136b1	හැම දේකටම හේතුව අනාගතේ හොයාගන්නව.
a73ed4722e	මනුස්සයගෙ බෑග් එක ඉල්ලා ගත්තා.
a73f22054f	එනම් වනාන්තර ජෛව විවිධත්වය
a73f48af33	රටේ පාලකයන්ටත් පොදු මහජනතාවටත්
a7401875d1	සජිත සිහිපත් කරයි
a74022b555	සවුදි අරාබියේ ජෙඩා නගරය දක්වාය
a74024f5c3	අනිත් උන් සමග
a740596f52	ඒකෙන් ඉතාමත් සංකීර්ණ දේවල්
a740974243	හැසිරිය යුත්තේ කෙසේද
a740a09ea9	ලමයින්ව මරන්නෙ නෑ.
a740d9dc20	ඔබේ අදහසක් තිබෙනවාද?
a741c913a2	අම්මෝ මම ඒ ලියුම සිය පාරකට වඩා
a741ed6e1e	තව පාරක් කියලා දීලා
a742274e9c	ඉබේ ධාවනය වෙමින් තිබූ එම එංජිම
a7425407c5	කර්ම, විපාක යන වට්ට දෙක පමණකි.
a742d770d7	මේක කලින් බලල තියෙනව
a742d895c2	මෙම කරුණු සම්පූර්ණ විය යුතුය.
a742e29e1e	ඔබ දන්නවද ධර්මය අතුරුදහන් වූ
a7431d4892	ෆිල්ම් එක නම් සුපිරි.
a743470fb7	ඒක තමයි වැඩේ.
a743762061	මේ ආදී වශයෙන් පාත්‍රය පිළිබඳ විවිධ සිදුවීම්
a74388bff3	අපි චාරිත්‍රයක් හැටියට සිල් ගන්නවා.
a743dcdac8	ඒවත් ඉක්මනට කියවල ප්‍රතිචාර දක්වන්නම් සහෝ.
a74424f244	අවශ්‍ය බව පවසයි
a744458e8d	අද අපේ රටේ ‍නෙවෙයි
a74449eee6	මට හොඳ අවබෝධයක් තිබෙනවා.
a744584291	එය පමණක් සලකා මොරටුවට පහර ගැසීමට
a744a483c4	ඔබගේ ව්‍යායාමය
a745506955	පුවත් ලබා ගැනීමේ අදහස
a74551d03e	මෙලෙස කලාත්මක පරමාර්ථ ගැබ් කිරීමට
a74710fbd5	ඌට දී ආපසු හැරුනේ ය.
a74733c95a	යම් ක්‍රියාවක් සාවද්‍ය නම්
a747613f90	සන්නිවේදනය පහසු කිරීමටයි.
a747ae9cd2	මෙය ද බුදුරජාණන් වහන්සේ කෙරෙහි
a74851468f	පෞරාණික ස්වරූපයෙන් අත්‍යාලංකාර කොට තිබිණ
a748a482a5	සාමාන්‍ය ළමයෙකුගේ මනෝභාවයන්ගෙන් වෙනස් වන බව අපි දන්නෙමු
a748e4e4dd	දෙවියන් දිනනවා.
a7492d1f59	ඉතින් ඔය ඔක්කොම එකතුවෙලා
a7496d9474	ආශ්වාස ප්‍රශ්වාස සැහැල්ලු වෙන කොට
a749cc5e3b	එක්කෝ අපි දුක් මහන්සියෙන්
a749fc4c79	ඩිලාන්ගේ වයිෆුත් දැනගෙන හිටිය
a74a3a808e	තරුණයකු ලබා දුන් තොරතුරක් මත
a74a6fa0ba	කොන්ඩේ කපන එක
a74ac6bde0	ඒ ගැන පොඩ්ඩක්වත්
a74b078f7f	වනු නොඅනුමානය.
a74d20a9f9	එනම් භික්‍ෂුව අවංක හා විවෘත
a74db48ec0	මේ කථාවේ ඉන්නවා සුපිරිම හොරු සෙට් එකක්.
a74ddfd042	ඔවුන්ට ඒ නිදහස තිබිය යුතුයි.
a74e3fe067	ඉතින් මේ උපසිරැසිය ඉදිරිපත් කරන්න
a74e7dad7e	අර්ථ විරහිත ක්‍රියාවක් බව මගේ හැගීමය
a74ece058f	සුවසේ යා හැකි වන්නේ කෙසේද?
a74fe8ef51	මිය ගිය ඥාතීන්ට පින් අනුමෝදන් කිරීම පිළිබඳ
a7509482c0	මහා භාණ්ඩගාරයට යවනවා
a7514929ef	ශ්‍රද්ධා සම්පන්නව දාන, ශීල, සමාධි,
a7516e6991	හරවත් නිර්මාණ කාර්යය
a751835f0a	ඒත් වෙන් වෙන් වශයෙන් තමයි
a75189c16b	කියන්නේ කෙසේද?
a751c87e59	බුදුන් දවස සැවැත්නුවර
a751e07e54	ඒත් යන පාර ගැන දැනුමක් තිබුනේ නැහැ
a751f6f8be	නලු නිලියන් රඟපෑමේ නිරත වෙනව
a75244ea79	සොයා යා හැකි වන්නේ
a7526b9187	පාපතර දේවදත්ත,
a7527b3347	පිට වුණේ නැහැ.
a75315896f	ඒකෙ ප්‍රතිඵලය දකින්න පුලුවන් වෙන්නේ
a753352fd5	පින්වන්ත දෙමාපියන්ට ය.
a75368664f	සායට ගැළපෙන උඩුකය වැස්මවල්
a753ab8f31	කතාවෙ රසයක් නැතිවෙනවනෙ.
a753ac1b19	කොමචන් මම හරිත කියන එකෙක් නෙවෙයි
a753b8c9d1	සමහර සම්මන්ත්‍රණ වලට
a75443fce4	බෞද්ධ සාහිත්‍ය අනුව
a754874978	අචිරවතී ගංගාව අසබඩ වැලිතලාවේ ඔවුන් ගිමන් හැරියා
a7551020df	ඇස් අදහාගත නොහැකි රූ සපුවකින් හෙබි
a75512bcdb	අවුල් වගේ නේද
a7551f38e8	ඒකේ දීලා තිබුණු අංකයට කතා කළා
a755344950	ලබා දෙන මැණිකට නේද?
a7566b5c1c	භාවනාව දියුණු කළා.
a756ab18cd	අටපිරිකර පූජාව නිසා අවස්ථාව ලැබේ
a756c09fa4	ප්‍රසිද්ධියේ කීවේ නැත.
a756e5c68e	ඒකායන මාර්ගයක් තිබිය යුතුය
a75718d148	බොහෝ පරිත්‍යාගශීලින් එම නිසා පෙළඹුණේ.
a7571ced7c	ladies
a75760b0c6	race 1 watch online with english sub
a757932316	සාහිත්‍ය කෘතියක හොඳ නරක සඳහා
a757b504c3	මෙහි මූල බීජයේ සිට උප්පත්ති කතාව පිළිබඳ වූ
a757c03a3f	ඉතින් මේ ඔක්කොමඑකිනෙකට වෙනස්
a759878f29	වැඩ කරන්න කියලයි එතුමා නිතර කියන්නේ.
a7599e4d82	මේක මම ගොඩක් කල් ඉදන් බලාගෙන හිටපු එකක්
a759e36488	එහෙම වෙනවනම් මම කියපු අනිත් අය තමයි කලබල වෙන්න ඕනේ බෞද්ධයින්ට ඉස්සෙල්ලා.
a75a0c9409	අධ්‍යාපන අමාත්‍යංශය සහ ප්‍රංශ තානාපති කර්යාලය එක්ව
a75a45880b	එහි දුර කිලෝමීටර් වලින් නම් එකසියහතරහමාරකි
a75ac78faa	පොඩ්ඩක් මට බැලුවද?
a75accea3c	ඒවට කිසිම සීමාවක් පනවල නෑ.
a75b541369	ඉතුරු ටික සම්පූර්ණ කරල තියෙන්නෙ.
a75b6f99f0	ඉතින් මේක බැලුව
a75b79f227	ඒත් හම්බයො මිනී මරන්නෙ
a75c843436	නවක වදේ හවුල්කරුවෙකු
a75cc6088b	ක්‍රෝධ කරන්නාට මෛත්‍රිය කිරීමයි.
a75d3a4cce	සම්පූර්ණයෙන් නැති විය
a75e236b2d	පිළිගන්වනු ලබන ආහාරයයි.
a75fa5fb71	පේරාදෙණිය විශ්වවිද්‍යාලයට ඇතුළත් වූ
a760c3165b	ගම්පොළ රජකළ බුවනෙකබා රජුගේ රාජ සභාවේ සිටි
a760f0eee7	එසේ පිම්බෙන්නේ බැක්ටීරියා ක්‍රියාකාරීත්වය නිසාය.
a7611e7484	වර්තමානය දක්වා ම
a7612db7fd	සිතාසි නිකුත් කෙරිණ
a76193ad94	අනුරපුර වැඳපුදා ගන්නට එන අය සැබැවින්ම සිල්වත් විය යුතුය.
a762135370	අතිශයින් ශෝක කළා වූ උපාසකයා,
a763e8470d	සාධකය ඉවත්කොට කියැවීමට ලක් කරන්න .
a76409595e	ඊට පස්සේ තමා
a764181d13	වැඩේ කරල තියනවා.
a7645e6bd1	කෙළවරක් නැති ලෝලත්වය ඇතිකර ගනියි.
a764652b7b	බෞද්ධයා සතුව පවතිනවා යයි
a764652dcd	ඒ ඇමතුම ලබන්නාගෙන් නම අහගන්ටත්
a766c6ef37	තම තමන් තුළ ධර්මය ගොඩනැගීමෙන් විතරයි.
a766f50160	මෙයින් ධර්ම දානය උතුම් බවත්
a767632275	මහ වනය මැද දෙව් පිරිසක් අරභයා
a7676b1d91	pannasonic md 10000 camcorder
a768494af3	ගම්වැසියන් නිදා සිටිද්දී
a76851e341	cyclone
a768528bee	පරංගි ලන්දේසි තමයි
a7685c3c58	බුදු දහමේ කිසි විටෙකත්
a768a86c39	මනුෂ්‍යයන්ට විතරයි.
a768c1b267	සෙට් එකේ කෙනෙක්.
a768e92779	සටහනක් නොතබාම පෘතුවිය හැරගොස් ඇති බව
a7691bf077	ජනතාවට විදුලිය කප්පාදුවකින් තොරව ලබාදෙන බවයි.
a76925ba12	දැක්කේ දැනුයි.
a769653b20	ඒකට වටිනාකමක් දෙන්න පුලුවන්
a769f1f640	ධර්මය විසින්ම ධර්මය රකින්නාව
a76a17bb5b	භික්ෂුන් වහන්සේ වෙනුවෙන්
a76aa61fe8	ගියා වගේ මතකයි
a76aaba11d	පාඨකයා තුළ ශ්‍රද්ධා භක්තිය ජනිත කරයි
a76af76aee	නමුත් ඒකත් කරන්නෙ
a76b286735	නීති විද්‍යාලයේ දැන්වීම් පුවරුවක පමණක්
a76b297b33	අපිත් කැමතියි සාමයෙන් එකමුතුව සිටීමට
a76bc91b7c	එතන කොළඹ නුවර පාර අයිනෙම
a76bedd586	සෝම නම් නුවර සෝමවතිය මහා සෑය ඉදිකරවන ලද්දේ
a76c1048e9	එහෙයින් අධ්‍යාපනය සමිබන්ධව
a76c2f03da	සමූල ඝාතනය කළ යුතුයි
a76cb66c71	බුදුදහමෙහි
a76cd45f97	බෝසත්හු වජ්‍රාසනයේ සිටම
a76d01007e	මෙහිදී බුද්ධිමත්ව සරලව
a76d262934	ඒ වෙනුවට දිය පුරවා ගනිමින් සිටින්නීය
a76d49b8af	අභිමානවත් මතකයකින් පුරවාලූවා.
a76d5b8d59	fat
a76dba93c8	ඉස්තූතියි
a76dd39531	එයාලා ළමයින්ගෙන් අහලා
a76e045fb6	වර්ධනය නොවන ආකාරයෙන්
a76e0c4d10	කියලා දන්නේ නැති නිසාම
a76e23e4c3	අපි කලබල වී බැලුවෙමු
a76e3bc7e9	ඔවුන්ගෙන් දිර්ඝ කාලීනව පැටව් ලබා ගැනීමද සැක සහිතය
a76e7511ae	බලහත්කාරයකින් නවතනවා කියන්නේ
a76f96f26a	ඉදිකිරීම් කටයුතු හම්බන්තොට සිට මඩකලපුව දක්වා
a76ffba1ce	අවබෝධයෙන් නොවේ ය කියන කාරණාව යි.
a770354bca	ඒත් ඉතින් පැමිණිලිකාරියගෙන්
a7703d9702	අහ්මෙදාබඩ් කියන ගමේ සිටින තරුණයන්
a770ec3a24	ගෙන්න ගන්න තමයි උත්සාහය
a770eead4c	අනේ අම්මපා තොපි වගේ එවුන්
a770f4d983	hidden objects
a7717759c3	ව්‍යාකරණ පොතේ හැරෙන්නට
a771ade6eb	එක්ක සම්බන්ධයක් තිබ්බ හින්දා.
a771fbea75	අනිත්‍ය වූ අරමුණු දැනගත යුතුයි.
a77373d146	උඹල හැමදේම කියන්නෙ
a7738713dc	අපගේ මීළඟ ප්‍රධාන ප්‍රභවය වන
a7753c4989	නත්තල් අලූත් අවුරුද්ද වැනි උත්සව අවස්ථාවල
a775481dde	හැමෝම සතුටින් විවාහ උත්සවයට ලෑස්ති වෙනවා.
a7760a513c	මෙහි මැදියම් කිස හෙවත් මධ්‍යම රාත්‍රිය
a77670d4ec	අච්චර උතුම් මිනිසකු වන ජේසුස් වහන්සේ
a776775d84	sujatha diyani teledrama
a776e46ee8	අප විසින් ගොඩනඟා ගත යුතුය
a776e543b5	හාමුදුරුවන්ගේ මේසේ ඉදිරිපිට
a776eafb18	දැනුමට ඔහේ බනින
a77784cada	අත්අඩංගුවට පත් වෙනවා
a777868fd3	මේක ලියපු ඉන්දික වත්
a777c74b93	පොළොන්නරු යුගයේ
a778a19cfc	දේපළ ද හිමිවන්නේ ඔහුට යි.
a779bdcd6f	එවැනි දරුවන් බුදුන් වහන්සේ හැඳින්වූයේ
a779cf3b16	මුස්‌ලිම් ළමයි විසි දෙනෙක්‌ සමත්වී තිබෙනවා
a77aafec31	මහා නා හිමියන්ට නිතර වෛද්‍ය ප්‍රතිකාර ලබා දෙන
a77b17d11e	මේ ලෝකය පවත්වා ගන්නට
a77bb6a5ce	ඉක්මනටම දෙන්නම් නේද?
a77be04d92	දිනකට පිළිකා රෝගයෙන් හතර දෙනකු
a77beac4a9	සකසා ඇති නිසා
a77c1751bc	සහභාගි වෙන්න එපා කියලා
a77c297751	එහිදී මා හට ප්‍රත්‍යක්ෂ වූ කරුණු
a77d34cd62	ඉහළම මානසික පිබිදීම විදහා දක්වයි.
a77d5dd8cb	එසේ සිල් රැකිය යුතු බවයි.
a77e60eb9b	මෙහි විහාර මන්දිරයේ නිර්මාණය කර තිබෙන
a77eb54a14	මේව සමහර විට
a77f8dfb63	නමුත් එම බොහෝ රටවල
a77fd05af1	අදාළ චෝදනා සම්බන්ධයෙන් ඉන්දීය පාලක මණ්ඩලය
a77ff126c9	පසුගිය කාලයේ වාර්තා වූ තොරතුරුය.
a78069ffda	රැකියා ස්ථානයේ ප්‍රධානීන්ගේ සහයෝගය ලබාගත හැකි අද දින
a78091b5fb	ඔවැනි බාහිර දේවල් සොයමින්
a78095a44b	ඊට අමතරව අනෙකුත් ප්‍රදේශවල
a780ca0728	ඔහුට ඔච්චම් කරන අතරතුරේ
a780cfa358	අපව දැනුවත් කලාට.
a780f22561	එවැනි කාලයක
a7819b1d1b	බොරුවෙන්, වැළකීම, සත්‍යවාදී වීම,
a781ac9da9	මිනිසුන් සිය දහස් ගණනකගේ මොලය වෙහෙසීමෙන්
a781f6be25	micheal obama
a78200aa61	සල්ලි නැති වෙනවා
a7822ff034	මේ දෙදෙනාගේ ආදරය නතර වුණේ නැහැ.
a78240dff4	පාලකයන්ගේ හා අදාල බලධාරීන්ගේ කඩිනම් අවධානය
a7826642d0	අඩුවෙන් නිර්මාණය වෙමින් තිබේ.
a7826650dd	විය හැකි ප්‍රවෘත්ති වැඩියි.
a782cc0b9a	දිට්ඨාසව නම් වේ.
a7836658e1	මේ අපා දුකෙන් මා ගලවා දෙනවාද?
a783e5a2e2	කාටත් දැන් පැහැදිලිය.
a783f42c3f	උපසිරසි නිකුත් කරලම නෑ.
a784a1cdb6	එවැනි අය තුළ
a785934c3e	මා නැවත කිව යුතුයි.
a785f7a7f7	ලස්සනයි දැන්නේ දැක්කෙ
a786750098	අපගේ විශ්වාසයයි.
a78685b960	ඔහු හිස් අහස දෙස බැලුවේ ය.
a786ba492a	සම්මා දිට්ඨිය හරියට තිබුණොත් තමයි
a786e5932e	කට්ටියක් එනවා.
a786ee5db8	තෙල් නිෂ්පාදනයත් සමග
a7870835dd	දැනට වර්ෂ 13 කට පමණ පෙර
a787d2e3a5	මෙලෙස යහපත් මිත්‍රත්වය තුළින්
a788213265	වසර තුන දක්වා සිරදඬුවම්
a7883e93e1	පැවිදි ජීවිතය මෙන්ම
a788c6a7e1	ඉතින් බුදුරජාණන් වහන්සේ දේශනා කළේ මොකක්ද?
a789d29476	නොසෙලවෙන මහා බල පරාක්‍රමයක
a78a7696de	යශෝධරාව ඉතිහාස ගත වෙලා තියෙන්නේ.
a78acd182f	අපිට ඉගැන්නූවා.
a78af3a240	සිංහල ෆොන්ට් එක හදන්න නම්
a78b79bd59	පැදුරු හෝ යම් ඇතිරිල්ලක් එලාගෙන
a78bc35872	මේ කාරණාව වටහා නො ගෙන නම්
a78bff7c60	මේ නිසා අසත්පුරුෂ ඇසුර
a78c392183	ගොඩවාය සෙල් ලිපිය
a78c5aa770	photoshop cs5 keygen generator
a78c8a4029	ඔය තර්කය වලංගු වෙන්නේ
a78cd52633	දැන් ඔය හිනා වෙවී කියන්නෙ
a78cd792b8	ඒනිසා එයා උසාවියේ නඩුවක් දානව
a78cf30e9f	අනිවා බෑමක් මචෝ
a78d064b3e	කීර්ති ප්‍රශංසා පසුපස හඹා යෑම
a78d12cd39	උත්සහ කරන්නම්
a78dac9698	වැසි පොද වැටෙන පරිදි දිය කැපීමේ මංගල්‍යයකිනි.
a78dc07cb6	ඔය උතුරු කොරියාව එහෙම
a78ddcfac5	රූපවාහිනිය නිසා අද ගමේ පන්සලෙන්
a78f22c806	ඒත් ඉතිං මට පුළුවන් හැම වෙලාවකම
a78f68f6b8	නිරයට යන වැඩපිළිවෙළ සකස් කිරීමයි.
a78fa51e42	දකුණට හරවන ලද ජීප් රථය
a7908fb470	ඔන්න අද තමා
a79162b35f	දෙස් විදෙස් සංචාරකයන් ගේ
a791acc03a	එය සුළු සැත්කමකි
a791daa176	එම දරු උපත
a79301054a	මට නම් වැදගැම්මකට නැත.
a7931cafba	මුලින්ම කිව යුතු යි.
a79370e6e6	මගේ පවුලේ අයෙකු
a793e9916c	අභිෂේක ලබා
a7949a568a	ප්‍රතික්ෂේප කිරීමයි
a794d19790	නොවන බව කවුරුත් තේරුම් ගන්න ඕන.
a7951e03d7	බෞද්ධ විහාරස්ථාන ඉදිකෙරිණි.
a7954fd4a4	වැඩි අවධානයක් යොමු කළ යුතු බවද පැවසෙනවා.
a7956c9c53	ඔවුන්ගේ සිත්වල පවතින දහම් ගැටලු
a7957688f2	ඒවායේ නියම කරන
a7966b51ad	නැතහොත් චීනය බුදුදහමට බලපෑවේ ද යනු යි.
a79674ab93	බිලී සහ ඔහුගේ පිරිවර
a796c74280	sap
a796fea5f2	පන්සලට හෝ ආවාසයට වී
a7972cdfc9	blog names
a7973a6311	ඒත් තලප කන්න
a797490ccb	උබලගේ සුදු සියලගේ ගෙදර
a798406bf6	මේ හත්වැනි මකරන්දයට පැමිණි
a79841c7b2	පොහොය දිනයේ
a79879d909	එකක් හා එකක්ද ඇත.
a798abca32	ඔබ පිළිගන්නවාද?
a798fb2f2d	එසේ එවැනි වීර කමකින්
a7991d4b0d	අයත් ඉන්නවද ?
a7992893cd	එදා රාජ්‍ය අනුග්‍රහයෙන්
a799321db9	අනුලා දේවිය ඇතුළු පන්සියයක් පමණ වූ කාන්තා පිරිස
a79953b270	දේශීය ජනතාව නොදැන සිටීම යුක්ති යුක්තය.
a79a0677f8	ප්‍රතික්ෂේප කිරීමයි
a79a4a6b52	ඇස් පිය නොහෙළා බලා සිටියා.
a79a589a7b	වයිරා පිස්සු හැදිලා මියයයි.
a79b0a32af	තවමත් හඳුනාගෙන නැත.
a79c050a41	පේරාදෙණිය සරසවි සිසුවා දිවිනසා ගැනීම
a79cb9e5f5	එවන් රාජ්‍යයක් උදෙසායි
a79d7f6924	පැවිදි වෙයි කියලා බය වුණා
a79dc85692	වරදින එකක් නෑ.
a79e690061	තියෙනවද කියලා හොයලා බලන්න
a79e9ac301	කතා මාලාවම ගන්න වෙනවා.
a79f7bade3	අපට වෙනස්වීම යන්න
a7a02c574e	යන දෙගිඩියාවෙන් ඉන්නෙ.
a7a0dd33c0	ඒත් මම ආරාධනා කරනවා
a7a11cd005	මෙහි එන සමහරුන්ට
a7a12a9703	තවම හඳුනාගෙන නැහැ.
a7a2c8c175	ස්වර්ගයට යන මාර්ගය ඇති බවද
a7a2f9a1cf	වෙඩි තියපු හැටි
a7a31d52b3	gmail login password
a7a336f753	සුභද්‍රගේ කථාවෙන් පැහැදිලි වෙයි.
a7a3819644	ඇයි මේ විදුහල්පතිවරු කඩාපැනල
a7a38331e5	එම පොත අලෙවි කිරීමෙන් ලද
a7a3ac5f5e	ඒ නිසා බොහෝ විනාශයක් ඇති කරවීම කෙරෙහි
a7a3e0ac9b	සෝම නම් නුවර සෝමවතිය මහා සෑය ඉදිකරවන ලද්දේ
a7a4414a05	ඔක්කෝටම ඒක උඩ නඟින්න
a7a4e7f697	සිදුකළ අධිෂ්ඨාන පහක් පිළිබඳව සඳහන් වෙනවා.
a7a50876a4	free games download for windows 7
a7a5499e99	පසුගිය මාසයේදී පැමිණියේ
a7a5bb60bc	පුද්ගලයා උසස් හෝ පහත් වන්නේ
a7a69e622e	මොනවා හරි කරන්ඩකො
a7a6f3e909	බේරීමෙහි දී සාර්ථක විය
a7a725617e	වසරක කාලයක්‌ වෙනුවෙන් පත්කර ඇති බව
a7a735e91e	විද්‍යාඥයන් පවසන්නේ.
a7a765cc43	බෞද්ධ සාහිත්‍යයෙහි සඳහන් වන අන්දමට,
a7a7e60d99	මෙම මුදල් වලට අමතරව
a7a7e6dc20	එවැනි වචන සිදුකිරීම
a7a7f9ea01	අනෙක තමයි
a7a80bc25f	මේ හොඳ නරක පදනම් කරගත්
a7a8546c64	house plan software download free
a7a8646a00	පස්සේ මගේ රඟපෑම්වලින්
a7a8efce37	දකුණු පළාතේ සිංහලයනි
a7a901577f	ඔය ඇගිලි ගහන යන්තරේ හින්දා
a7a9019d75	චන්දි නායකත්වය දරනවා නම් හොඳයි.
a7a9f6d444	ඔහුගේ ඊළඟ කෘතියට
a7aa232ddf	කවදාවත් අමතක කරන්න බැහැ.
a7aa43309c	මූලධර්මය එක හා සමානයි.
a7aa4af2e9	අම්ම වීර මාතාවක්
a7aa97a0e7	මෙතනින් කියවන්න පුළුවන්.
a7aac90c73	උං බොරු කියල මුලින්ම කියල තිබ්බ
a7aaf5fd5c	සකල නිමැවුම් කට අරින කල්හි
a7ab1272c5	යන නම ඇහෙන කොටත් කේන්ති යනවා.
a7ab2459aa	අන්න ඒ පැහැදීම තමයි
a7ab3ee2cb	මොකද ඇත්තටම මම හිතුවෙ
a7ab4eb202	හාමුදුරුවෝ මේ විරෝධතාවය සංවිධානය කළාටත්
a7abac9883	what is phillipene phone code
a7abc03cfc	නමුත් එතෙක් මෙතෙක්
a7ac6be0af	එහෙත් එම සිදුවීම පිටුපස වූ
a7ad1c77f5	ඉගෙනීම් කටයුතු වලට මුල් තැන දිය යුතුය
a7ad65a5b8	වාසය කරන බවයි.
a7ad683fdf	හේතුව දක්වා ඇත.
a7ad87a50a	අපේ සමාජය ද
a7ad9813c4	මේ තරම් දීර්ඝව සාකච්ඡා කළේ
a7adb23573	සකස් කරන්නට යෑම ධර්මානුකූල නොවනු ඇත
a7ae70951e	රැකියාවල නියුතු අයට යහපත්වන අතර
a7ae8f95aa	එය ක්‍රමයෙන් ගිලිහෙමින් පවතින අතර
a7ae98fe31	නීච දේශපාලනය නම් මට කරන්න බෑ.
a7aea35746	දම්සභා මණ්ඩපයක්
a7aed1418f	මියගිය පුද්ගලයාට කරන සැබෑ ගෞරවයක් නම් නොවේ.
a7aed24ba2	තිස්ස හඬ නොනගා හිතෙන්
a7aede4ea1	වැඩ කරන්න එපා
a7aefd1caf	ඒත් ගිගුම් කවදාවත්ම
a7aefe938c	අත්‍යවශ්‍ය වන්නේය
a7af0a3b86	උමගෙ ආරම්භයත් අවසානයත් එක මට්ටමක පිහිටලා තිබීම නිසයි
a7afb78a5f	යම් ක්‍රියාකාරකම් නිර්මාණය කොට
a7afff28a5	වැල්ලම්පිටියෙන් අංගොඩ රාජසිංහවිද්‍යාලය ළඟට ආවා
a7b02f4fb3	අනිත් සිදු වීම් ගැන
a7b031a04b	අපේ මව්බිම ආක්‍රමණය කරන්න එනවා
a7b043b207	මෙම ධාර්මික රජතුමා
a7b05d1c8a	ඈත්තෙම නෑද්ද හෑබෑට?
a7b079b524	ඔබට කීම මිස
a7b0ec7f56	ඒක නිවැරදි කරන්නයි
a7b1369ef0	නිවන අවබෝධ නොකළ
a7b1451d11	ඒ භාග්‍යවතුන් වහන්සේ මුණගැහුණු බොහෝ දෙනා
a7b1a4b003	ඉංග්‍රීසි ගුරුතුමියක් හිටියත් ඇගේ නම දන්නේ නෑ.
a7b26516bc	දියවන්නා ඔය තරණය කළ
a7b3057904	construction safety plan
a7b3f64aca	වේශ නිරූපණයකින් පවා වෙනස් වෙයි.
a7b4d40596	හැබැයි ඒවාගේ ණය වාරික පොලිය
a7b4dd357e	සන්සන්දනය කරන්න මේක පාවිච්චි කරන එකේ
a7b50625f7	සමථයක් සඳහා දිනයක්
a7b5ee204a	ස්වාධීන බ්ලොග්කරුවෙකුට
a7b62199c3	එක ගල් කුට්ටියක් කිලෝ ක් ක් පමණ බරින් යුතුවිය
a7b674d616	දේශපාලනය කරලා.
a7b67ba13b	බොහෝ දේ අලුතෙන් හැදුනා
a7b67dd215	පුද්ගලයාට අත්වෙයි.
a7b67f2181	ඒ කාලේ අම්බානක පිහිට වෙලා තියනවා.
a7b6d1a6cb	එයාගේ අම්මගේ සතුට
a7b6eb6a6b	උත්සහ කලොත් නරකද?
a7b6ee6449	එතුමාගේ නමේ මුලට පණ්ඩිත කියන නාමයත් තිබෙනවා
a7b7234851	මතගැටුම් ගෙන දිය හැකි දවසකි
a7b77b556a	නිතර කල්පනා කළ යුතුය.
a7b8092f09	මම හිතුව
a7b80dce3f	යැයි පැවසීය.
a7b83b29b6	driver scanner 2012 torrent
a7b847f7ea	එය එසේ සිදුව ඇත්තේ
a7b8ae1e5a	රන්දිමා තමයි.
a7b8e9f846	ඒකට කියන්නේ
a7b993f058	මේ කල්ලිය මෙහෙයවන්නේ.
a7ba1b86f1	එකේ තියෙන කාම වර්ග ලස්සනට කියයි.
a7bad65b09	එක තමා තියෙන්නෙ.
a7bc227c04	ළඟට එන්නේ නෑනේ.
a7bc667309	තෝරගෙන ඉන්නේ ඇයි?
a7bd01f4cd	කතාව කියලා යන්න ඕනෙ වගේ ගතියකින්
a7bd04affd	මහරගම ධර්මායතනය මහරගම ධර්මායතනයේ දී
a7bd30b4fd	කොතැන හිටියත් ගමේ පාසලටයි යන්නේ
a7bd51cb7d	ලෝකයට ප්‍රදර්ශනය කළ බව අමාත්‍යවරයා පවසන්නේ.
a7bdf31894	ඒත් හේතුවාදියො කියනවද
a7be4689ee	සහීඩ් අෆ්රිඩි කරච්චි ගුවන්තොටුපලේදි
a7be658f62	මේ ලිපියම එළකිරි ඒකේ කියෙව්වා.
a7bebd1038	බෝර ගල්කටස් වර්ගයේ ගිනිඅවියකින් පිරිසට වෙඩිතබා ඇත
a7bfcda5fb	ස්තූතියි කමෙන්ට් එකට
a7c08850b8	සුදුස්සන් නොවන විශාල පිරිසක්
a7c16e9d2e	එම ස්වභාවික සාධකය
a7c17174a4	ඒ තැනැත්තා කෙරෙහි උපේක්ෂාවෙන් බැලීමයි
a7c173a54b	ජීවිතයේ සාර්ථක වෙන්න
a7c180747a	බලාපොරොත්තුවක් නෑ
a7c1ddad8e	මේ අයගේ ඇස් පාදා දෙන ලෙසයි.
a7c245dcf1	මේ සියල්ල අනිත්‍යය, මොහොතෙන් මොහොත වෙනස් වන සුළුය.
a7c2f57cba	ආපසු තිරික්කලයෙන් වැඩ
a7c348d81e	එක ගන්න ඕනි.
a7c38f77a9	එම විරෝධතා පාගමන සිදු කෙරුණේ
a7c3c03a2a	පවුල සම්බන්ධයෙන් ඔහුගේ බලය වගකීම ප්‍රකට කරවයි.
a7c442df7e	එබඳු මහත් වීරියකින් යුතු ඤාණවන්තයන්
a7c4c2c3c1	උන්වහන්සේ වෙත පැමිණියේය.
a7c5c4abc7	අද ඉන්න තැන දැක්කම
a7c5d7b721	විශ්වයේ ඇති ස්වාභාවික දේවලටය.
a7c6db00f2	තනිකරම පරිසරය වෙනස් නේ?
a7c70a901b	කොච්චරක් වෙයිද කියලනම්.
a7c753b52f	උසුරුවනු ඇසෙන ගාථා හා පාඨ කිහිපයක
a7c7d47ea6	මේක බලලා ඉවර වෙද්දී
a7c7ea7814	අපි තාම ඒ දේවල් අඳුනගෙන නැති නිසා
a7c844cb56	එනම් ප්‍රකාශිත ධර්මයෙහි ගුණ කල් නොයවා
a7c8913de1	එකියන්නේ මේකෙදි තමයි
a7c8d120b3	අනෙක තමයි මේ රටේ
a7c958ac67	පරිවර්තනය වෙන්නේ නැහැ.
a7c96455c7	ඔය පැන්නේ ආච්චිවත් විකුණගෙන අනේ
a7c98743ec	එනිසා මේ මොහොතේ
a7c9b603f1	sim recovery tool
a7ca2b2233	භාවනාවේ උපචාර සමාධියට පත් වුවහොත්,
a7ca70da87	නමුත් එයින් පස්සේ නම්
a7ca83144c	ඉගෙන ගන්න ළමයින්ට ගොඩක් වැදගත් වෙයි.
a7cb782f58	උපදින ස්ථාන පිළිබඳ
a7cb8d411d	ජීවිතය දිහා නැවත හැරී බලන්න
a7cbce9575	මුලුමනින්ම විනාශ වෙනව.
a7cbfa1a64	කිසිම රණශූරත්වයක් නැති රූකඩ කීපයක්
a7cc6f476b	එය සත්‍ය සොයා ඉඩිපස් යන ගමන
a7cc6f5294	මා දකිනා අයුරින්
a7cda96f41	ඒ සියල්ල ධර්මයෙන් ලැබිය හැකි
a7ce31bc85	සසර දුකින් මිදී
a7ce4b6818	කාලය සහ අවකාශය හරස්වීමය.
a7ce4dec9b	ප්‍රණීත ආහාරපාන නොඅඩුව ලැබුණා.
a7ce9abfe5	සිදුවන්නේ ය.
a7ce9c782e	ඔබ පොන්සේකාට කඩේ යන්නෙක් නොවන බව
a7cfb5da95	අපහාස කරන එකයි නරක
a7cfd5f86a	එම ඉදිරිපත් කරන විදිහ නිසා.
a7d0596c8a	ඒක ආවායින් පස්සෙ
a7d0cb7885	අපි මහ ලොකුවට කෑම කන්දක් ගොඩ ගහලා
a7d1568f49	අපි ජනතාවට පෙන්විය යුතුයි.
a7d18f9f74	රන්බීර් කපූර් ප්‍රියංකා චොප්රා සහ සයිඩ් ඛාන්.
a7d1aab6a9	මෙම කෘතිය කියැවීමෙන්
a7d1b4cf5f	මම පගාවට බොරුවට සහ වංචාවට විරුද්ද නිසා
a7d1f3b0b7	pathum rukshan
a7d2f346f6	ආහාර ලබාදීමට
a7d3045d02	tv shows
a7d30fbd17	අපරිමිත බුදු ගුණ
a7d30fc774	සියල්ල කණපිට ගහනවා.
a7d312004e	රජතුමාද බුදුරජාණන් වහන්සේව සොයාගෙන පැමිණියා
a7d323c8f3	එසේනම් එතෑන තියෙන්නේ
a7d37bb311	අවශ්‍ය පන්දු යවන්නන් පාවිච්චි කරන්න.
a7d3cd3c41	අන් අය සමඟ සබඳතා පවත්වයි.
a7d49ae69c	ලිපි ලිව්වා.
a7d4a79ed0	එහි සිටි ඇටිකුකුළෙකු වේගයෙන් පාත් ව
a7d4aa533e	හිඟුරාණට යන්නෙ
a7d63967be	අද ඔබට වාදයකට නොව
a7d67690b3	අපේ දවසේ ගමනාන්තය වුනේ.
a7d6899c94	ඇඟිලි ගහන එක ගිහියන්ගේ වැඩක් නෙවෙයි.
a7d68f4fe2	දල ලෝම සහිත පනුවන්
a7d69603c4	ඔබ ඒ චරිතයේ
a7d7704bf7	ඉන් එහාට පැහැදිලිව මුකුත් පේන්නෑ
a7d83c1488	යෝග ශාස්ත්‍රයේ රෝග නිවාරණය යනුවෙන් හඳුන්වන්නේ මෙයයි.
a7d8a40b66	හැමෝටම සුරංගනා කතාන්තර කියන්න පුළුවන්.
a7d905e5db	මානසික ආතතියකින් පෙළෙන කෙනෙක්
a7d99b7d1e	මමත් ඒ සඳහා සූදානම් වෙලා හිටියා.
a7da6756fa	එස්.ඩබ්ලිව්.ආර්.ඩී .බණ්ඩාරනායක
a7da879101	ඊට අමතරව කැසිනෝ නියාමනයට
a7da9aa944	අනුන්ගේ වැරදි කීමට පෙර
a7dc39ec3b	එම නිලධාරින් වැඩි දෙනෙකුගේ අදහසයි.
a7dc3ffa13	නූතන කාලේ ඒවගේ සංවාද
a7dd071e11	ස්ත්‍රීන් සහ දරුවන්ගේ අයිතීන්
a7dd0fb65c	අප කවුරුත් මෙන්ම
a7dd4c29ae	මං සෑහෙන්න උපදෙස් දුන්නා
a7dd976b1f	බුදු දහමින් පෝෂණය ලැබූ සාහිත්‍ය අතර
a7dddca43a	එය බස්රථ සේවකයාටත් මගියාටත් ගොඩක් වාසියක් වෙනවා
a7de9b2c90	තෑන්ක්ස් වේවා.
a7deba31c1	ඕනවට වඩා හිතන්න එපා.
a7deebd223	ඊළඟ වාරයේදී සිසුන් තම ආයතනය තුළ ලියාපදිංචි වීම
a7df33815d	මම හොඳට දන්නවා
a7df51c5a9	එම නිසා දුක් සහිත ආත්මවල
a7dfeef399	උත්සාහ කළ යුතුව ඇත.
a7e07b06b9	ඉන්දියාවේ හිමාලය ලොව විශාලතම කඳුවැටිය
a7e0a3fa06	මොවුන් දෙදෙනා
a7e139cd68	අද මෝටර් සයිකල් බට්ටා වාහන කොතරම් විකිණෙනවද
a7e17ce128	කියල දැනගන්න බාගෙනම බලන්න වෙනව
a7e19e0bd7	ඕනෙම පාරක බයික් එකේ
a7e1c22693	ඒකෙ තියෙන්නෙ
a7e1c275df	මේ නිසා එතෙක් හිසමත පටවාගෙන තිබූ තෘෂ්ණාව
a7e1d9733a	අනතුරුව සිරකරුවන්ට තම හිතවතුන් වෙතට යාමට අවස්ථාව ලබාදුනි
a7e2433af8	හරක් කිරි නොබීම හිටියනම් ඉවරනේ.
a7e2857730	නියමිත ක්‍රමවේදයක්‌ තිබෙනවා.
a7e2bc35b0	කතාපුවත් දෙකකින් ඉහත ගෙන හැර දක්වනු ලැබිණි.
a7e2dbf806	east india tamil
a7e30a6b5f	ඉන්පසු සිරගත වීමටය
a7e3a43660	තාක්‍ෂණය අපේ සියල්ල ආක්‍රමණය කළා.
a7e3f3cfca	මේසේ නොකලොත් අනාගතයේදී මේ යෝද හමුදාව නඩත්තු කල හැකිද?
a7e439f7ef	යළි යළිත් සලකා බැලීම වටිනු ඇත.
a7e488d4f9	දේශීය හා සාම්ප්‍රදායික ඒවා අතහැරිය යුතු ය.
a7e497304b	ඔවැනි දේ දුරු කිරීමෙනුයි.
a7e4a3fde9	සෝවාන් උත්තමයයෙකුට දෙන
a7e553b89e	ඔන්න රාලහාමි
a7e5eeb754	එම වෙබ් අඩවි හෝ
a7e60dd1da	අත්කර දීමට
a7e646a56b	මට එහෙම කියන්න ඕනෙ
a7e64f7450	එම පැරණි වාරි ව්‍යාපෘති
a7e75dadea	ගොඩනැඟී ඇත්තේ මුලාව නිස යි.
a7e76637be	ඉහත සඳහන් කළ රචනාවන්හි කවියා
a7e783cc1d	කකාට එන්න කිව්වෙ නැද්ද හම්බවෙන්න?
a7e84ca197	එමෙන්ම නුසුදුසු ආහාර නිසා ද
a7e9d04d5c	කායානුපස්සනාවේ මුල් පියවර කිහිපය හඳුනාගත් යෝගියා
a7ea90629b	අනෙක කලාව
a7ea9a2580	කරුණු රාශියකි.
a7eb292404	අප බටහිර විද්‍යාවට එසේ කියන බවයි
a7eb5077ce	ගණන් නොගෙන ඉන්නවා
a7eb52fffb	තිස්ස විදේශගතව බොහෝ කලක් සේවය කළේය.
a7eb814846	මැනවින් ප්‍රගුණ කළ යුතුය.
a7eba5fce6	බුදු රදුන් විසින්
a7ecab308a	එම මැතිවරණ ප්‍රකාශනය
a7ee2c9d36	ඒත් කෝ ඒ රකින බුද්ධාගම
a7ef5dcb67	ඊට පස්සේ ඒ අය ඒ අයගේ න්‍යාය පත්‍රය
a7efa83c19	මටත් සොරි වෙන්න ඕනෑ.
a7f046ef7a	එතැනින් අහගෙන ගිහිල්ලා ඒක මෙතැන කියන්නේ නෑ
a7f0a2a381	චිත්‍රපටිය බාගෙනම බලමු නේද?
a7f1273a2a	ආර්ය අෂ්ටාංගික මාර්ගය බව
a7f1d6592a	අධ්‍යාපනය පිළිබඳ මුල් අවස්ථාවේදී නිවැරදි තෝරා ගැනීමක් කළ නොහැකි වූ අය
a7f2027dae	ඔවුන් මහා පුණ්‍ය ශක්තියෙන් ඉපදුණු කොටසකි.
a7f27318c6	අද නායකයන් සම කරන්න යන්නෙ
a7f27647c4	online shopping philippines
a7f2c6ddc9	තමාගේ හිත කය වචනය වැරැදි වලින්
a7f2da1ebd	අවිනිශ්චිතතාවය භාෂාවට පිටින් පවතින
a7f2eefa65	ඔබට එසේ අපහාසයක් ඇති සේ
a7f3f88c50	මරු බයිස්කෝප් එක.
a7f429cc97	ජනතාවට පින් වැඩිවීම අරමුණු කොට
a7f48e370f	තමන් දමනය කැර ගනිති.
a7f4d9d04b	එතකොට තෝ කියන්නේ
a7f4ee73f9	එවන් යෝජනාවක් කිරීම කර්කශ ය.
a7f56b83b6	ප්‍රදර්ශනයට සහභාගි වී සිටි
a7f5c158fc	සැබැවින්ම හිටපු ජනාධිපතිතුමා
a7f68e8f95	ඈත අතීතයේ සිටියාලු.
a7f69d7df9	ගොවිපලක් කියන්නෙ
a7f716eab7	සාකච්ඡාවේ යම් ප්‍රකාශ වලින් තහවුරු වෙන්නෙ.
a7f82b0dfd	සතු‍ටු වීමේ සතිය උදාවී ඇත.
a7f8429c94	මොහොමඩ්ගේ ඉතිහාසය ගැන අපි දන්නවානේ
a7f8fba2da	මෙහෙම සිහිකරල ඒ කෙනා නුවණින් බලනවා
a7f91a9f7a	බලපෑමක් කල හැකිය.
a7f92dbdff	අර නලින් සිල්වා කියන කතාව
a7f954cb7b	ඒක පහුවෙද්දී දැනෙනවා කිව්වේ
a7f9d5aca1	මොන කණ්ඩායම බලයට ආවත්.
a7fa39171f	අකුසල් බුදින්නාත් අද එනවා
a7facb28d0	තිර අරමුණක පිහිටි සිත නොවෙනස්වම
a7fb21e0c5	මෙරට ජනතාව
a7fb4486cf	මිය ගිය කල ඔවුන් දේවත්වයේ ලා සැලකූහ.
a7fb71a7e8	හාමුදුරු කෙනෙක් වෙන්නේ
a7fbe1ecd3	ඒ පැත්තෙ එක කකුලක් තියන් ඉන්න උන්
a7fc1d239a	වැඩ කරන්න කියලයි එතුමා නිතර කියන්නේ.
a7fc358930	මනුෂ්‍යයන්ට විතරයි.
a7fc399b80	ගොස් පිනට ආණ්ඩුවෙන්
a7fc5a2dbd	ඒවායින් තමයි
a7fc708bd5	ඉන්නෙ ඒ පැත්තෙමයි.
a7fd8017ab	අපල කියන ඒවා නම්
a7fd8b4bc0	එකතු කළ යුතු යමක් නම්
a7fe574afe	එබඳු තැන්
a7fecb9d4e	සමත් වන්නේ ය.
a7ffcec057	භවන්ග සිතේ සිහින පෙනීමට
a7ffeda446	කර ඇති සාමාජිකයකුටය.
a7fff940b2	එකවර පහළ වෙන්නේ නැහැ.
