aa009ac376	tiger
aa00df003c	ඔය පැත්තේ සිටුවරයින්ට නෝනලා
aa01a529d3	එකක් කියන්නේ මොකද්ද කියලා.
aa01a6ba1a	ඌව පළාත් ප්‍රධාන අමාත්‍ය
aa02e3c939	ආගමික විෂයයන් ලෞකික විෂයයන් මෙන්ම
aa03d20205	එක පාරක් රේගන් ඉන්දියාවෙ ටුවර් එකක් ඇවිත්
aa03daa4ef	මානව දයාවෙන් පිරිපුන්
aa03f24405	මම පහත සඳහන් න්‍යායික ස්ථාවරය යෝජනා කරමි
aa03fc3ef7	අපට ඉඩ ලැබෙනවා.
aa04022ea3	සිය භාරයට ගත් බව
aa04449939	සහෘදයා වෙත ගෙන ඒමයි
aa046047fe	ඉතින් බොලවු එයින් පෙනී යන්නේ
aa05096a39	ඉහළ සිට පහළට තුන්වරක් සිදු කරයි.
aa054b36be	ඇය සම්මාන ලැබුවේ
aa05720cfb	හොද හෝ නරක සහ
aa065f98f3	ප්‍රයෝජනය ගැනීමට
aa06877877	මා හිතනවා.
aa0690893c	හැබැයි ටොමීව පෙනිලා
aa06ea2d42	සැබවින්ම මාතෘ භූමියට ජාතියට
aa07ac007d	මාතිකා මාතාව වැනි කාන්තාවන්
aa07fa6e72	අවසානයේ සිදුවන්නේ ඉඳිකිරීම් වල
aa08609da7	ස්තූති හොඳේ.
aa087a69cc	අධ්‍යාපනය උසස් අන්දමින් ගෙන යාමට හැකි දවසකි
aa08b802b6	අවසාන වශයෙන් කිව යුත්තේ
aa095a8a14	ශ්‍රද්ධාව නමැති දොරටුවත්
aa099a260b	බුහුමන් නොකරති.
aa09ca230e	ලිපිය හුවමාරු කරගන්න
aa0a50d825	ලියවුනු ලස්සන නවකතා පොතක් තියෙනව
aa0a53cfd5	අවසානයේ මහා මාර්ගය පුරා
aa0a6c4d78	කිසිවෙකුට කිව නොහැකිය
aa0a9fe30a	scholarship grade 05
aa0aa4618d	ශ්‍රද්ධාව නමැති දොරටුවත්
aa0b20b15b	තාවකාලික ගමන් බලපත්‍රයක් ලබා ගැනීමය.
aa0b3114e4	ඒත් සක්විති රජවෙන්න පින් තිබුනු
aa0b42a6e5	අගමැති වෙනවා කියන එක නොවෙයි.
aa0b5a14b1	කතන්දර කාරයාට ආරාධනා කළේ
aa0b5db5b0	ඔබට ආපසු ගෙවීමට ඇති
aa0b761201	මේවගේ වැඩකරුවන් නැතිවීම.
aa0ba9729a	එතරම් පිළිගත නොහැකි දෙයකි.
aa0c091c7b	රාවණාඇල්ල අභය භූමිය දෙකඩ වීම
aa0c09ec07	අවමවශයෙන් අසංඛ්‍ය කල්ප ලක්‍ෂ හතරක්වත් පාරමි පිරිය යුතු ය.
aa0c742792	අත තබන විට නාද දෙන සීනු ආකාරයේ සීනු පද්ධතියක් සවිකිරීමට
aa0c7fef17	අමතක වෙලා ගියා
aa0cee587a	සදහන් කල කරුණේ වරද කුමක්ද?
aa0d0336dc	යැයි පැවසීය.
aa0d79e980	අවසානයේ විශ්ව විද්‍යාලයේ විශේෂ ඉල්ලීම මත
aa0d81bdc2	ඒ චීවරධාරියා තෙවැනි සිල්පදය කඩන්නේ නැහැ
aa0df02fb1	ඉවත දැමිය නොහැකි බව
aa0e7cddc7	අහ් ඒක නෙමෙයි
aa0ed5873f	එම සටහන්
aa1017acc9	ඒත් සිංදුවක් දාපු ගමන් අඬන එක
aa104e0035	ෆිල්ම් දානවනෙ බලන්නයි
aa1118860b	කවුරුවත් තවම නම්
aa112d2b91	දෙවියන්ට පින්පෙත් අනුමෝදන් කොට
aa11628b6f	එම අවස්ථාව නම් කරන්නේ
aa11997a6b	එදා තමයි මම දැනගත්තේ
aa11aa4c97	දිගටම මේවගේ පට්ට ෆිල්ම්වලට සබ් දීපන්.
aa11b4af25	ත්‍රිපිටක ධර්මය ග්‍රන්ථාරූඪ කිරීම දක්වා
aa12dacda6	එහෙත් දැනට හෙළි වී ඇති තොරතුරු අනුව
aa12e2d402	බොහෝ ඉදිරියට ගිය එකකි.
aa12fae54a	ෆ්‍රොයිඩ් ගේ මනෝ විශ්ලේෂණය හරහා.
aa13c675a7	මේක මගේ අදහස
aa14a790b4	මෙයාට මේ දූපතේදි මොකද වුනේ
aa152ecf9e	ඒ අශ්වයන්ට දෙන්න ගෙනාපු
aa15fa720f	එල්ලා මැරිය යුත්තේ
aa17612126	පිස්සෙක් වගේ දොඩවන්න එපා බූරුවො
aa1765ce72	යම් දෙයක් ඔබට ලැබේ යැයි සිතාගෙන හිටියත්
aa179104e5	මොකද එවිට විශාල වාහන ප්‍රමාණයක් මාර්ගය භාවිත කරනවා.
aa17cd5eea	බුදුකෙනෙක්
aa180bcd31	අපේ ගෙවල් වල තියෙන
aa180e5da6	ඒත් සමහර අළුත් සින්දු වල
aa1825bba2	youth
aa1880ef75	ඒක ගැන
aa19031af5	හැදුනම අමාරුයි
aa190d7a6c	තියුණු අවධානයකින් ඒකාග්‍රව ගොනු වෙයි.
aa19296298	අනිත්‍යතාවයෙන් යුක්තව ප්‍රඥාවෙන් මෙනෙහි කරනවා සේම
aa192a019e	මිථ්‍යා ඉගැන්වීම් තුළින්
aa197592d7	මේ පිළිබඳව කතා කරන්නට
aa197c30b5	ක්‍රියාකරන අර තරුණයාට
aa197ede67	ඒවා කලාත්මක කැටයමින් පිරි
aa198f4eec	කිසිවෙකුට විස්තර කළ නොහැකියි.
aa1a0669fe	ඊට වඩා වෙනස් දෙයක්.
aa1ae18492	බයිස්කොප් අඩවිය වෙනුවෙන්
aa1bde7f2e	අපේ පොත්වල උනත්
aa1be1c118	ඒ පුද්ගලයා කෙරෙහි කරුණාවන්තකම ඇති කරගැනීමයි
aa1be6d3d3	වැඩියෙන්ම බැටකන්නේ
aa1bf1412e	අන්න ඒ දේ තමයි
aa1c117b83	ඔබ මතකයෙහි රඳවා ගතහොත්
aa1c58c6c5	අද ජාතික වගකීමෙන් යුතුව නව ලෝකේ ඉදිරිපිට ඉන්නාවූ
aa1ccf50e9	ජීවිතයේ සියලු අභියෝගයන්ට සතුටින් මුහුණ දුන්නා.
aa1ce3c705	බලාපොරොත්තු සහගතව ජීවත් වන වග.
aa1d54a429	එහු නිරන්තරව ම එම කාරණාවෙන්
aa1d885a9d	අවබෝධ කළ යුතු
aa1db3c629	සිහිගන්වන වන්දනා
aa1dd41b42	තේරීම් කමිටු සභාපති ජයන්ත අමරසිංහ පවසන්නේ.
aa1e3f9e29	එනම් මේ සෑම දෙයක් සඳහාම
aa1e6af78a	භවත් ගෞතමයන් වහන්ස
aa20185f45	හිතාගෙන ඉන්නවා.
aa2057fe3a	මැර හමුදා වලින් නෙමෙයි
aa20f94301	මෙච්චර කාලයක් හිටියේ සත් ගුණවත් උපාසකයෙක් වගේ.
aa210c1635	මුළු ලොවම සටන් කොරන්නේ
aa211f48d0	යාල හි තිබෙන දිවි ඝනත්වය නිසා
aa21317de2	ශාස්ත්‍රීය බවක් පෙනෙන්නට නැත
aa214f8067	යම් උපක්‍රමයක් මඟින්
aa215c42d3	යම් යම් හේතු කරන කොටගෙන
aa2162fd62	මහාසාර,
aa2163e5b8	මෙහේ ඉන්න අය දන්නවා ඇති ඇත්ත නැත්ත
aa21ae8e0a	වෙනත් නොයෙක් සහෝදරවරු ලියාපු ලිපි
aa2238cc9e	කොසොල් රජු දුටු සිහින දහසයක් පිළිබඳ.
aa22ad4057	සාමය පිළිබඳ සියළු ගනුදෙනු මගින්
aa239cbf51	ඇයට වයස අවුරුදු ක් විය
aa23b6c982	පෙරහරට සහභාගී වන පිරිස් ද ඉන්නවා
aa25790158	පාළුවෙ මැරිලා යාවි.
aa26f81da5	නමුත් ජවිපෙ මෙතෙක් උද්ගෝෂණ වර්ජන කොට
aa2717886d	ඇස් දෙක පේන්න පටන් ගන්නවා
aa2751ef0b	ඔය ක්‍රමයෙන් තමයි
aa27e3d3ac	එංගලන්තයේ ආදර්ශය පදනම් කරගෙන
aa289468ad	බිත්තර දැමුවේ නෑ
aa28c51d3e	කියල විශේෂ නැකත් දවස් තෝරගත්තා
aa291a62f5	මායිම් නැති සිතියමක් ගොඩනැගුවා.
aa29bd3903	සුවිශාල නායකත්වයක් දුන්නා
aa29d01d0a	හ්ම් ඒ කතා හරි බලමුකෝ
aa2a0919d2	එබඳු චර්යාවලින් වැලකීම සඳහා
aa2a35d51d	වැළකී සිටින මෙන්
aa2a7eecf2	අපරාධ නීතිය ක්‍රියාත්මක කිරීමේදී
aa2aa9c5c4	වන්දනාකරුවන්ගේ පහසුව පිණිස
aa2b0f0544	කරන කෑලි නරක වචන තියෙනවා
aa2bb843db	top flash games free download
aa2e5a8a82	කුමක් හෝ ඔවුන්ට සිදුවන බව
aa2e6569fb	දක්වා මෙය රැගෙන යමු
aa2e91f335	ඒත් ලිංගිකත්වය ගැන
aa2eb34f06	බොහෝ දෙනෙකු දැන සිටියේ නැත
aa2f313b40	සිංදුවකට හොඳ පද ටිකක්
aa2f38a2bf	ගමේ ජනතාවගේ නායකයන් මෙන්ම
aa2f5fb47a	මෙලෙස දැක්වෙන්නේ
aa2fb6e1f3	නිතර සිහි වෙනවා.
aa30bef019	එසේ මතකයට නැඟුනත්
aa3128aec2	එබැවින් ඒ සම්බන්ධයෙන්
aa314364e3	අපේ ජාතීන් සතු ශ්‍රේෂ්ඨතම ධනය ජනතාව බව අප අමතක නොකළ යුතු ය.
aa314a6780	කතාබහ වෙනවාඑහෙනම් මොකද්ද?
aa315cba12	නවම් පුර අටවක
aa31c064d2	උන් මගේ නමත් කියනවා
aa31e843fc	අද ඔලුව කැක්කුමයි
aa321505db	විද්‍යා විෂය ධාරාවට අනන්‍ය වූ පාරිභාෂිත වචනයකි
aa3263f36d	ඉදිරිපත් කරන්නියක්
aa32b8eae7	දරුවනේ අපේ ජීවිතයේ යහපත් බව
aa32f89b19	එම අය රජයේ අවධානය යොමු කළේ
aa3312f985	මේ නිසා ඇතැම් බෞද්ධ සිද්ධස්ථාන හැඳින්වීමට
aa3317d5a8	විශාල දේපොලක් හිමි මධ්‍යස්ථාන බවට පත් වී තිබුණි.
aa3321ef14	පස්ස මැදට දෙසඤ්ඤා
aa332c2fa0	යාගයක් පැමිණි කල්හී
aa3344da2d	ගොනා ඇන ගෙන යාම.
aa3349a5a5	මේවා විශේෂයෙන් දඹදෙනිය කෝට්ටේ මහනුවර රාජධානී
aa33530f2e	මේ පුවතට අනුව
aa33558040	අහසට පොලව වගේ
aa33575628	වැද්දාගේ දැලට හසු වූ වටු කුරුල්ලන්
aa337c750c	ඔබ තුළ ඇතිවෙන්නෙ.
aa33c607a6	එහෙමම නොවුනත්
aa343ad7ae	ඒගොල්ලො නැතිව මාව
aa34a0a9b1	අනුකම්පාව භූමිකම්පාවක් වියහැක!
aa35ee49f5	හොරෙන් තමයි බලන්න වෙන්නේ
aa3606e214	ලිවීමේ පරමාර්තයට
aa3623dfd8	ගලේ කොටන එකත්
aa36790d15	එමෙන්ම පුවත්පතක වගකීම
aa36aec9f9	ඔබගේ ප්‍රශ්නය සෘජුවම
aa36e5d7f3	ගුණ සැමරුම වෙනුවෙන් පින්කම් මාලාවක් පැවැත්විණි
aa36f04218	අනික මං එහෙ
aa36f056c6	මේ වගේ තරගවලට ඕන
aa371ed26e	ඔන්න මහ දවල් වෙද්දි
aa3794dd13	ගොඩක් ස්තුතියි සහෝ.
aa37f2592c	ස්තූතියි මිත්‍රයා.
aa3841169a	අපේක්ෂා භංගත්වයට පත්කරයි.
aa38c6902f	හික්කඩුව නාරිගම ප්‍රදේශයේ
aa3913bcbc	බිහිවෙලා ඉන්න හොරු රැල
aa39964f2f	නිෂ්පාදනය අඩු වෙනවා.
aa3a2ad182	ඉක්මනටම දෙන්න හොදේ
aa3a49e6b9	ආදරය කරන්න ගියාම ටික කලකින්ම
aa3a4a0f9d	දහමක් දෙසා ගෙන
aa3aec91b3	දෙමළ බසින් අපට ආමන්ත්‍රණය කළ
aa3b326756	අරමුණ ජයගත් පසු
aa3c1685bd	අපි අපට හිතෙන හරි දේ
aa3cd66f5b	පැරණියන් යාන් ඔය භාවිතා කර නොමැත.
aa3e28f893	එමෙන්ම ලාංකික බෙර වාදන ශෛලිය
aa3f21dab4	එනකොටම දෙකක් ගැහැව්වා
aa3fc7bb6e	ඒක බෙදන්න ඕන.
aa3fee958b	ප්‍රධාන කාරණාව වෙන මේ චිත්‍රපටය
aa4032140f	හැබැයි හිතවතෙක් තෑග්ගට දෙන එකක් නොවේ
aa408f0624	ඒවා කල්පනා වෙලා
aa40a6dd7e	ඒ ගොල්ලෝ කවුරු එක්කද
aa40e3d6f5	ඒත් මං ඒක අම්මට කිව්වහම
aa40e8f8d8	හාල් ගෝනියකට
aa41750e8b	රෝස තිරුවානා පෘථිවියට, විශ්වයට සහ දෙවිලොවට
aa4199101d	එහි පාෂාණීභූත ව උපලක්ෂිත ය.
aa41c21b8b	නිතර මනසිකාරයේ යෙදෙන්න.
aa42bad9ec	ඔහුව රැගෙන යයි
aa4303e9ef	ව්‍යාපාර කටයුතුවලින් විශේෂ වාසි ගෙන දෙයි.
aa43607357	න්‍යෂ්ටික බලාගාරයක් වසනවා
aa43e1228e	නමුත් බුදුරජාණන් වහන්සේගේ ධර්මයේ එහෙම එකක් නෑ.
aa43e94e1c	ඔබ පූර්ණ මිත්‍යාවක ගැලී සිටියෙකු නිසාමය.
aa44a185f0	ඒකෙ පණ තිබ්බ නිසා
aa44dfcdae	saduni
aa45068978	ළඟාකර ගැනීමට අවශ්‍ය
aa452de436	කියලා නම් කිව්වේ නැහැ.
aa45946d27	ඒවා හදාගන්න පුළුවන් විදියයි විතරයි
aa45cfb01a	කරුණු පැහැදිලි කිරීම අවශ්‍ය ද නැත.
aa45f41240	අපි මේ ගැන වඩා පුළුල් අවධානයක්
aa46ca41f4	මෙසේ කඨිනය ලැබූ භික්‍ෂුවට
aa481078fb	මේ පසුබිම තුළ බැහැර කළ නොහැකි අන්දමින්
aa48ca9c08	ඉරිදා වැඩිය බොන්න හොඳ නෑ
aa48e6ea36	ඒත් එය ටොෆි කොල
aa492887c6	මෙම ධර්ම ලිපිය කෙටවීමට
aa4a01e0e3	මේ අනුව පැහැදිලි වන්නේ
aa4a7094a3	මේ සිනමා නිර්මාණය දිගහැරෙන්නේ
aa4aae1cec	මම එයාව පාලනය කරගෙන
aa4bb959c9	අපට ලැබෙන්නෙ.
aa4bd34f5b	චෛත්‍ය ඉදිකිරීමටත්
aa4cb95109	ඉන්ද්‍රගිරි රාජධානිය රාමා විසින් විභිශණට ප්‍රධානය කර ඇත
aa4dbbbdc8	එම නිසා මිනිසාගේ මනස විකාර විය
aa4e1986de	තමන්ම බව මිනිස්සුන්ට අවබෝධ වේ.
aa4e43f643	එම නිසා ඔබගේ පවුලේ දෛවඥ වෙත ගොස්
aa4e57f74c	handbags for ladies
aa4e7e60b7	අධිවේගි මාර්ග හැදීම
aa4ef074f5	මුස්ලිම් ජාතිකයන්ය.
aa4f11ff01	අළුත් මිනිස්සු වෙනවා.
aa4f5489f4	ඊට අමතරව කුඩා ඔයක් හරස් කර
aa4fe6936b	සිත් ඇතිවේවි යන්න
aa509a1a33	ඔන්න එ හැමොටම
aa50e11bdd	ඌට සුදු පාට දිගු දළ දෙකක් තිබුණහොත්
aa5110b359	ආණ්ඩුව මේකට මොකුත් නොකරපු එක වගකීම් පැහැර හැරීමක්.
aa51a1d383	අපි සියල්ලෙන්ම නිදහස් වෙනවා
aa51d09bee	පරිසරය සකස් කරගන්නා වාස්තු විද්‍යාඥයින්
aa5204b0fa	පැමිණ සිටි පිරිස ඉදිරියේ
aa521ea4f6	මීට අවුරුදු 2601 ට කලින් දිව්‍ය ලෝක තිබුණා.
aa52e456c5	ක්‍රීඩකයන් සමග ගී ගයමින් නටමින්
aa53103f7c	නොහොබිනා කමකි.
aa53cd5b50	අනේ පව් මේවා ඉතින්
aa54102ea5	අන් අයගේ අදහස් වලට එකඟ නොවන නමුත්
aa543ba61a	ඒක නම් ඇත්ත
aa543c22f2	පාන් කන අයට ගරහන්නට
aa54780ae8	ඒත් ඒකෙ හිටිය නළුවට වඩා
aa562df28f	එම නිසා එය කිසි දිනක
aa5683dc34	ඒක තමයි අපිටත් හිතා ගන්න බැරි
aa56885db8	ඔහුට සිදුවන්නේ බොරිස් අතින් මරණයට පත්වෙන්න.
aa56dae579	malaysia airlines
aa56f56f68	ඒකයි සිංහල බෞද්ධයෝ
aa56f59800	පොතට පෙරවදනක් ලියමින්
aa571c9c8c	හඳුන්වා දිය යුතු වෙනවා
aa59693244	මඩ දන්නෙවත් නෑ මෙයා.
aa596e0158	ජනතාවට ඒවා එපා වෙලා.
aa59724243	මට යළිත් මාරුවීමක් ලැබුණා.
aa59f3180c	මෙයට අවුරුදු දෙදහස් ගණනකට පෙර
aa59fdb0db	මනසට පිවිසෙමු
aa5a015e48	fun games for kids
aa5a15d216	ඔය ඇන්ටියි අන්කලුයි
aa5ad95bad	අන්තිමට එයාලත් ගමේ අය
aa5b0223c2	මෙවන් දසුනක් දකින්නට ලැබෙන්නේ
aa5b63242a	අම්මෝ ගනන් මේවයි ඔච්චර සල්ලි තිබුනානම්
aa5b6efe91	සිත ධර්ම මාර්ගය තුළ
aa5b9a3bdc	පිරිසක් හැදුණා.
aa5c542552	මම දන්නෙ නෑ.
aa5c956f23	ඔයාලා හය දෙනා තීරණය කිරීම.
aa5ce52e82	තාවකාලිකව පදිංචිව සිටින අතර
aa5d3e4c73	බැණ වැදීමේ වීඩියෝව පහතින් බලන්න
aa5e200dab	ධර්මය පැතිර වූ කෙනෙක්
aa5e7b71e1	එම නිසා බොහෝ දෙනෙකුගේ ඉරණම විසඳෙන්නේ
aa5f06978d	සංවර්ධන කටයුතු පටන්ගත් නමුත්
aa5f979fa3	එහෙම නෙමේ අංකල්
aa60596094	නන්ද ස්වාමීන් වහන්සේ අන්තිමේදි ජයගත්තා.
aa62467f06	මේවා හානියක් බව
aa625e3871	හොඳම විදිය තමයි
aa626a28cc	මෝඩයෙක් වගේ කියවන්නේ උඹනේ බං
aa626c8de6	ගිහියන් කෙරෙහි ඇලීමක් නැතිව
aa62d01c41	විශේෂයෙන්ම දෙස් විදෙස් සංචාරකයන්ගේ
aa62df14dc	ගෙදර උදවියව හොදින් දන්නා නිසා
aa62eb3e7b	දැනගත්තම මට පුදුමත් හිතුනා.
aa62ec6aa8	අතිශය සුන්දර නාට්‍යමය නිර්මාණයක
aa63361d2c	ස්තූතියි හොඳ උත්සහයක්!
aa6347cfb6	මොකද මට තාත්තව දකින්න ලැබුණේ
aa63b27608	එය පිළිගත නොහැකි බවත්
aa63c71fca	අවි පෙන්වන්න ගිහින් ගැටුමක්
aa63ed98ea	බහ තෝරන අවස්ථාවේ සිටම
aa642b46f0	ගමන් බිමන් කරන නිසා.
aa646ededc	ස්ත්‍රී පුරුෂ සිත් වසඟ කර ගැනීමට
aa64c28372	පහලින් පුන්චි අදහසක් දලා යන්න
aa64fadfde	එවැනි උවදුරු අද සමාජයේ
aa65037971	නම අර්ථ දක්වපු හැටි
aa658a7904	මොකද මේ තැනට එන්න
aa659679ce	උතුරු හා නැගෙනහිර ප්‍රදේශවලදී
aa65a4101f	අසවල් වර්ෂයේ ලෙස
aa66361b4c	කං ඇහෙන්නෙ නැති
aa669dec3d	විශාල ලෙස මුදල් දැම්මා.
aa671d2199	මිනිස්සුන්ට ඒ තරම් පහත් තත්ත්වෙකට වැටෙන්න පුළුවන් ද?
aa675dad73	මේ සිද්ධියෙන් පසු
aa67d4ab10	මනෝවිද්‍යාත්මක හේතුවක් තිබෙනවා.
aa67dae53c	ඕන එකක් ලියාගනින්.
aa67e1a3e5	මොහුට කණ්නාඩි වලින්
aa6877c958	එම අයට සිය කුසලතා වැඩිකර ගනිමින්
aa68992710	සිංහල උපසිරැසිත් එක්කම.
aa68d82766	ඒ ඒ අවස්ථාවල දී වැඩේ.
aa68fbdba9	වගා කරනවා ඉස්සර.
aa69228433	අද නායකයන් සම කරන්න යන්නෙ
aa6a6dd939	සුවඳ විලවුන් තැවරීම් නොකළහ.
aa6a9f88d8	මේ සිව් සර්ප කුලයත්
aa6b07745b	උන්ම දන්නෙ නැහැ
aa6b5cbb29	tangled
aa6b837d5a	උදෙන්ම නැගිටලා මට වැඩ කරන්න
aa6ba9511e	ඉතාම හුදෙකලා කලාකරුවා පවා
aa6bffb44c	එතකොට අපේ ඉල්ලකයට යන්න අපහසු වෙනවා
aa6c1fd5dc	universal networks sri lanka
aa6ddc9ae8	දඹදිව ධර්මාශෝක මහ අධිරාජයා
aa6dfcf466	මහලොකු දේවල් ලෙස තැන තැන පවසති.
aa6ea7ceeb	බලන්නකෝ කවිය දීලා තියෙන්නේ
aa6f14e65f	තිබිය යුතු විශේෂ ගුණාංග
aa6f236e86	සිංහයෙක් ඇන්දැනං ගුටියකුත් කාල.
aa6f5d746a	මේ රූප වල හිස වටා නාග පෙණ දක්වා තිබීම
aa6f746746	ඉන්ඩියානා හමුවේ අභියෝග ‍රැසක් දිග හැරෙනවා.
aa6f8b4425	සාමාවතී බිසව ඇතුළු පිරිස
aa6fa80122	මිසක් කාගෙන්වත් බලහත්කාරයෙන්
aa6fc3748b	පොඩි ප්‍රචාරයක් දෙන්න.
aa70107685	අල්පේච්ඡතාව තිබීම කියන ඇත්ත තමයි
aa7013497a	වෙනස කවරක්ද
aa70afc6fc	ඊට එසේ භාවිතා වූ
aa70e99718	සිහියෙන් යුක්තව කියවිය යුතු ය.
aa71233bf8	ගඩොල් මෙහෙමයි තියන්නේ
aa71284d75	අවස්ථාවක් ලබා දෙන්නේ ඉතාමත් කලාතුරකිනි.
aa7151c3c0	ගීතිකා හඬ මට ඇසුණා
aa7151eec4	තියන උන් ගණන
aa718c332f	යම් සිද්ධියක් සිදු නොවේය
aa71cd437a	ලේඛන ලක්ෂණ හඳුනා ගන්න පුළුවන්.
aa7210e284	එය තහනමට ගෙනා නීතියට කැමතිය.
aa726ce52c	මෙච්චර තදේට වැලද ගන්නේ නැ
aa72a0975a	කාමන් කියලා කෙල්ලෙක් එක්ක
aa73428286	රටක සියලූ ජන කොටස් අතර
aa73686fbc	එනම් දුක්, රෝග භය,වෛර සෝක
aa73991b66	මේ දෙදෙනාගේ ආදරය නතර වුණේ නැහැ.
aa74682f33	අහු උන එකා
aa75436741	කියන එකත් කියන්නම ඕනේ.
aa75618bc8	කෙතරම් වෙනස් වුණත්
aa758343a6	ඒත් මම බැලුවා මොකෝ මේකේ
aa7677227b	කාපු බීපු වෙලාවට මම කියාපුව
aa76850bfd	ස්වල්ප වූ හෝ සාවද්‍ය බවක්
aa76af90fd	පොලු ගසන විට
aa76c9b04e	අර පුතාලා දෙන්නා ඒක ධර්මදාසට කියලා
aa771213a9	එනම් සමාජයක් සුඛිත මුදිත කරලීමේ
aa772b3752	මට සමාජීය කාරණාවන් නැත.
aa77e5a92d	අශෝක දහම අන් දහමක් නොව බුදු දහමම බවය
aa78112928	හැමදාම ඔහුගේ දකින ඒ ක්‍රියාශීලී බාවය
aa78881108	ඉතා දරුණු ලෙස
aa789d5d14	kaspersky best buy downloads
aa78c5b7fe	ඔවුනේ වාහනය හදිසියේම අනතුරකට ලක් වේ.
aa7a29b6dd	හොඳින් කොටා
aa7b861fd6	එදා දිනුවනම්
aa7b8e7c62	juwel in the crown
aa7bf416d9	බිම දිගා වී වන්දනා කළා
aa7c134bcd	එහෙම කරන්න
aa7c296f33	අග්‍රගණ්‍ය නිර්මාණ බවට පත්වන්නේම
aa7cee631f	සැරියුත් මහ රහතන් වහන්සේ පසු පසින් ගමන් කළා.
aa7d0206d6	රජ කම ගන්න
aa7dcc0aea	ඒක මොළේ තියෙන
aa7e54f244	එහෙම වෙලාවට තුෂාරි කි‍ව්වෙ
aa7ea46669	හැබැයි රැවුල අස්සෙන් දත් පේන්න ගන්නෙ
aa8066eb88	ඒත් ග්‍රැෆික් දෙක තුනක් නම්
aa80ae10c4	මගේ අවාසනාව විය හැක!
aa81366a4a	විශේෂ ඉගැන්වීමක්
aa81d42605	ලොව පහළ වූ වග
aa81f6f5b5	ඒත් සමහර අළුත් සින්දු වල
aa8241c3b2	පවතින සැබෑ තත්වය පිළිබඳව නොවන නිසා
aa8400071d	මේ සිංහල උපසිරසි තුල තියෙන්නෙ
aa856278a1	කිරිඳිඔය දක්වා ගෙන යනු ඇත.
aa858b6c54	පරණ මස් මාංශ ඉවත් කෙරිණි.
aa85a54cb3	මොබයිල් කනෙක්ෂන් ගැන කියද්දි මෙහෙම දෙයක් මට වුනා.
aa85b221fb	කතන්දරට කතන්දර යැයි නොකියා
aa85c8f4eb	කාල වෙලාව තරමක් අඩු නිසා
aa86bc67a7	ප්‍රශ්නය මහනුවර ඇසළ පෙරහර සාර්ථක කැර ගැනීම උදෙසා රජයෙන් ලැබෙන්නේ මොනවගේ දායකත්වයක් ද?
aa87a9bdbc	අනික සිංහල උපසිරැසි එක නම්
aa8887ec81	සිංහල බ්ලොග් අවකාශයේ මුලින්ම ෆිල්ම්ස් ගැන
aa8907aad8	යම් ඉඟියක් දැන ගන්න
aa8968613c	ප්‍රකාශ කල හැකි නොවේ.
aa898337d0	ඇගේ පෙම්වතා බව කියන්නේ තාරක හෙට්ටිආරච්චිය.
aa8a128e98	එදින සිඛී බුදුරජාණන් වහන්සේ
aa8a32c4bf	ආණ්ඩුව පෙරලන්න හැදුවේ අයවැයේදි.
aa8a507726	මේ රටෙන් පොඩී කාලේ සුද්දෝ
aa8aad6f28	ඔප්පු කල හැකිය.
aa8aceba62	ගෑස් ගහන්න නෙවෙයි කියලා?
aa8b6c4cc2	විභිශණ රාමාට සහයෝගය දි ඇත
aa8be98d6e	ඒක ඔයාගේ ලිපිය මත
aa8c622e4e	සීමා රහිත ආදරය හෝ මිත්‍රශීලී හැඟීම
aa8c6989dc	උඩරට සියලූම නායකයන් මරා දමන ලද
aa8cc626dc	පාර්ලිමේන්තු මන්ත්‍රී නිශාන්ත මුතුහෙට්ටිගමද එක්ව
aa8dfa58c7	මයෙ හිතේ
aa8e365fe2	ගිරිය කඩාගෙන කෑගහලා නෙමෙයි.
aa8e84c30c	සෙත් පිරිත් දේශනා කරනු ලැබේ.
aa8edbc771	මිශ්‍රවන රචකයෙකි.
aa8f1bdcff	එමගින් වසරකට බටහිරට ඇදීයන
aa8fd861ab	how to take a screenshot
aa9246b616	අපට පෙනුනේ බිය නිසා විය හැකි ය.
aa926b0d21	මෙම ගමනේ අපූර්වත්වය, සුන්දරත්වය දැකිය හැක්කේ
aa93443a8d	සැඬොල් ගමක සැඬොල් කාන්තාවක කුස උපන්නේය.
aa942df098	මේ ක්‍රියාවලියේදී වඩාත් පුළුල් වෙනසකට බලපෑවේ කුමක් ද
aa944df1f9	අපි සෑම දෙනෙක්ම
aa944f0774	ඉතින් ඔබ විවාහ වුන
aa94526e73	බලාපොරොත්තු විය නොහැකි ය.
aa954f8b33	පාත්‍ර ධාතුන් වහන්සේ
aa95edc7b2	බලවත්ව තිබෙන බැවින් අවශ්‍ය දෙයට අවශ්‍ය වේලාවට මිල මුදල් ලැබේ.
aa966e1004	ගැමුණු සිටියා නම්
aa9796c3ad	ඔච්චර බැරෑරුම් දිව්රුම් මොකටද
aa97aebcca	මෙම ධම්මික උපාසකතුමා වයසට පැමිණි කල
aa97b5a568	ඒවායේ අයිතිකරුවන් වන කෝටිපති ව්‍යාපාරිකයන්
aa980861be	ඒකෙන් මම අදහස් කළේ
aa983a4d81	එයින් ලෝභ, ද්වේෂ,මෝහ දුරු වී
aa98725206	කුල ප්‍රශ්නය තේමා කරගත් කතාන්දරයක් නොවේ.
aa98b2bb8f	මේ සින්දුව කියන්නේ මල්සරාට එන්න
aa98be4526	එයාගෙ දේපල අයිති කරගන්න.
aa98e4ee53	මේ ගැන කීවත් පළක් වී නැත
aa993d6680	එක්සත් ජාතීන්ගේ ආරක්ෂක මණ්ඩලයේ අංක යෝජනාවන්ට යටත්ව
aa9a3073c7	යමක් කියලා ඔහුට.
aa9a36e80b	ඔය සඟ කතා කරපු කතාවේ
aa9a4df38b	හැමෝටම කරන්න බැහැ.
aa9ad20392	තවත් සබ් එකක් විදියට දාල
aa9b0d0d72	මේ ලැබිලා තියෙන්නේ.
aa9b25b056	එම ඡායාරූපය පිළිබඳව විමසූ විට
aa9b37ac64	එම විරෝධතා සංවිධානය කර තිබුණේ
aa9c68090e	පිටිසර පලාතක ඉඳලා කොළඹට ආපු එක්කෙනෙක්
aa9c75bdb5	ඒ හරහා මතුවූවායැයි කීම
aa9d47aceb	ඔයාලට පොඩි අදහසක් ගන්නයි.
aa9ec66969	යෝජිත ව්‍යාපෘතිය යටතේ
aa9ed2d276	බොහෝ සතුනගේ හිංසාවටයි
aa9ee38e69	රෙපබ්ලිකන් පාක්ෂිකයකු බව
aa9f423869	ඒක එහෙම නන්
aa9ffb5e3a	එහෙත් ඒ සොයා ගැනීම්
aaa025a1eb	මේ මුළු කොටස් අට බලලා අවසාන කළාම.
aaa02f88a3	ඒවට කිසිම සීමාවක් පනවල නෑ.
aaa141c52f	රාජ ඓශ්චර්යය ජනතාවට ප්‍රදර්ශනය කිරීමක් වැන්න.
aaa1d457ea	මේ අනුව අජාසත් රජ මියගොස්
aaa1fd1f50	ෆිල්ම් එක නම් මැක්සා.
aaa2792b35	බ්‍රාහ්මණ කෘතිවල එන මෙම ඉගැන්වීම්
aaa3404358	කුසල ගංගාවක්
aaa46cf0cf	තීරණය වෙන්නේ නැතිව.
aaa4a86549	ඉතිරි සියලුම වියහියදම්
aaa513a477	skype camera talk
aaa51e3c16	නිසාවෙන් සැපදායක වෙති.
aaa53286e2	එය ‍ෙමෟර්ය අධිරාජ්‍යයේ බල පරාක්‍රමය
aaa5884504	මෙය ඉපැයීම් මාර්ග ශක්තිමත් කර ගැනීමට
aaa651e8b8	එම නිවසේ පිලිපින ජාතික කාන්තාවකට
aaa683b494	පින් කර සැප ලබා ගත්තායැයි කියා
aaa6aadb80	අපේ සිතේ අකුසල් හටගෙන
aaa6d74070	ජනතාව තුළ දැනුවත් බවක් වගේ ම
aaa6eafe5b	ස්වකීය අනුගාමික භික්‍ෂු පිරිස හමුවේ
aaa711fe86	ඉදල්ගස්හින්න දුම්රිය ස්ථානය
aaa791e15c	ඉතිං අපි දෙන්නා ඉස්සරහින් යද්දී
aaa79236ee	nescafe
aaa79f1f5d	ඉතා විශාල වැදගත්කමක් සහිත වන අතර
aaa7c48670	සමාජයෙන් පෝෂණය වෙයි
aaa7c8b4e9	සම්මුති දේශනාවටත්
aaa7daca1d	මේක මගෙයි චතුරිකාගෙයි
aaa847827c	මුස්ලිම් ජාතිකයන්ය.
aaa88d30ae	තාම හිටපු හිටපු ගමන්
aaa89c9da0	මොකක්ද මේ වේරලියද්ද පවු‍ලේ ඇති වුණ ප්‍රශ්නය?
aaa8b36d41	සාමූහික ප්‍රයත්නයක අවසන් ඵලය ලෙස
aaa8c76fb9	ඒක දන්නෙ
aaa95e24e9	බුදුදහම අනුව
aaaaa160be	යමෙක් ස්ත්‍රියක් නොපතා කටයුතු කිරීම බඹසර වාසයයි.
aaaada3cb5	පළමුවෙනි කරුණ කියලයි.
aaab030bf0	ඉල්ලා සිටීමට කැමැත්තමි
aaab03c361	මේ රජය ශක්තිමත් කරන්න
aaab2f2742	නුවණින් මෙනෙහි කරලා නෙවෙයි.
aaab8426f0	එවා යම් මතවාදයකට ආවඩයි.
aaabfe8144	බෝධි සත්වයන් වහන්සේගේ පරමාර්ථය
aaacf223cb	ඔය දරුවා මගේ නෙමේයි
aaad128e36	තේජස්වීන් අතර තේජවන්ත
aaad7686d4	දකුණු සභාවට රතු ඇමතිකෙනෙක් සඳහා
aaaec466ee	ඒ දෙහි ගෙඩි ආපහු ගන්න පුළුවන්.
aaaee62687	අක්කයි මායි දෙන්නත් ළඟ නැතුව
aaaee9b9bc	ඉතින් හොඳම දේ
aaaf08c903	වේදනා විදිමින්
aaaf5e0c84	මෙහිදී ප්‍රතිපත්තියට මුල්තැන දීම විශේෂිතයි
aaaf67c718	තෙල්, මල් හඳුන්කූරු පළතුරු කැවිලි පෙවිලි ආදිය පමණි.
aaaf8c4b29	කොබ්බෑකඩුවට ෂෝට් ඒක දිලා
aaafe09d60	හිටියට කමක් නෑ.
aab037a18e	english movies
aab0819411	මැජික් යනු හාස්කම් වුවත්
aab0f55195	මගේ පියාගේ ආදරණීය පාඨකයන් කිහිප දෙනෙකුට
aab0fe0178	ගොඩනගා ගන්නවා
aab1bccacc	ඉතින් ඒ වගේ දෙයක් හතුරෙකුටවත් වෙන්න එපා
aab1bce4bb	දැනට ශ්‍රී ලංකාවෙහි එම භාවනා ක්‍රමය
aab2252129	ධර්මය විනාශ කරයි.
aab257c1b3	මියගිය පුද්ගලයාට කරන සැබෑ ගෞරවයක් ද නොවේ.
aab2fa8f5b	මණ්ඩලාකාර කන්දක් පිහිටි නිසා
aab310a557	කැසට් පීස් ගස්සවගෙන
aab4167c49	ලෝක සංග්‍රාමය පැවති සමයේ
aab4f68d24	සිය ලොකු දුවගේ හිස සිප ගත්තේය
aab52854eb	චිත්‍රපටයක් හරහා අප පිවිසෙන්නේ සිහින ලොවකටය.
aab55ead34	තමන්ම බව මිනිස්සුන්ට අවබෝධ වේ.
aab5a1a01b	අනිවාර්යයෙන්ම ඔයාලා වෙනුවෙන් තමයි
aab5acc7f7	නමුත් මෙය පටන්ගෙන තප්පර කිපයක් යද්දි
aab5e457b4	කළ යුතුයි.
aab6d004a0	ඒකත් මතකෙ තියාගන්න
aab702adb6	දේවානම්පියතිස්ස මහරජතුමා සහ
aab78dbeb5	ඉතින් ඔය ඔක්කොම එකතුවෙලා
aab7eb44ac	ධර්මසිරිගෙ පුතා කුඩුවලට සම්බන්ධයි කියලා
aab805e9ea	ඇති දෑ ගැන පමණයි.
aab811cf04	දේහය යන වචනය පරිහරණය කරයි
aab8167551	දැනට එහි පොලිස් ආරක්ෂක මුර පොලක්
aab848c3d8	සෙසු සත්වයන් දුකෙන් මුදවාලමි.
aab91967b4	ඉපදෙන නුවර
aab9779cec	අදාළ ග්‍රන්ථයේ උසස් භාවය
aab997ad02	මෙමගින් මිනී අළු
aab9c2e04d	අර හොල්මන් කතාවත් දැම්මා නම්
aaba235b42	බුදුරජාණන් වහන්සේගේ තුන්වන ලංකා ගමනයේදි
aaba2c4380	එවිට මෙතෙක් රාත්‍රියට අනුභව කළ
aaba7c8d6f	ඔවුන්ට මන්නාරමෙහි සිය වට පිටාව
aaba8141ab	ධාතු හතර ගැන තේරෙන විදිහකට
aabbd50de2	කථාව ත්‍රාස්‍යජනක විදියට පටන් ගන්නේ.
aabbd563a6	අනෙක මේ ගමේ බයියො ටිකකට
aabbea2501	එකිනෙකට වෙනස් නම්
aabc02e208	එයාමයි කියල සහ තහවුරු කරලා අවසන්.
aabd252424	නැවතුනොත් ටික කාලෙකින්
aabd8125a4	එනිසා ඔබ හොඳට මතක තබාගත යුතුයි
aabd89002f	බුද්ධ ශාසන අමාත්‍යංශය මඟින් දියත් කළ
aabd8a173a	ඒවා ඔප්පු කරලා පෙන්නනවා වගේ ම
aabe3c4b25	මම ඒ දාලා තියෙන්නේ මම ලියපු ලිපි වලින් දෙකක් විතරයි.
aabe68e8c1	පැයක් විත‍ර ගියා වගේ දැනුනා.
aabe6a9def	වැලිතර හීන්අප්පු වෙති.
aabeaf6c45	කිව නොහැක.
aabec7cae0	ආදරේ කියන්නේ පරිත්‍යාගයක් කියලා කියන්නේ හිත හදා ගන්න දුකා.
aabeee4368	පොහෝ දිනයකදී අටසිල් රැකගෙන
aabf37c5e4	එබැවින් මොවුන් නායකත්වය දෙන
aabfc6b19c	කරපු දේ.
aac08bde28	අත් අඩංගුවට ගෙන තිබේ.
aac091c0a9	ඉතින් ඒ අල්ලගත්තු උදවිය
aac218474b	ගොඩක් අඩංගු බව පේනවා.
aac25e5a41	මෙලෙස මකර රූපය දෙපස
aac2b5134f	මෙම කරුණු සැලකිල්ලට ගත් විට
aac3bea674	අයවැයේදී මිල වැඩිවෙන බඩු ගැන
aac3dd606d	එයා කණ්ණාඩිය ළඟට ගිහිල්ල හිනාවෙලා
aac421755a	උපසිරැසියට තුති
aac522b253	විග්‍රහ කර ඇති නිසා
aac5392574	එතකොට ඒකට අයිතිවෙනවා
aac5768848	shoe job
aac591b5d4	සිංහලයන් සොයා ගත්
aac60ba394	ආභාසයෙන් ලත් විශේෂ ලක්ෂණයන්ගෙන්
aac6359225	එමගින් තමන්ගේ ගැන තියන හැකියාව බලනවා
aac73dec8e	වැඩියෙන්ම විඳින්න ඇත්තේ
aac742229b	මෙම අදහස තුළ
aac8850bcb	හිත හිත ඉන්න ගියා නම්
aac90e4ebe	ඉන්දියාවට කුද ගසා ගැනීමට කියා
aac94e7093	hindi film
aaca2b9022	අපිව පහත් කරන කොට
aaca8d0135	මෙලොව උපන් කර්ම ශක්තිය අවසන් වන තුරු
aaca97f1e6	නිරීක්‍ෂණය කළ හැකි වෙතැයි යන්න
aacac80bfa	බෝග විනාශ මුඛ වශයෙන්
aacad8c2e6	බිම්බිසාර මහරජතුමා විසිනි.
aacaf94fbe	දෙවන ලෝක යුද්ධ සමයේ
aacb0f5358	ඉතිං ඔබත් ඒ පුරුෂ ලක්ෂණ හිමි
aacb5a36ba	තමන්ගේ දරුදැරියන්ට මුනුපුරු මිනිපිරියන්ටවත් රට ඉතුරුකරපල්ලා
aacb7a01a5	එහෙත් ඇයට තම පෙම්වතා
aacba32fda	ඇයගේ සහෝදරිය අනිකුත් ඥාතීන් ඔස්ට්‍රේලියාවේ පදිංචිව සිටි
aacc5184e1	අධර්මය බවට පත් කරන ලද්දකි.
aacc785ff4	පස් වෙන පුද්ගලයින් සහිත රටක්
aacc86f8d3	ගාල්ල ප්‍රධාන මහේත්‍රාත් යූ.එස් කලංසූරිය මහතා නියෝග කර තිබිණ
aaccb6071c	එම පෙරහර අද
aacd1954c3	skype resolver
aacd29123e	ඔබගේ වටිනා අදහස්
aacd9a2dbc	ඒත් බාජස් කෙල්ලගේ
aacde14391	එලෙසම අපි පියසීලිගේ අධ්‍යයනයෙන්
aacf90d2ec	ගල්ෆ් යුද්ධයට සහභාගී වූ ජැක් ස්ටාක්ස් නම් ඇමරිකානු සොල්දාදුවායි.
aad029b596	මහා ලෝක ධාතුව
aad09aabd7	වෙනසක් සිදුව ඇත.
aad0b318f7	තත්ත්ව ස්වාභාවිකකරණය වීම
aad0f123a0	බත් පත රැකගන්න
aad16304bb	අවිවාදයෙන් පිළිගත යුතු ය.
aad20e555a	විනූ සමග අපි සුන්දර පිළිසඳරකට එක්වෙමු
aad3cebfc6	බ්ලොග් එකේ දාන්න හිතුනා.
aad3eecea6	පෙර මැලේසියාව
aad4050e96	විදේශයන්හි පවා ලද
aad4b4c588	swapna teledrama
aad5ce9991	රජයේ ප්‍රධානියා එහි සිදුවන දේවල්වලට
aad6505eb9	ඒත් ටැබූ බ්ලොග් එකක්
aad657c05a	දුරකතන අංකයට කතාකර
aad6a05d37	තමන්ගේ මිල හරි ගියාම අධීන වෙනවා
aad6a067a5	අප මේ මොහොතේ ජීවත්වන කාලාන්තරය තුළ
aad6f67af4	නත්තලට මොනාද විශේෂ දෙයක් දෙනවද
aad7b09fc2	හරි මාත් දන්නා විදිහට.
aad7ba0243	හිතාගන්න පුලුවන්නෙ
aad7e2870d	winx club mp3 download
aad849c334	අපිටත් බැරියයි
aad8b0788c	හිතට වැදෙනවා
aad91dd439	දෙවිවරුන් තිදෙනෙක් පමණි.
aad9c510cb	නිදහස ලබා ගන්නට
aada069d02	කාවන්තිස්ස රජතුමාගේ දියණියන් දෙදෙනෙක්
aada5b8127	මතුපිට සිදුවීම් යට ඇත්තේ කුමක් ද?
aadad7bab7	ඇත්තටම ඇයගේ ඒ වචන තුළ ගැබ් වී තිබුණේ තරහක් නොව විහිළුවකි.
aadb1bece5	එනම් ආර්ය ශ්‍රාවකයා වනාහි
aadb3d4c18	මේ වන විටත් උඩරට රාජ්‍යයේ අවසාන රාජ්‍ය පාලකයා ව
aadb9d6258	අපේ වීරයා විදිහට ඉන්න
aadbbbd7b1	මියගිය පසු
aadbd07474	ආදරය සහ විවාහය පේ්‍රම දිවියේ කටයුතුවලට බලපෑ විරුද්ධවාදිකම් පහව යයි.
aadc8d0a68	උන්වහන්සේ බුද්ධාගම යනුවෙන් දහමක් ලොවට ඉදිරිපත්කළේ නැත
aadcb15798	තමන්ගේ බණ මාකට් කිරීම සඳහා උපක්‍රමයක් යොදලා.
aaddcfe11f	මංගල උත්සවවල දී
aaddd33c79	මොකද ලොකු පොඩි කාගෙත් ඉහලම ජනප්‍රියතාව
aadde11cea	පූජනීය ස්ථානයන් හඳුනා ගැනීමට අවශ්‍ය
aaddf6c0dd	ඈත් වෙන්න කියලා කවදාහරි සහකරු කිව්වොත්?
aadeafc9dd	එබැවින් අප කළ යුත්තේ
aadf07a4e6	අපි එයාට සුව වෙන්න කියලා
aadf1fd03f	මගෙත් වැඩ ඔක්කොම
aadf321060	ඔයා බොරුවට කිව්ව නෙමේනේ
aadf3f17e9	මෙන්න මේ විදිහට.
aadf789306	මා ඉදිරියට ගොස් ඇති අතර
aadf84a0c8	ඒත් ඒ අය ගැන
aadfa71d97	පාඩම් කරලත් නෑ
aae076df83	හරිම කණගාටුයි බං
aae0edd723	භය නම් අපායාදී දුකට වැටෙන නිසා
aae1a7b244	ප්‍රදේශවාසීන්ගේ අවධානය දිනාගෙන
aae221957a	සෙසු භික්‍ෂූන්ට ධර්මය ඉගැන්වීමෙහි ද නිරත වූහ
aae3640c9d	පැරැණි බමුණන් සියලු කෙලෙස් නැසූ පුද්ගලයන් නොවූවත්
aae373ab8a	ඇස් බලවලා කණ්ණාඩි අරන් දුන්නා
aae462b500	කටයුතු කරනු ඇත.
aae47b4c6f	හැමෝටම ඔය පලතුරු රසවත් ය.
aae5cd683c	ප්‍රශ්ණයක් පමණක් නොවේ.
aae6cda952	මේ බලය තුළ සැගවී සිටිත් දැයි
aae738bd4d	විත්ති පාර්ශ්වයෙන් ඉදිරිපත් කළ ඇපෑල ඉවත දමමින්
aae76ca2dd	මොකද එක දිගට කට ඇරගෙන බලන් ඉන්න පුලුවන්
aae809798d	සියුමැලි කෑලි දැක්කහම පොඩ්ඩක් සැලෙනවා නේද?
aae9dfd4ac	නොහැකි බැවිනි.
aaea61747c	අඩුම ගානේ එයා සතුටින්
aaeab92a45	තියන තැන්වල අකුරු තියෙන්නෙ
aaeb277294	සිහිනයෙන් දුටු දෙයක් පාදක කොට
aaebad3afd	ඉඩ කඩ සැලැසී ඇත්තේය.
aaebb34a4f	බුදුන් උපන් කලක
aaebeebe8b	ප්‍රජාතන්ත්‍රවාදී විභවයන් හෙමින් අතුගාලා දාන එකයි කළේ
aaed1bfa59	මම සිරාවටම සතුටු වෙනව
aaed359419	විශ්ව විද්‍යාලයට එන්නේ තම අනාගතය කරපින්නා ගෙනය.
aaeda1736c	මේ ගොනුව ලබා ගැනීමේ තීරණය
aaeda5224e	අපෙ අක්කනං ඔය කොරියන් ඒවා කිව්වොත් මැරෙයි.
aaee2b2f2a	පවතින තරගකාරීත්වය තුල
aaef34a2d5	පැවිද්දා සැපසේ වාසය කරන්නේය.
aaeffdb500	කිසිම දවසකදී අපේ රසිකයින්ව
aaf00e5d98	සැබැවින්ම ඩොනාගේ මධුවිත සුවඳ
aaf0566325	තාම උපසිරැසියක් නැතිවුනාට
aaf103aec1	අනවශ්‍ය දේවල්වලට අපි පොළඹවනව නම්
aaf121c26a	ඕක හැම සැබැදුමකටම වෙනවද කියලා
aaf14a244f	එනම් ගායනය, වාදනය හා නර්තනය යන
aaf14d69cf	ගිනි මැලය හදලා තිබුණේ
aaf15cf3a9	ඊශ්‍රායලයට තවමත් සහතිකයක් නොමැත
aaf1786a37	සිටිනවා දැක්‌කා
aaf212dd66	එහෙම නැතිවුනොත්
aaf22e15a9	ඔවුනගේ කණ්ඩායමට එකතු වන්නීය
aaf2e193cd	මෙතරම් ඉක්මණට පුංචි පැටව් දෙන්නෙක් එක්වීම
aaf2ece10b	එතන තමයි මාහට ඇති විනෝද උයන
aaf3553a83	නමුත් අපි ආශා කළ යුත්තේ
aaf39730a0	පහළ වන මේ සිත්
aaf43f1b89	නායකයින් ර‍ජවීම සඳහා නොව
aaf44cff18	එයාට කොල්ලෙක් හොයන එක
aaf54d8832	එතැන සිට නුවරට එනතුරු
aaf5cca343	ඉමහත් ගැටලු රාශියකට මුහුණ දීමට සිදුවිය.
aaf6767ecd	වස්සකාර බමුණා තවදුරටත් ප්‍රශ්න කරයි.
aaf72b4eef	අත්අඩංගුවේ පසුවන කොටිනායකයා
aaf7540548	නමුත් එකම ශෛලියේ
aaf763e4cc	මෙසේ කාමාවචර සිත් 54 බෙදී යන ආකාරය දැක්විය හැකි ය.
aaf7b7e2b2	මේ වෙනකොට කල ඇතිදේ බහුලය.
aaf7c2824b	අටුවා ග්‍රන්ථ රචනා කරන ලදී.
aaf857699d	මුලින් නැගල ගියත් ටික කාලෙකින් වැඩේ නැවතිලා ගියා.
aaf85cc406	ඉතින් මම අනික් කට්ටියට කියල තිබුණේ
aaf86ce8c2	මාලඹේ පැත්තේ.
aaf8e914a4	miss sri lanka
aaf9124ab3	පළවෙනි ‍ෆිල්ම් එක බලපු අය
aaf9e38dac	එය නැති කරන මාර්ගයද දේශනා කළහ.
aaf9eba687	උන්ට ඒක තේරුම් ගන්න තරම් වත් මොලයක් නැත
aaf9ed49cc	හරි කියල හිතෙන්නේ
aafa0c1e27	මට ඉතා හොඳ ලබා දුන්නේ ඔහුය
aafadf9369	ජයරත්න සරණ ගොස් ඇති බව පෙනේ
aafb384504	උඹල බිරියානි හොයාගත්තයි කියල.
aafb71818f	පාර්ලිමේන්තුවට ඉදිරිපත් කරන ලද
aafb7e7859	උඹලට කරන්න පුළුවන් එකම දේ
aafc771fdd	ඔක්කොටොම වඩා අරුණි කියන්න වගේ
aafda63fde	කැමති නැත්තේ.
aafdcdc11a	හර්තාලය සාර්ථක වූ ප්‍රදේශවලින් කියා පාන්නේ එයයි.
aafdf3635f	පුවතක් බෙදා ගැනීමට අවශ්‍ය නම්
aafe6ed5e2	අවුරුදු සියක් එකසිය විස්සක් වගේ ප්‍රමාණයක්.
aafe97ed53	ඉදිරි කොටස් වලින් මොනා වෙයිද
aafef84952	ආකාරයේ කෙනෙක් වෙන්න ඕන.
aaff56a856	අද අපේ රටේ කලාකරුවන් සහ කලා කෘතීන් ලෙස හඳුනාගෙන තියෙන්නෙ මොනවද කියන එක.
aaff5f1ab0	තරගයේ අවසන් පන්දුව දක්වා
