ab0035e9c5	මේඝදූත පුරාණයට අනුව
ab009bd717	ඉදිරි පරීක්ෂණ හමුවේ
ab01628f57	එයින් අපට තේරෙන්නේ
ab018dc264	මොකද මේ රටේ එවැනි මිලේච්ඡ දඬුවම් දෙන්නෙ නැ.
ab01e19ea0	ප්‍රසිද්ධියට පත් වූවාය.
ab01f6eea4	කවුරුවත් හොයා ගන්න
ab01f85f0e	උත්සාහ ගත යුතුය.
ab02f223cc	හේතු නැතිවීමෙන් නැතිවෙලා යන
ab032adbf0	ග්‍රැන්විල් ධර්මවර්ධන කියන්නේ
ab03a0dadc	ඔහු තම හෘද සාක්ෂියට අවසඟව නොගියේය
ab03a0f12c	මෙතැනදී අපි ස්පර්ශය පාවිච්චි කරන්නේ අවබෝධයක් පිණිසයි.
ab051ba6cf	අතපහු වෙන දෙයක් තමා
ab057871b7	ඔය වාගේ අමනුස්ස ගුණාංග වලින්
ab057b4372	සිතුවත් එය එසේ නොවීය
ab05a703b1	මා ඊට සූදානම්
ab05b5bd6a	අනෙක දූ දරුවො නෑදෑයෝ
ab05c25cfb	දික් උන කියන්නේ එක සැරයක්.
ab0615c32a	වෙන මොනවද කියන්න ඕනේ
ab0630e35b	බිරිඳක් ස්වාමිපුරුෂයාට
ab0665f593	මේ නුවණැති යොවුන් තවුසන් හට අවබෝධ වුනා
ab06a2ccf5	ඒක අහන අය ඉන්නවා
ab07df4908	එයට හේතුව පාන් සෑදීමේ තාක්ෂණය
ab08446e90	පහන දල්වන්නේ
ab08c816f8	එදා සිට මේ දක්වා
ab090ded5f	පුද්ගලයා උත්සාහවන්ත වන්නේ නම්
ab091ebceb	මම සිතමි
ab098eeaa1	මේ නිසා වස් සමාදන්වීමේ පෝය
ab0a254f38	නමුත් අපිත් එයාලට
ab0a2c2e2a	ඒ අයගේ ජීවිතයට වධදෙන ප්‍රශ්න
ab0a76d62b	බුද්ධ දේශනාවල දහම් කරුණු
ab0b02a13f	පස්සේ එළියට ගියේත් නැහැනේ.
ab0b38b6e1	වැදගත් වන්නට ඇති
ab0b6384a9	එබැවින් ඒ පිළිබඳ ව කතා කිරීම
ab0c9c5cfc	දූ ඩිංගට මේක උගන්නලද
ab0d7273ee	ගෞතම බුදුරජාණන් වහන්සේ වදාළ ශ්‍රී සද්ධර්මය
ab0db5c292	ෆ්‍රී වුනා.
ab0e1bb326	එම කටයුතු සිදු වී
ab0e75d3f9	දානය ඇතුළත් වී ඇත.
ab0eef7884	ස්වකීය අනුගාමික භික්‍ෂු පිරිස හමුවේ
ab0f04a8b6	පී්‍රතිය මගින්
ab0f5cd534	හෂිත ටිකක් කලින් පන්සලට ගිහින්
ab0f79778e	සයුරි ට ගියාම
ab1059bb65	විද්‍යාත්මක ක්‍රමය
ab1068b02b	සමහරවිට ඕකෙ ඇඩ්මින් සමලින්ගිකයෙක් වෙන්න ඇති.
ab111851e1	දරුවන්ට ලියල තියෙන දේපළ
ab116bd819	ගොඩක් වැදගත් අපි නොදන්නා ගොඩක් දේවල්
ab116e29e6	ගොඩනැගිල්ලේ සුන්බුන් අතර කෙරෙන සෝදිසි කිරීම්
ab11735906	මගේ සංකල්පය
ab11919971	අනතුරුව ගොයමත් සමගම
ab11a232da	හැබැයි ඔය කියන විදියේ වෛරයක්
ab11a69f92	සිය ගනන් අතර
ab1228d38a	කුරුකුලසිංහම් සිතුවේ නැත.
ab123f1d60	මෙසේ පෙන්වා දෙන සේක
ab12cdda95	තම කුසලතා පිරිහී යනවා.
ab12d211d8	selena gomez dress
ab12d2b115	මොකද අපේ අල්ලපු ගෙදර අයට
ab131e19a1	එබැවින් එවැනි චරිත
ab134be3ac	රාත්‍රියේ ද විවෘතව ඇත.
ab13834936	හැමෝම හිතුවේ
ab144bf9d8	ප්‍රධාන වශයෙන්ම
ab159528b7	පූජා පැවැත්වූවාහු ය
ab16860fc2	දෙව් මිනිසුන්ගේ හිත වැඩ පිණිස ද
ab16bc6536	කලිසම් කමිස ඇඳලා ඉන්න එකා
ab17484556	ඔබ කොහෙන්ද
ab175408d0	ඔය දෙකේම
ab17e0c3a8	ධර්මය පෙන්වා දෙයි.
ab1839cb2b	ගල්ගුහාවට බසින්න පැවතියේ
ab18850f02	අවදානම් විය හැකි බවයි
ab18ce5215	පළඟක් බැඳගෙන වාඩිවුණාට පස්සේ
ab192701e7	කෝට්ටේ රජ මහා විහාරය
ab1931b404	සිත පහදවා ගන්නට ලැබීම වාසනාවක්.
ab194648b5	සැබෑ සැහිත්‍ය ප්‍රගමනයක් කළ හැක්කේද
ab19a6a768	අනිත් වෙලාවට වතුර බොන ආකාරයට
ab19f84d4b	වයස ඇඟට ගන්න ගිහින් අමාරුවෙ වැටෙනවා.
ab1a481d81	ඊට ඇතුළත් වන අතර,
ab1b297205	දැන් තව දුරටත් ඒ කිසිවක් ගැන
ab1b7c94c2	අනෙක් කවියෙකුට මම සවන් දී නැත්තෙමි.
ab1c32b082	අහිංසක කම රැක ගන්න කියලා
ab1c5d3903	එබැවින් ජයමංගල ගාථා පිළිබඳව
ab1d5bbfd8	එන්න වෙන්නේ නැහැ.
ab1d800c50	ලංකාවේ බහුතරයක් දන්නවා.
ab1d87e6bd	ඉදල්ගස්හින්න දුම්රිය ස්ථානය අතර
ab1e4cbcd1	අපි මේ ජීවිතය අවබෝධ කරගන්න
ab1e83cd62	එත් මීට අවුරුදු කට කට විතර පෙර
ab1ee31423	හැබැයි හොඳ වෙලාවට
ab1f65aa76	දෙවනුව පාරිසරික විනාශය මගින්
ab2004c594	යනවා තව අවුරුදු කීපයකින්.
ab204e7d50	මේ හේතුව නිසා
ab20beb8fe	එකපාරටම හරකගේ බෙල්ලටම පැනලා තියෙනවා මරාගන්න.
ab213e490c	හේතු ගණනාවක් පැවතිය හැකිය.
ab223aa543	පසු විපරම් කිරීම මැනවි.
ab2388a65a	ඒකනේ කතන්දර ලියන්න පටන් ගත්තේ
ab238a981a	දැනුම ලබාදීම සඳහා
ab238fc1fb	යෑමට අද සිදු වී ඇත.
ab23fc2250	සිංදුවක් ගැන මොනව හරි ලියන්න
ab243d9e0d	ඇත්තෙන්ම පසේබුදුවරු කියා කොටසක් මිනිස් ලොව වැඩසිටිය බවට
ab24ed4945	ලිඳට වැටුන මේ අතරෙ.
ab25b76e2b	නිවැරදි ලක්ෂණය හඳුනා නොගෙන ජීවත්වන්නෙමු.
ab25e88a64	මන්නාරම් බොක්කේ තෙල් සංචිතයෙහි ප්‍රමාණය පිළිබඳව
ab26f5496f	මියගිය බවයි
ab2763c839	අනේ සුගත්
ab27b25be8	එළ! එළ! දිගටම සබ් දෙන්න ඕනේ
ab284b9ac0	එයට එක හේතුවක් වුයේ
ab284cba47	ඔබලාගෙයි මුස්ලිම් වරුන්ගෙයි
ab2896ce53	doll birthday cakes
ab294a479b	මල්ල රජදරුවන් විසින්
ab29cb0425	hiru tv live
ab29e9fde3	මේෂ අමතර ආදායම් මාර්ග යෙදෙන අද දින
ab2a0feebd	එතනදි අවශ්‍ය දෙය වෙන්නේ
ab2a3c7cb0	තවත් සත්තු මේ නිරයේ ඉන්නවා කියලා.
ab2a46b6a7	එයාලා මට කීවා
ab2aeb395e	ඉඳලා වත්තේ බඩු හොරකම් කරනවා කියලා.
ab2b436dc6	මනසක් තිබිල
ab2c58cf39	තවත් මෙවන් නිර්මාණ
ab2cb997db	එම චෝදනා පිළිබඳව විමසීම පිණිස
ab2d1b874d	උපරිම දඩුවම් දිය යුතු අතර
ab2d5ee3cc	තුන් මසකට පෙර
ab2d6cbb79	එහෙත් ඔබතුමන්ලා යොදන්න
ab2dcd7c8c	සැබවින්ම අගය කල යුතුයි.
ab2df38eaa	එම පැනයට පිළිතුර
ab2eb78138	අම්පාර දැයට කිරුළින්
ab2efffe09	උගතුන් අතර වාද විවාද
ab2f6170f0	මූලික ධර්ම අධ්‍යාපනයෙන් පස්සේ භික්ෂූන් වහන්සේලා
ab2fc28bf4	විශ්වවිද්‍යාවලින් පිටවන්නේ රැකියාවක් අතැතිවයි
ab2ff0b252	ඒ වනවිටත් මහනුවර බලා ගමන් කැර සිටියහ
ab30507578	ඉතිහාසය විකුණගෙන කෑමටත් පමණි.
ab309f1526	එයා යටතේ තමයි
ab30df3fbe	වැදගත් තොරතුරකි
ab319915cf	වගකීම දරන්නේ නීති අධ්‍යාපන සභාවයි.
ab31af2598	අප විසින් සිහියේ තබාගත යුතු ය.
ab321389db	ඒවා සෝලියස් මැන්දිස් කලාකරුවා විසින්
ab3247dfa0	එත් රොසිටා කැමති නෑ
ab325b9750	තමාගේ තර්කයට වාසි දායක දේ පමණයි
ab32b78d03	හිඟමනේ යාමටය
ab33089a97	උදෙසා අල්ලකප්පයෙහි ස්ථූපයක් ද
ab3312531f	නංගිලා තුන්දෙනයි මල්ලියි අම්මා
ab332c395b	තම තමන්ගේ මත කිය කියා
ab33f2b200	මේ මේ ගුණයන්ගෙන් සමන්විතයි.
ab3443e8f2	මව දියණියට
ab352a96cd	මේක හොයන්නත් බෑ.
ab3594fbf9	වැය වී ඇත
ab35a86cbf	ආගමක් ජපානයේ පැවතිණි.
ab35b904ac	අනිවාර්යෙන් සුදුසුකම්තියෙන කවුරු හරි ඉන්න ඕන.
ab35dce105	බාල සෝයා බෝංචි දුන්නේ කවුද?
ab35dce5a9	අපට ඉතා මනස්කාන්ත වූ
ab36879fd2	මෙම සියලු ම දේ
ab36b7f35f	උපාසකයා අසුන්ගෙන බණ කියන විට
ab37670bea	ෆිල්ම් එක බලලා
ab3804e563	එත් මේ තමා අපේ හදවතේ එක ලෙස ජීවත්වන ගායකයින්
ab3946126e	tony greig
ab39645365	දඩයක්කාරයාගේ දුවව අරන් ආවට පස්සේ තමා
ab39672458	රටේ සෑම පුරවැසියෙකු සම්බන්ධයෙන්ම
ab39908c6e	හිතලා වෙන්න පුළුවන්.
ab39a0941d	ඒත් එයා මගේ විශ්වාසය බින්ද නිසා
ab39bcb4cd	ඇතැම් කවි
ab39f6644e	කතා ලියවන එකේ
ab3a79c384	story in tamil
ab3aa89855	මම දනිමි.
ab3aabb50b	ජීවීත අවදානමක් බවයි කාර්මිකවෛද්‍ය මතය
ab3b845d00	අදාළ ගැටළුව දෙස
ab3dec2a60	එතුමියට තිබෙන ප්‍රශ්න ගැන බලන විට
ab3f3b250d	චිත්‍රපටිය කොහොමද කියලා.
ab3f8e5f9a	මගේ ඉස්සරහ දිගහැරුණා
ab3fbaee62	එහි ඇති ත්‍රිමාණ සිනමා ශාලාවලට අමතරව
ab3fec2677	එයට හේතුව තමයි
ab405c5f30	එළම කිරි
ab41616f68	බොරු කීම,
ab41c1590e	ඔහු ඉතා මැනවින් නිර්මාණය කර තිබේ.
ab4285e692	අන් අයගේ සිත් රිදීම් සම්බන්ධයෙන්
ab429a83d7	ඒත් මං ගායනා කරන්නෙ
ab431508ba	අපි බලමු එහෙනම් ඊගාව කොටස මොකක් ගැනද කියලා
ab438ca595	එකමත් එක රටක දේශද්‍රෝහී පිටුවහලකු
ab44531cf7	එහෙයින් දරු ප්‍රසූතියෙන්
ab44850141	edward and bela
ab44fd259c	කඨින බලය බලපැවැත්වෙන
ab45caf791	දිව්‍ය සැපයෙන් දිව්‍ය ශරීරයෙන් බබලනවා
ab45e52870	ක්‍රියාත්මක වී ඇති ‍පොලිසිය
ab460b67b5	ඇහුවට වැඩක් නෑ
ab46c8f0b5	මහජන මනසට මොනවාද මේ ඈතුලත් කරමින් සිටින්නේ?
ab46dba491	ඔයාලට බලාගන්න පුලුවන් වේවි
ab47465862	නමුත් දෙමව්පියෝ සැලකිලි බලාපොරොත්තු වෙනවා.
ab475a3736	එබැවින් චිත්‍රපටය තුළ
ab477b484c	ලංකා වැදි පරපුර ගැන ලියූ කෘතීන්ය.
ab478a844e	දර්ශනීය සැතපෙන බුද්ධ ප්‍රතිමාවක්
ab47aa2256	මෙම ධනය පැමිණෙන්නේ මෙරට බැංකු පද්ධතිය ඔස්සේය.
ab48e58a16	එහි භූමි වශයෙන් සළකන්නේ
ab490621fc	ඉංග්‍රීසි යෙදුම්
ab490815c4	මේ නයින් බලන කල්හි
ab4988590a	බමුණෝ
ab49e70484	යන්නේ මොකක්ද කියලා.
ab49f69a3b	අප විසින් සිත කය වචනය යන තුන් දොරින්
ab4a349a92	වර්තමාන ස්තූපයේ උස අඩි 192 කි.
ab4a3c3aed	සමාන්තර අත්දැකීම් තිබූ විට පමණි.
ab4a47def7	විශේෂයක් කරන්න ඕනේ.
ab4b32fd88	ධර්මය පිළි ගන්නෝ
ab4b8d058f	මෙම රජ මහා විහාරයේ ඇති පැරැණි විහාර මන්දිරයේ ඇති
ab4baa4769	උඹගෙ අදහසට මං කැමතියි.
ab4c98d801	පලි ගැනීමට මාන බලමින් සිටීම
ab4ca8f449	ඔය සින්දු දෙකම මම අහන්නෙ තනියම ඉන්නවනම් විතරයි.
ab4d2e6ea9	විශේෂයෙන් බලපෑ පින්කමක් තියෙනවා.
ab4d8764cf	මෙයින් යම් පමණක ගැටලුකාරි සමාජ සම්බන්ධතා ඇතිවන්නේ
ab4d9c69d8	අනේ අනේ මේ දෙන්නට
ab4dd3eb67	එදිනම පස්වරු වේලාව
ab4e57d5be	ඒගොල්ලො හිතන්නේ
ab4e703072	සපයන්න ඕනේ.
ab4f53769c	පියවර ගැනීම සඳහා
ab507b5d21	අපූරුවට දඟ කරන මුහුදු රළ පෙළට වඩා
ab50add05e	උදේ ඉඳන් හිට්ස් හයි ජැක් කරලා මගේ දණහිස් දෙකත් රිදෙනවා
ab515f0609	කලාකරුවෝ හුඟ දෙනෙක් ඉඳලා තියෙනවා කළුබෝවිල.
ab516436c9	කාගෙත් ප්‍රසාදයට හේතු විය
ab51977956	බුද්ධානුස්සති බෝධි පූජාවයි.
ab519f208a	ත්‍රිපිටකය පාඩම් කරගෙන යනවා කියන දේ
ab51d25e61	අනික යකෝ මේ රටේ දේශපාලනය
ab51ec3a8a	ඩැනී මැතිසන් ව බේරගන්න යන ගමනේදී
ab52889aa2	තිරේ පලල් උනාම
ab52cc7bbb	සිංහලයෝ ආවේ විජයගෙන් නම්
ab5312e31a	හැමදාම වගේ අදත්
ab5340a0fd	යකෝ අනික් රටවල් වල උන් නිසා තමයි
ab537e8b2b	එනම් භූමි ප්‍රදේශයක්
ab53a5ff2e	පළ කෙරෙන විද්වත් මත පිළිබඳව
ab53bbbaed	american
ab53e00d06	උග්‍ර අතට පත්වෙමින්
ab53e2919b	වසරේ අපේ තවත් ඉලක්කයක් ඉටු වු දිනයක්‘
ab5417ecb5	භාවනාවෙහි ප්‍රතිඵල හෙවත් ආනිශංස පිළිබඳව
ab544eb346	හැමදෙනා දිහාම බලන්නේ
ab5456d826	උතුරු මැදපළාතේ සිදු කළ පර්යේෂණ
ab5489a217	මෙම තත්ත්වයේ ඇති භයානක බව
ab54a73e0a	උන්වහන්සේගේ ජීවිතයට ආලෝකයක් වූවාට සැක නැත.
ab54a9537b	තක්කාලි මිල වැඩිවූ විට
ab553adcf8	මේවා අප කථා කරන්නේ
ab55489dab	දඬුවම් කරාද?
ab55a84ec6	ඔබ පවසන පරිදිම
ab56026778	බය නැතිව කියන්න පුළුවන්.
ab569747e3	පාසලේ දී
ab56bfff33	රූප ශබ්ද ආදි සියලු අරමුණුවලින් ලැබෙන ආස්වාදය නිසා
ab56caabb7	ඒ ටිකත් අදාල කර ගන්න හිතුනෙ.
ab56f2ac8b	බොරු කටකතා විතරයි
ab57073f8f	ලක් වෙන්න වෙනවා
ab570ee177	අප අපරාධයේ හවුල්කරුවන් වන
ab579c3aa0	ඒත් හැම මඟුලටම විරුද්ධ වෙන
ab585c6b54	ස්තුතියි සහෝ දවසට ගෑළපෙන
ab58a834fa	මම ඔබෙන් සමු ගන්නවා.
ab58c98dfc	රක්ෂිත වනාන්තර වෙතට යොමු වීම
ab58dc4fb2	රෝග කාරක හේතු වළක්වාලීම
ab58ece04c	එක නයිෂ්ටික බෝම්බයයි
ab5957eaf2	ශ්‍රී ලාංකිකයන්ට සම්මා දෘෂ්ඨියේ ආලෝකය වැටුණේය.
ab598cba9b	උඩු මහලින් හට ගත් ගින්න
ab59df3ad6	ඥාතියකු වෙනුවෙන් මුදල් වැය කිරීමට සිදුවිය හැකි දවසකි
ab5a218d51	සෑහෙන්න ලොකු බලාපොරොත්තුවක්.
ab5a62df65	උඹට මොනාද ඕනෑ කියා සුද්දා අහනවා
ab5acd1de7	එවැනි තත්වයක් තිබෙන බව පිළිගන්නා
ab5aef4d6a	සිත් පිත් ඇති දරුවකුට හැකිවේද?
ab5b1487ac	ඔහු ඥානවන්තයෙක් නිසයි.
ab5b303926	අපි අළුත් වෙන්න ඕන
ab5b9bc91c	ධර්මධර විනයධර උගත් හිමිවරුන් එක්තැනවී
ab5beb0513	සියලු පාපයනට යොමු වේ.
ab5c609d7c	මා විශේෂයෙන් මේ පිළිබඳව
ab5d456800	කෝ මට කියන්න දෙයක්
ab5dd25c07	ශාන්තිය උදා කරගත හැකිය.
ab5de53fc2	සටන තිබුනෙ
ab5eac49f0	මර්ධනය කිරීමට ජනතා විමුක්ති පෙරමුණ
ab5ec10d9f	එදා භික්‍ෂූහු බුදුරදුන්ගෙන්
ab5eee767a	සිටින බව පෙනී යනවා
ab60996af1	ට වෛද්‍යවරු පියවර ගත්හ.
ab60da6367	ඒත් සාමූහික ශක්තිය
ab61cabd83	මේ විදියට එකම එක දෙයක්
ab61f073bc	තුවාලේ තියෙන එකාටයි වේදනාව තියෙන්නේ
ab61f36c0f	ඉතින් අබාධිත දරුවෝ ඉපදෙන දෙමව්පියන්ට
ab62750682	ගෙවිලා නැති කරන්න තරම් කාලයක් තමයි
ab63196edd	සමාජයේ පවතිනුයේ කර්මය හේතුවෙනි.
ab6352dc5e	කුසිනාරාවැසි මල්ල රජදරුවන් වෙත දූතයෙකු පිටත් කරවීය
ab6375fa05	ඔබෙත් මේ රටේ ජනතාවගේ වාසනාවටයි
ab6377f045	එම සෑම ශාකයකම
ab6410bc92	මාවත් නම්මාගන්න පුළුවන්
ab64448b0d	යාල උද්‍යානයේ මෙන් කාර් හෝ වෑන් රථ
ab64d30264	එක්තරා විකාරයක්.
ab6539f4d9	එහෙත් සංශෝධනයෙන්
ab6572297c	හිර වෙන්නයි.
ab65b093eb	මේ උපාසකතුමා එක් උපායක් යෙදුවා.
ab65c11b07	එජාපයේ අර්බුදයක් තියෙනවනේ
ab662ddaf5	එසේ සිත පහදවා ගැනීම
ab663994f8	සිදු වී ඇත්තේ අට ලෝ දහමටයි.
ab67e05b29	උදේ බුදුන් වැඳලා වැඩට යද්දි
ab688d36d6	මට කියන්න.
ab68a62a87	හ්ම්! මම විනිශ්චය කරන්නෙ නෑ.
ab68ada946	දේව නම් සෙන්පතියෙකු විසිනි
ab68cd8b6b	අවිවාහක ඔබට විවාහ සැප හිමිවන
ab6904e605	පැවතිය යුතුය.
ab695c3e7b	දේශනා කරන ලද සත්‍ය දහම වන්නේ.
ab697f234d	මක්නිසාද යත්,
ab6b2d1624	පිදුරු ගොඩක් ගසා
ab6b32c19c	මෙම ප්‍රතිපදාවෙන් බිඳී යන මානසික බන්ධන
ab6b961a7d	එක් පාර්ශවයක් අසතුටු වීම ස්වභාවිකය
ab6c063891	මට හිතුණා.
ab6c210b42	අලුත් ළමයි ගන්න
ab6c52ba6f	මේ භාවනා ක්‍රමය නිති ප්‍රගුණ කරනවා.
ab6d0ec30b	අවබෝධ කරගත හැකි වේ.
ab6d3772ed	හිත හැදෙන්න දාගන්න හිතාගෙන ඉන්නෙ.
ab6def317b	එය වෙනස්ම ආකාරයේ බීච් පාටියක්
ab6ea2b9bc	එසේ වූ පමණින් තම බිරින්දෑවරුන්
ab6f7ab69b	මේක බලලා අපි අපි ගැනම ටිකක් කල්පනා කරල
ab6fbae000	බං අපි නාකි වෙනවා ගෙදට්ට
ab70245713	නිසඳසකට ප්‍රබන්ධ කරන ලදී
ab7035a461	ඒ සමගින් නැවත හමුවෙමු
ab7076869f	ගුණදාස අමරසේකරට අනුව
ab71a06632	වැඩකරපු ගෑනු කෙනෙකුට දුන්නා.
ab722ee888	"අධිකරණ තීන්දුව පිළිබඳව
ab7254ecef	55c20	මට ලොකු අවුලක් වුණා
ab72f20a07	501f8	තිර ඈත් කොට
ab730dc964	b7510	මම ඒ ලෙවල් වලට පාඩම් කරන නිසා
ab730fbac5	b9dc2	තෙල් කෑලි අහු උනාම තමයි
ab738b58ff	ccf7a	තවත් කැලඹෙනවා.
ab74f287cb	f0a29	රහමෙර පානය වැනි පහත් ක්‍රියාවන්හි යෙදෙයි නම්
ab7505319f	aa29c	එයා අනිත් අයට වඩා සුවඳ
ab75837216	ae3ff	අනාගත මිනිස් වර්ගයාට
ab75d7956b	5a51f	සලකන එක පමණයි
ab76749f80	a742b	එයට විසදුම් ඉදිරිපත් කරන්න.
ab76866817	eae99	හීන දකින වත්සලා
ab76868157	3be3a	එතකොට ඒක ආරම්භයේදී
ab76d5484b	271cb	ඒ සම්බන්ධව පවතින
ab773f150f	44978	පොතපත පාඩම් කරන විට
ab77652eb5	32337	අනේ නොදොකින්.
ab776b190c	ab81c	තම පැවැත්ම සඳහා ජාතිවාදය උපයෝගී කරගත් බව
ab776c42bf	0b370	කථා බහ ආරම්භ කළේ එලෙසින්.
ab781042cc	c3bd0	මේ කටයුත්ත කරන්න කියලා
ab782a30d3	02578	electronic cigarette wholesale prices
ab7a2f1ddb	791e8	උදාහරණයකට කියනවනම්
ab7a414e9b	3e0de	ඒක නිසා මීට පස්සේ
ab7aa8de18	156fe	අතිවිශිෂ්ට කාව්‍ය නිර්මාණ ප්‍රතිභානයෙන් යුතු
ab7ab5ba1a	3bfb3	මොකද ඉන්දියානු ආණ්ඩුව ජිනීවාවලදී දුන් පණිවිඩය
ab7af79e72	3139c	රජකමට නියම අයිතිය ලැබෙන්නේ
ab7b67fe7e	02b89	ඊට එරෙහිව එසෙවෙන රාජ්‍ය මර්ධන හස්තය
ab7b916b54	23e9b	සයනය මෙම සතර ඉරියව්
ab7ba3886f	2e800	සිංහල අර්ථය වුවත්
ab7bd46b0c	74475	ඒත් ඔය ලියන කියන අයගෙ
ab7bebee44	09ecc	අනික උතුර දකුණ සහ
ab7ca9b994	290a8	ඉතිං ඒ තීරණේ ගැන වගකීම
ab7ce442c6	3f57d	ආශ්‍රය කිරීමට නැති බැවින් සංවේගයෙන් සිටිමි.
ab7d550d1d	10824	එබැවින් ඔබටත්
ab7e3c0ff6	cd0b3	ස්වභාව සම්පත් සදාකාලිකව
ab7ea3c650	f2931	ඔයිෂි සිරගෙට නියම වෙනවා.
ab7ec1fb0c	8f885	සමාවෙන්න ඔබගේ වචනවල
ab7f56d4f0	8b124	උපකල්පන මත පදනම්ව ආගමික න්‍යායයන් සිද්ධාන්තයන් ලෙස විකෘති කර දැක්වීම ආගමික අපහාසයකි
ab7f9fe4d6	880bc	ෆිල්ම් එක නම් සුපිරි.
ab8032253e	a13a8	වන්නේ වැරගැන්වූ කොන්ය
ab80b453e0	11528	ඒ කතා එක්ක ඔට්‍ටු තියන්න
ab80c9dccd	3489d	භාග්‍යවතුන් වහන්සේ වදාළාහ.
ab80f82ba8	0a38f	news 1st
ab81049ef3	7ab05	උත්සහ කළ යුතු ය
ab8186e165	a4315	බුදු දහමෙහි ඉගැන්වෙන්නේ
ab818ad77d	40e62	වෙන්නේ මොකද්ද
ab82702bf4	1575e	ක්‍රමයෙන් අභාවයට යමින් තිබෙනවා.
ab828b9373	e5fb8	එබැවින් බාල, මහලු, උපාසක, උපාසිකා
ab82a13f80	309ce	එහේම ඉඳල
ab82cc6fe4	c1715	අම්මල දෙන්නෙක් ලබන්න
ab82d3bf67	14f37	කමලිනීගේ අපි දුටු සුන්දර සිනහව
ab82e61330	a360d	සිකුරාදා සිට දිගටම කර ගෙන යන
ab836de2c5	a1577	ආයෙම මතක් කලාට.
ab83772d70	be173	යහපත් ප්‍රයෝජනයක් ගැනීමත්
ab837ad838	abbea	ජලය සම්බන්ධයෙන් අනුගමනය කළ යුතු
ab83eb0829	3e0de	ලොව්තුරා බුදුරජාණන් වහන්සේ
ab840c8822	2e076	මෙම ඡන්ද විමසීම සඳහා රුසියාවේ සමීප මිතුරා සේ සැලකෙන චීනය සහාභාගි වී නොසිටීම එයට හේතු විය.
ab849c0800	5b471	ප්‍රධාන දේශය බවට මේ රට පත් වෙනවා
ab84be8ee7	e5259	අනන්ත වූ ජීවීන් ප්‍රමාණයක් වෙසෙනවා
ab84d04075	5a51f	පාලකයන්ගේ හා අදාල බලධාරීන්ගේ කඩිනම් අවධානය
ab856b3e13	3f5d5	අයිස්ක්‍රීම් සැලඩ් වලින් මේ ළමයිව නෑවුවත්
ab859c7c2b	0eee9	මෙම සූත්‍රයෙන් මනාව හෙළි කෙරෙයි.
ab8681ace8	55ab9	ඉතින් අනිත් උන් දෙන්නගෙ උත්තර බලලා
ab86ee6a77	a6493	නාම රූප ධර්ම විෂයෙහි ක්‍රියාත්මක වන ඇති වෙමින්, නැතිවෙමින් පැවතීම
ab86fa1038	c26ed	තමුන්ගේ වර්ධන අනුපාතය ඉහල නැංවිය යුතුය.
ab8757665e	09537	මේවා ඔයාලා සිංහල උපසිරැස එක්කම බලාගන්න
ab875d4c0c	ea3c6	එකල පිරිහී තිබූ බෞද්ධ සිරිත් විරිත් ආදිය
ab878b1057	23329	අදට ගැලපෙන ලෙස
ab88bc3710	8f885	එතකොට ශ්‍රද්ධාවෙන් ඇහුවාම
ab88e90a54	d0123	ඉටු වී තිබේද?
ab88ea4a78	dc5ef	ඒ දැනුම ප්‍රයෝජනයට ගත හැකියි.
ab8912f09c	b8589	සුද්දො ඕන තරම් ඉන්නවා
ab899e1a7b	02b89	එතෙක් ශ්‍රී ලාංකික ජන සමාජය තුළ නොතිබූ එකකි.
ab89a10580	349a2	නේටෝ හමුදාවන් රටින් පිටවීමට පෙර
ab89b2d619	346c1	මේ ලී පෙට්ටියට ආස වෙලා
ab89d12661	96564	මෙතැන සිදුහත් කුමරු උපන් තැන බව ඔප්පු කිරීමට මහන්සි විය යුතු නැත.
ab8a04de4d	1913e	එසේ පාවඩ මත පෙරහරේ ගමන් කරන ඇතා
ab8a2f13b9	1ccf9	රැගෙන ආ ගමන් මල්ල
ab8b470631	8eb5c	සිත ආරක්ෂා කරගැනීම සිදුකළ යුතුයි.
ab8b70cbf0	ae3ff	එවන් ගුණවෘද්ධ, සීලවෘද්ධ, වයෝවෘද්ධ
ab8b7ced33	6f51b	එබඳු අයට කියන්නේ
ab8b8bbe3d	3183b	ආතර් මේ වෙනකොට අමුණු තිස් දෙකක් බැඳලා
ab8b925968	89130	උන්වහන්සේ ප්‍රවීණ ගුරුවරයෙකු ද වූහ.
ab8bec1822	3062b	වන්දනා කටයුතු වලදී
ab8d200637	f7f4f	ඔබ ස්වීඩනයේ
ab8d257f10	02b89	ඔබ ඒවෙනුවෙන්
ab8d301a62	6fa50	කියපන්කෝ උඹල අගමුල
ab8d47dc0e	40a63	එවැනි අදහසකින් චීවරය දරන්නේ නම්
ab8d731781	a4315	ප්‍රමාණ කළ නොහැක්කා වූ
ab8d7ef581	1a317	ස්තුතියි සහෝ ලිපිනය මෙය දැන්වීමක්
ab8e410d29	0766f	එය වසා ගැනීමට තැත් කිරීම
ab8e5d07f2	a3d94	පුද්ගලයා සිදුකරන කියන සෑම කටයුත්තක්ම
ab8eaeace6	fea0e	මහ සයුර තරණය කර
ab8f37e091	6996c	බුද්ධ චරිතයේ විවිධ අවස්ථා සහ ජාතක කතා නිරූපණය කෙරුණු
ab8f41c39f	6fa50	රහසක් තුළින්ම කාන්තාවන් සිය විමුක්තිය කරා එළඹීමකි.
ab916b378b	2fff2	එක ළඟ පිහිටි පත්‍ර ක් අතර දුර සෙ.මී පමණ වේ
ab91ccf97e	f2ef0	මීට වඩා දැනුවත්ව කතා කරන්න.
ab91e2ac1a	06105	මොකද ආරම්භයේදී ඔවුන්ට මහරාජා සමාගම සමග
ab922b2f75	98088	සාමාන්‍යයෙන් සිතේ.
ab9301c528	c5b76	කොරල් එකක් එක මත තියල
ab93358158	356c8	යොදා ගනියි.
ab934316fa	b9dc2	මගේ අතු ඉති ප්‍රයෝජනයට අරන්
ab93ef5458	f5954	මවිසින් ඔබ ට භාර කිරීමට කැමැත්තෙමි
ab94602d60	f7f4f	ඉතා විධිමත්ව සහ ක්‍රමවත්ව
ab94c60637	e9148	කපටියො ඊටත් වැඩි වෙලා?
ab94dca154	3489d	අධ්‍යාපන ලේකම්වරිය ලෙස
ab95397806	c2201	මිනිස් ලොව මගේ ආයුෂ ගෙවී යාමෙන්
ab959b9515	7b332	උත්තර දෙන්න හිතුවේ.
ab969e26fd	45f15	චීනය හදිසි වුණා නම්
ab96e72aaa	fefdf	කරුණු හදවතටම මෙහි දක්වා ඇත.
ab97088e5e	b06d1	ඒවා ගැන වෙන වෙනම
ab970fd227	3489d	ඔයාගේ බ්ලොග් එක සින්ඩියට දාන්නේ නැද්ද?
ab977beed7	fc853	ඒකත් දවස් ගණනෙන් පැය ගණනෙන්
ab97a81386	1afa7	මට මේකට
ab97d77a74	0e375	එක සංදර්ශන පිම්මක් සඳහා
ab97e9dbd8	309ce	මේ අයුරින්ම දේශපාලන පෙරැළියක් පසුගිය සතියේ සිදුවිය
ab98483085	84048	ලොකු මෝරෙක්
ab99366c75	f7f4f	කඩුවෙන් කෙටීමට තැත් කළා
ab9971506a	37790	i love you
ab99784576	937dc	බුදු බව ලැබීමෙන් අනතුරුව
ab9a42be94	0766f	ඉතින් එහෙනම් මම කියන්නම්
ab9a6c8563	9d5b3	ඉක්බිතිව අලි දෙදෙනා දුපතෙන් පහළට ඇවිද
ab9a9b8666	4a724	මහේස්ත්‍රාත්වරයා අවධාරණය කළේ ය.
ab9ac4acf8	dd6f8	පන්නා ගත්තා වෙනවා.
ab9b072743	231ca	facebook ambalama
ab9b2fa6b7	dca20	අපට තියෙන මේ කාලය
ab9b6c2856	12204	මුස්ලිම් දේවස්ථානයකට
ab9b7acb18	acbee	නමුත් අපි කෝකටත් මතක් කරගෙන ඉමු
ab9bacec70	f3f41	ගවේෂකයා පසෙක වූ විදුලි පන්දම ගෙන
ab9bf050f7	91589	එයින් භවය සකස් වන අතර
ab9c3cac96	d9b9c	ගෙන දීමට හැකි අද දින
ab9c4727c0	7d982	එදා එම ප්‍රසංගය නිසා
ab9c8aa234	c34c2	මගෙන් ඇහැව්වා තාත්ති ට වයස කියේදි ද
ab9d49134f	b7163	ඊට පස්සේ වට්ටක්කා කපනවා
ab9d6770f3	40953	මට ටෙස්ට් පිටියේ
ab9db1272f	fe011	උතුරු මැද පළාත් පුෂ්පය
ab9db465e7	be843	ඇයගේ කවි අපූර්ව බවක් ගෙන
ab9df3bd6c	25717	පාපි ක්‍රියාවන්හි යෙදෙන පුද්ගලයෙක්
ab9e09aa33	8e63d	ඒක හොයන්නත් ඕන
ab9e2f4d27	fa2d3	නොහිතන තැනක
ab9edc52d9	ddb8f	ස්වාභාවික චන්ද්‍රිකා කියන්නේ
ab9f2e3f65	ea3c6	එබැවින් රාගය, ද්වේශය
ab9fa727a3	02f82	after 2012 torrent
aba01ba20d	d9b9c	එය ඔහුගේ දියුණුවටද
aba0b390d2	e9dcb	වඩා බුද්ධිමත් ලෙස දවසක් ජීවත් වීම
aba0e5ab5e	33901	ජනිත කරවන්නට අරුණ අසමත් වේ
aba12a1c8c	6f51b	මොකක් හරි වෙන විදියක් තියෙනවද?
aba134c7c7	05d76	පැතිරී ගිය ගල් කෙවෙනියක් ඇත
aba13b395a	a08e7	අපේ රටේ තියෙනවද කියලනම් මං දන්නේ නෑ.
aba16e8b6c	80862	අපි මේවගේ ඇත්ත නැත්ත
aba1b0c621	290a8	මොකෝ එහෙම වෙන්න පුළුවන්
aba1ed2b74	c26e2	අවසානයේදී මාගේ කැමැත්ත නොව
aba2298925	b136f	මොනරතම් ගුණගරුක සමාජයක් ඉන් ගොඩ නැංවිය හැකිද කියා
aba25ab5a1	2d52b	නගරේ හැම සාප්පුවකම හැම හන්දියකම
aba3caf438	d78dd	ඒ තුළින් ගැඹුරු අවබෝධයක් ලබා ගත හැකිය
aba40803af	c8454	සඳුදාත් ආණ්ඩු විරෝධී ව්‍යාපාර
aba40f3aa2	95423	හැකි තත්ත්වයන් නොවේ.
aba45d83ae	be173	ඔබ හිතන්නේ ආණ්ඩුව
aba503a18c	c26e2	ඊයේදා වනතුරුත්
aba51e02ed	0a2fe	ඔය අතරේ තමයි
aba59f2fb9	db538	හැඟී යාමට සැළැස්වීම ඔහුගේ උපක්‍රමයයි
aba5de5574	77895	පිය රජතුමා කිරුළ හිමි පුත් කුමරු වෙනුවෙන්
aba620c483	3386d	ඒ වාගේ මොනවාහරි කරදරයක් වුණොත්
aba6e03bfa	6a26f	ගම්මන් පිල නම් උගත්
aba74adf28	361fc	අශුචි දකිනකොට එන හැඟීමයි
aba8d17e18	f3efc	මම වැඩ කළෙමි
aba90d1099	37790	නිකම්ම වේදිකාව මත
aba91f1bb2	23329	මොකද කියනව නං
aba94110a4	5556c	එකම මවගේ දරුවන් ලෙස ඉතාමත් සුහදව
aba9ab8565	ea3c6	තවත් කාලෙකට පස්සෙ
aba9cd1569	bba51	එයාල එක්ක බැදුනු අනිත් දේ තමයි
aba9d27a39	8c558	බලමු එවන් බෙදීමක් ඇති නොවී
aba9d98490	4b1d7	එය සිදු වූයේ
abaa9d07c0	93c65	කයිවාරු කාරයෙකුගේ වචනවලින්.
abaab1ad79	b8a97	rose image
abaadb40b2	5b275	එබැවින් භාෂාව තුළ
abab100f7c	8c9bc	තික නිපාතය හාචතුක්ක නිපාතය වශයෙන්
abab200cfc	663e8	වර්තමාන උගතුන්ගේ මතය වී ඇත.
abac0a1555	b7054	ඇමරිකාවට ලංකාව වැදගත් වන්නේ ද මෙම සන්දර්භය තුළමය.
abac3f153d	c34c2	අපිට මේවා ලියන්න
abac8db1bd	2f415	දැඩිව ගිය සීතල මළකඳක්.
abac8e2289	f0b2e	එහි නිරතවන්නන් තුළ දැඩි උත්සාහය තිබීමෙන්ය
abaca373c4	cc423	බුද්ධාගම යනු
abacafef30	78366	ඔය පව්කාර ජීවිතෙන්
abacb8051a	babec	christmas decoration
abadc8c37b	89f4f	ඔහු දේශපාලනයට ගිය නිසයි.
abade17c97	4b215	අන්තිමේට දිසාපාමොක් ඇදුරුතුමාට කල්පනා වෙනවා
abae415e3c	4f3cd	එවිට අනෙක් ශාක්‍යයන් කියන්න ගත්තා
abae77deb7	44e28	තමා කුඩා කල හැටන් හි ගත කළ
abafdff0d0	ac562	ඒත් මකුලොළුව මහත්මයාගේ එකතුව
abb03e2b99	0fcb7	එක්සත් ජාතික පක්ෂය හෝ එක්සත් ජාතික පක්ෂයේ නායකයා හෝ
abb0405171	5afae	ශක්තිය ලැබේවා
abb0886771	be2e9	ඔන්න මමත් මල්ලට එකතු කරගත්තා
abb08e5638	02b89	එයත් ඛාන් කෙනෙක්
abb12acd8e	1575e	අනේ අපිට නම් මැරෙනකල් මතක් කොරලා
abb16ad3d6	60906	ආදරබර දෙමාපියන් ආදරබර ඥාතීන් අප පවුල් තුළ ඕනෑ තරම් ඇත.
abb18f7c73	6fa50	මේ ලක්‍ෂණය ගැන හොඳ අවබෝධයක්
abb28ac1f1	13abb	හරිම මෝඩ විදිහට වැඩ කරනවා
abb2a318a6	309ce	අතර වුණ සිදුවීමක්.
abb2b46ebd	3d027	බුදුරජාණන් වහන්සේගේ වැඩම කිරීමෙන් පසු
abb32e4e9e	17bfd	අත්‍යවශ්‍යම වුණොත්
abb382134d	55c20	එම පාපි සිතිවිල්ල විනා
abb3848bed	7b561	කථාව නැතිව රෝගී වන තත්ත්වයක් හටගනී
abb3fc9237	d0123	ඓතිහාසික වශයෙන් ස්ත්‍රියට වැදගත් වන්නේ කෙසේද?
abb414ba9f	23c9f	ස්වාර්ථය ගැන නොසලකන පන්නයේ ඒවා.
abb444c031	0a2fe	ප්‍රසන්න යුග දිවියක් සකසා ගැනීමේ දී
abb453e217	fe361	කාලීන අවශ්‍යතාව මත සිදුකරනු ලබන
abb4cc5105	8c558	රසිකලාට අවශ්‍ය නෑ.
abb544c0bd	e61f1	හෙළිදරව් වී තිබේ
abb5c52d29	4b1be	බුදුරජාණන් වහන්සේට ලැබුණු අසිරිමත් රූප කාය,
abb5d7d0d2	b7163	පොත් ලබාදීම සඳහා ලැබුණි
abb636decc	016b5	කුඩුම්බි, තව් ඇසුරින්
abb6748f4b	f8790	එකට ගැලවුම සිරිදම්ම
abb6a3a68f	9e6d1	සහකාර සාමාන්‍යාධිකාරීවරුන්
abb6c8e3e7	91589	අපගේ අවධානයට යොමු විය යුතු වචනයකි
abb6d720db	a5886	විනාශයට පත් ව ඇත
abb6fce846	5556c	නිහතමානී කෘත වේදීත්වයක් තියෙන අය ඉන්නවද
abb73c2f4a	c6f6b	බක් මාසයේ උදාව අපට කියන්නට මෙනි.
abb845602e	b136f	සම සෞඛ්‍ය උපාධි කප්පාදුවට විරුද්ධව උපවාස කරමින්
abb84598e6	3f57d	ඒ ගැන පන්නන්නෙ නැති නිසා
abb863acf2	0766f	මම ආයිත් මැෂිම දාගත්තා
abb8d6d5f3	13abb	රජවාසලට රැගෙන යාම නැතිනම්
abb90c2998	a08e7	මම අයිතියක් කියන්න
abb9dcbecb	be2e9	ආහාර වට්ටෝරුව නිර්දේශ කිරීමට සහභාගි වූ පශු වෛද්‍යවරුන්
abba0bf6ce	4f068	එවන් චිත්‍රපටයක් වෙනුවෙන්
abbbac9ea0	d1c44	මෙයට හේතුව විමසීමේදී
abbbde0ab7	1f5ff	එම නිසා මිනිසුන් මියැදෙන බවත්
abbc8ba344	d6d03	කටාරම් ලකුණු සහ පුරාවිද්‍යා සාධක පිරික්සීමේදි
abbe596302	8fa6b	අනතුරින් රෝහල්ගත කර ඇත්තේ
abbe63d51e	dd43a	උසස් දැනුම
abbf0a19da	be843	මට එපාම වුනා
abbf271a99	82082	මධ්‍ය ලක්ෂ්‍යය හෝ පරිධියෙහි ඇති
abc00bf866	65469	සිංහල රජ කාලෙන් පස්සෙ
abc01ef237	32337	නමුත් ඇත්ත මොකද්ද කියලා
abc09920b8	39cc4	හවස යනව කියල නේද?
abc09afaa3	4b1be	අමිල අබේසේකර ඇගේ පෙම්වතා
abc0eb793a	dc5ef	මුදා හැරිය යුතුයි
abc0ee869f	462e8	ස්වාමින් වහන්සේ මිස වෙන කෙනෙක් සමත් නොවේ
abc14f5867	d6ab0	එම සතුන්
abc18cd71b	589b0	හැබැයි මෙහෙම අහනකොටම තේරෙනවා
abc27c7bdd	438c8	මිනිස් ලොව මගේ ආයුෂ ගෙවී යාමෙන්
abc387da3a	6b5e6	එය මට මහා ලාභයකි
abc4152dbb	6a26f	ඉඩ තියෙන හැටියට තවත් සබ් එකක් අරගෙන
abc4365b99	3d027	උරුම වෙලා තියෙන්නේ.
abc48d7aab	a624d	දේශනා කරන ලදි.
abc4b3e564	65469	පවුල ගැන හිතන්න
abc5b00c4e	93c65	කිසි වෙනසක් නැහැ.
abc5fce68a	c11e1	එක පැත්තක තනි සුදු ඉරත්
abc60f0b54	52af9	සල්ලි ආවට පස්සේ උදව් කරපු අයවත් අමතක කරලා
abc674e99f	95589	පිළිබඳව වාදයක් විවාදයක් හෝ කුකුසක් නොමැත.
abc81861c9	4f068	ඒත් පරිනත විය යුතුයි
abc89716ae	0eade	මේ ෆිල්ම් එකේ අන්තිම තත්පර
abc8d3b469	ed0c5	ඇතැම් විට පහතින් හමායන වලාකුළු සෙනඟ අතරින් යයි.
abc8f9f302	da449	නිදසුන් ලෙස ගඩලාදෙණිය හා ලංකාතිලක විහාරයන් දැක්විය හැකි ය.
abc996820b	17bfd	මේ හිතේ සමාධියක් නෑ කියල
abca2949c7	1c3b9	මේ වෙන් කිරීමේ ක්‍රියාවළියේ ප්‍රතිඵලය නිසාය
abca79af59	9a1ed	නම් ලේඛකයා අතින් පදනම් කරගෙන
abcaaa1bae	ec9a8	හදාගත්තු සංකල්පයක්.
abcb0e145d	746ff	නොනවතින මෙහෙයුමක නිරත වේ
abcbcb319d	bb0e6	කිසිම ඇල්මක් ආදරයක් නොදක්වා
abccc33d9d	34e38	සැප විපාක ලැබූ බව සඳහන් වේ.
abcd73ea6e	44978	තව කොච්චර දේවල් තියෙනවද ස්තුතියි සටහනට .
abcdabb5c5	6f51b	bollywood actors
abce2d801a	023c3	ඔය කියන මාලා කාරිය
abce3cd82c	f40d9	නිමා කරමින් ශනි ග්‍රහයා තුලා රාශියට
abce6ffe41	4b215	ආකාරයේ කෙනෙක් වෙන්න ඕන.
abce86fb12	89130	තම නිවස බෞද්ධ මන්දිරයක් කර ගන්නට
abcea5acdb	67c8b	ඒක අමරසිරි ගෙ සින්දුවෙ ඔපොසිට් වර්ෂන් එක
abcea694c9	d4fa9	ඕක තමයි මුන්ගේ ඒකායන පරමාර්ථය
abcecd1a4e	74475	එම ක්‍රියාවලිය සිරිත් පරිදි
abcf9b80ce	c3bd0	anything.lk
abcfc75ca7	44e28	ඔබ වහන්සේ මේ කියන දෙය
abcfd6e97f	55c20	මේ දෙදෙනාම චුති සිතිවිල්ල සඳහා බලපෑ අකුසල කර්මය
abd004b310	ce816	මෙහම එව්වට.
abd02fb4e7	d1c44	ඉතින් බුදුරජාණන් වහන්සේ ලෝකෙ ගැන විමසල බැලූවා
abd0557127	7ba10	උඹත් මහ මී හරකෙක්නෙ
abd088cad4	1b014	බොහෝ දෙනා ආදරය කළේ එහෙයිනි.
abd0ec004d	2e076	ඉතින් ඇයට එම අරමුණ ඉ‍ටුකරගන්න හැකියාව ලැබුණද
abd12ee6c3	1db0f	අක්කේ ඔයත් ඒ වගේ හදා ගන්න
abd14ef57b	91fdf	කෑමට බඩේ ඉඩ තබා ගත යුතුය.
abd1dc7223	2df96	නායක ලසිත් මාලිංගගේ
abd1e60524	e8ec1	එතුමාට වන්දනා කරන්න කියලා
abd2c8385f	a0028	මොන කරුමයක්ද ඕයි!
abd2f1c5dd	b06d1	අප ගේ ශාස්තෘන් වහන්සේව
abd39521e3	54c3a	සිංහලයගේ පරම සතුරෝ.
abd4c12ceb	d6c85	ඉන් අනතුරුව හමාස් සංවිධානය
abd4feb6ae	d2f72	ඔබ පිළි ගන්නේ නැත්ද?
abd5763153	03b7a	සාමාන්‍ය පන්ති වලින් ඉවත්වූ නිසා
abd5bb4b57	ae3ff	එනම්, ඔහු තුළ බුදුරජාණන් වහන්සේ කෙරෙහි
abd66049ab	6c5e8	මම කොහොමද
abd75121fa	6e92f	අන්න ඒ නිසයි උන්වහන්සේ
abd7cacda7	c26ed	ත්‍රස්තවාදය නැතිකරලා
abd7daf5fe	12204	මෙම දෙකෙහිම ආකෘතිය
abd898b89a	3eb66	කෙනෙක් ගෙ දක්ශතාවයෙන් පලක් නෑ
abd8bed9ec	fa2d3	ඒක ඉතිං අමුතුවෙන් පහදන්න දෙයක් නෑනෙ
abd91cb028	4f3cd	මුදල් අනවශ්‍ය දේ සඳහා නොදැනුවත්ව වැය කරන බව පෙන්නුම් කරයි.
abd9a68b7f	357e6	වැඩවාසය කළ වේළුවනයේ ය
abd9cac5cd	8eb5c	අප කොතරම් ලජ්ජාශීලි විය යුතුද?
abda27e798	2ea36	අපි දැක ඇත්තෙමු
abda7e6492	a6493	ජේතවනාරාමය හැදුවනේ.
abdae51aae	ee3d2	ඒවා සොයා බලා
abdae53cfa	5556c	අතිශය විශිෂ්ට වෙස් මාරුවක් කිව්වොත් වඩා හරි
abdb9e5a80	cf582	එකල රජයේ භූක්තියට පමණක් සීමා වී තිබූ
abdbacd7bb	7ab05	මෙම තරුණයා වැලිමළුවේ එම මෝටර් රථයේ
abdbb97999	760be	එදා තාත්තා නිදහස් වෙච්ච දවසේ
abdc3b4895	3b15d	ආව අයගෙන් කෙනෙක් තමයි විමලා.
abdc5e4cf5	47746	ප්‍රායෝගික දුෂ්කරතා රැසක
abdc62d919	295d7	මෙහි මඟ පෙන්වන බුද්ධිමත් පුද්ගලයා නම්
abdce0b474	52dbc	Olympic
abdcf9799a	32337	මෙයින් සිදු වන්නේ
abdd132792	d6ccd	ඉදිරියේදී ජීව විද්‍යාව විෂය ධාරාව යටතේ
abddfb81f4	59778	එසේනම් වැඩි සහල්පිටි දමා විකිණිම
abde42bd89	778ef	එවැනි ප්‍රහාර නොඉවසා
abdf6a8ea5	019ba	දෙවන මුව රංචුව වනයට ගියේය.
abdf88349c	ffa9f	නමුත් මේ සෑම වැඩක් හරහාම
abe0195970	88a58	බෝධි පාක්‍ෂික ධර්ම වලින්
abe01d4948	8b8a4	තෘප්තියකින් යුතුව තම රැකියා කටයුතු කිරීමේ
abe090e255	cf7b2	තමා පැටලෙන්නේ
abe0c8d2e4	be341	ජනතාවට තීන්දු ගත හැකි බව
abe0d4ed58	7d982	ඔන්න අද තමා මේක බාන්න දැම්මේ
abe1012e62	016b5	එසේ වුව ද ලංකාවේ ජීවීන් ගෙන් අති බහුතරය
abe13df80f	40e62	සාමාන්‍යයෙන් නොකරන ඒවා කරන එක
abe157aadc	be173	බුදුදහමට කැමැති බවයි.
abe16813aa	ac562	ගාල් කරන්නට සිදුවේ
abe1d7e3ee	ed4c3	වෙනස දැක්වූයේ
abe25b1827	45f15	ඒත් වෙන වෙන කස්ටිය
abe2ac3fb9	2a845	ගෙදර පෙරළා පැමිණි තාත්තා
abe330a709	d1b3d	අපට නිදහස ඕන තරම් තියෙනවා.
abe3bb5044	7599b	ඒකට සමාවෙයන්
abe3d43410	23c9f	නිවුස් හොයා ගෙන ගෙදර එනවා.
abe49edf6e	f5954	අද මම ඔයාලට අරන් ආපු
abe4b3245b	29f4f	අපිට මහා සංගීත සම්ප්‍රදායක්
abe4b54fbf	b9dc2	මෙය ඉතා උසස් තත්ත්වයේ පිටපතක් බව
abe4e2d115	6a26f	උත්සහ දරණවා.
abe4f4da32	7374d	සූත්‍ර රාශියක් පසුව ශ්‍රාවකයින් අතින් බිහි වූ බව
abe4fafef0	a973b	මල් පැණි ගෙන යනවා.
abe52e739e	42cde	අවුරුද්දක් වේවා ක්‍රිෂාන්ත
abe6114ed9	be843	අධිවේගි මාර්ග හැදීම
abe632a2cd	34e38	උබ අනිත් ආත්මේ ඉපදෙන්න ඕන
abe66de0c1	a3a6a	දැම් හැමෝටම අමාරුවනේ
abe706ee0e	ffa9f	ගස්වැල් වලටද පණ ඇත.
abe70ff0db	77895	සිංහල ජාතික චිත්‍ර ශිල්පී
abe818b495	7424f	පුරාවිද්‍යාඥයන් විසින්
abe832ac04	fb100	සැප ලබන්නට කැමැතිනම්
abe94a947f	3139c	එමෙන්ම ධනය
abea37277d	c8784	එමෙන්ම මෙම කාන්තා ව්‍යාපාර නායිකාව
abea50805d	156fe	අද තීරණය කොට ඇත.
abeae069d3	3fcd4	ව්‍යාපෘති වලින් ගන්නා ලාභය ඇත්තටම ලාභයක්ද?
abeb2d187d	eae99	අර ඇනෝ ආතල් සයිට් එකේ
abeb735a9f	409ee	අනුරාධපුරයේ දැවැන්ත වාරිමාර්ග ක්‍රමයක්ද දැකිය හැකියි.
abeb79d958	0e353	සිදු වන්නේ සූර්ය හරය තුලදී පමණයි.
abebe633d4	f2ef0	යමෙක් මෙලොව මිනිසත් බව ලබා
abebfd753f	3d532	මොකද යන්නෙ කොහෙටද
abeca72482	c4922	ගංගා නදිය යම් තැනක ද එතැනට වැඩි සේක
abed23c7a0	0b586	මේවා සුළුකොට බැහැර කිරීමට අපහසු බව
abee220e9c	3d532	බුදුරජාණන් වහන්සේ හඳුන්වා දුන්
abee646748	8957e	එදා තමයි දුකාට ඇතිවුනු මේ සිතුවිල්ලෙන්
abee96ce1f	fda64	how to remove my save password in internet explorer
abef08ac05	78366	පහළ වූ බව පැවැසේ.
abef4abf5f	a6493	ගැහැණුන්ගේ සිය වස යැයි හඳුන්වනු ලැබේ
abef8180ba	4b1be	කමෙන්ටුවක් දැම්මේ?
abf04f87d2	3fa09	real video downloader free download
abf068232f	6dcd3	ඔහු කවියෙකු වන්නේ නැත.
abf0bbbb4d	045af	පොඩි එකෙක් ඉන්නවලු
abf0d7df84	45f15	පිළිතුරු දෙන අවස්ථාව නිරූපණය කරයි.
abf1280130	bba51	ගෑස් තෙල් මතු නොව රන් මැණික් මිනිරන් ආදී
abf1686fbc	1913e	එය උදාන වාක්‍යයකින් පවසා
abf16e12a2	91589	ඔවුන් පැමිණි බහුතරයේ
abf1d7e300	7d7d0	සාපේක්ෂ බව
abf2984386	c8454	දේවස්ථානයේ තැන්පත් කරන ලදී
abf2c12909	225dc	රාම රාවණා පුරාවෘත්තයද සමහර
abf2c7ab50	58355	ඇය මෙසේ පවස
abf30b10c2	4a53b	එයට යාබද ඉඩමේ
abf320ca6e	fda64	තුති සහ ජය!
abf37036e3	b136f	මේ ගීතය එදා ගැයුනා
abf403f11b	361fc	වළගම්බා රජතුමා උපක්‍රමශීලීව පසු බැස්සා.
abf4188565	0eea5	ඒවා හදාගන්න පුළුවන් විදියයි විතරයි
abf42bbc1a	23329	එහෙම කරොත් එහි ප්‍රථිඵලය
abf465d8f8	225dc	ගමන් බිමන් සඳහා
abf4b9d350	937dc	මේක දකින තුන්වැන්නෙක් අවසානයේදි
abf57d9741	db538	එහෙත් අද බොහෝ විට සිදු වන්නේ
abf5b9e351	4f068	යන්ත්‍ර මන්ත්‍ර, නක්‍ෂත්‍ර ආදි ගුප්ත විශ්වාසයන්හි එල්බ ගැනීම
abf5fd05d0	3a976	හරිම සංවේදීයි!
abf660794f	f3aed	එනම් සූර්යයා මීන රාශියෙන් නික්මෙන්නේ
abf667fc78	ab81c	රෙස්ට් හවුස් ගෙස්ට් හවුස් හෝටල්
abf6ba52ed	1ccf9	ඉසුරුමුණියට දකුණින් ආදාහනය කළ බවත්
abf6e62cea	41a77	තියෙන ලෙඩක්.
abf6fc2105	b704b	එහෙම නෙමේ අංකල්
abf7581929	f5954	හැබැයි ආරංචියෙ හැටියට
abf77a2e50	11742	අද වීරය වගේ ඉන්න මමත්
abf800a132	f200a	ඊට එරෙහි අරගලයක් ඊජිප්තුවෙ
abf89ec74d	37790	මේ කැලේ රඳවාගත්තෙ ඇයි?
abf8b24130	21138	අවබෝධය, බුද්ධිය, ප්‍රඥාව පදනම් කරගෙන
abf8e4e433	0e353	පෞර්ෂයයි.
abfa371831	fda64	මෙසේ පැහැදිලි කරයි
abfa638ef5	d7784	මිනිසා ඉපදීමෙන් පරිසරය ඇතිවේ
abfb731e03	206b6	ඒත් මේ කිරණ තියෙන තැන
abfc43a6a7	14f37	හැමෝම දකීවි
abfc5025f6	760be	එකක් වත් දෙමු
abfd6d92c1	1ccf9	සාමාන්‍ය ස්වභාවයයි
abfe284191	1a1f3	සිහිපත් කරමි
abfebfa8cf	3139c	එහෙම බැලුවම
abfedc4f1f	14f37	නැත්තම් විනිසුරුවනි කියන්න වෙනවා!
abff5206db	dc5ef	ලිපි පෙළ කියවූ අයට නම්
abff6dba23	ab81c	තමන්ව මාකට් කරගන්න වෙනවා.
abffbcfb7a	89130	උත්සාහ කළහ.
abffe4cf55	7599b	සිංහල උපසිරැසි සම්බන්ධයෙන් ඇතිවන ගැටළුවලට පිළිතුරු.
ac00458c29	c8454	ඊට වඩා වැඩි ඒවත් තියනවා
ac0173b430	33901	sirasa tv online
ac021a8ce9	72b54	අප්‍රේල් මාසයේ 13 හෝ 14
ac02332fb6	e8ec1	මරණය සාධාරණ බව
ac0240c2e1	87c4c	බුදුවරුන් වහන්සේගේ අවවාදය
ac02680803	2d52b	ගවයාට තැනක් ඇත්තේ
ac02816d66	80862	හැබැයි ගෙදරින් මෙන්ම ඉස්කෝලෙන්ද
ac02a2d800	e1e01	උපාලි ගෘහපති
ac02e04805	9125c	චිත්‍රපටියේ කථාවෙන් කියවෙන අවධිය වෙතට.
ac02e13312	663e8	පැමිණිලි ඉදිරිපත් නොවීම හේතුවෙන්
ac02fe0a30	a360d	පහළ නොවූ අබුද්ධෝත්පාද කාලයක්.
ac0337294f	0fcb7	sri lanka school girl
ac041487da	39cc4	ඔය ගොඩේ බයියො
ac04f3403d	34e11	හිමියනි, අපි පළමුව පිටත්ව
ac050536ac	a360d	මෙහිදී උන්වහන්සේගේ පිළිතුර වන්නේ
ac054f35de	39cc4	‘‘ගොපළු ගුලිය“ නමැති ඖෂධය
ac06225548	8af08	එනම් චිත්ත චෛතසික රූප
ac06232fdd	d4fa9	නිවේදනය කොට ඇත
ac068944cd	a7d05	එම නිසා දානය
ac06bd891c	60906	මම මගේ නිදර්ශන තවදුරටත් ගෙනහැර දක්වනු කැමැත්තෙමි
ac06ef2d34	8e63d	එන මේ දවස එනකම් කියලා.
ac073c2d03	c11e1	10 සූත්‍රයේ දක්වන්නේ මෙසේ ය.
ac0790d187	ed3e5	බැනුම් අහන්නෙත් අම්මලාමයි.
ac07bf9ca9	fe361	රද්දොළුගම ශ්‍රී බෝධිමළුව ගංගොඩවිල සෝම හිමිගේ ගුණ සමරුව
ac07d61f03	00349	ඉන්නවා කියලා අපි දන්නවා
ac081605ea	3f57d	seo tricks 2013
ac085a44a0	c8454	භික්‍ෂුන් වහන්සේ නායකත්වය දෙන්නාහ
ac08b7f683	1c3b9	tsunami photos
ac0920eeb6	ec9a8	එය ඉමිහිරි ආහාරය කි.
ac09334a96	94b34	ඔබගේ තර්කය නිවැරදියි.
ac09861f9f	9a1ed	මාධ්‍යවේදීන්වද සිනහ ගන්වමිනි
ac0a26fa77	3d532	ගෙදර ඉන්න මායියට හොරෙන්
ac0a952e23	6054f	දැන ගන්න එපැයි.
ac0b16b9dd	32358	කොලොන්නාවේ විපුල කියන කෙනාව
ac0b257b61	bac38	තනි තනි පුද්ගලයන් වීරයන් වසයෙන්
ac0c272f7b	781ce	අනික සමහර සබ් වල
ac0c682a4d	2a845	අන්තිමට ඒ දෙක යාකලාම
ac0cdf5b57	ae3ff	ඔය මගුල අත ඇරලා
ac0d09239c	237ce	පුද්ගල ආත්ම දමනය සඳහාම හේතුවන සාධක පහක්
ac0d50fd0a	7374d	උපමාව තමයි
ac0d994d4e	2db87	තමන්ගෙ නැති ගුණ ප්‍රකාශ කරලා
ac0daf137d	6b5e6	ඕනෑම ආගමික කාර්යයක්
ac0e611a7a	3d705	එයිනුත් කිසියම් සියුම් හා අහිංසක වින්දනයක් ලැබිය හැක.
ac0f42e38b	a9c56	ඇස් දෙක තෙත් කරගෙන බලනවට?
ac0f51e3b8	ddb8f	අද මේ පැත්තට ඇවිල්ල තියෙන්නෙ
ac0f7c0a95	c11e1	එම දැනුම්දීම ප්‍රකාර
ac0fa8b209	89f4f	මොකද මේ පළවෙන ඒවා
ac0fe67d9b	a6493	තවදුරටත් යමක් සාකච්ඡා කිරීම වැදගත් වේ.
ac102d4258	fc710	වෙන්කරගන්න කරන්න පුළුවන්.
ac102ffbaf	e5fb8	සත්ව ආහාර මෝලට විකුණා දැමුනි.
ac103513b9	42cde	පංච ඉන්ද්‍රීය ගෝචර නොවන බව
ac10495b58	1c3b9	ඉන් බෝට්ටුවක් සාදාගත් ඔහු
ac10e359a3	0b586	usa today crossword
ac116a709b	37790	ගෝසිංග සූත්‍රයේ සඳහන් වේ.
ac11c29986	ac581	භාවනාවේ ආරම්භක අවස්ථාවේ දී
ac11c7cf80	b3dda	වරක් ශ්‍රී ලංකාවේ රජය ප්‍රශංසාවට ලක් කිරීම
ac122d4429	95423	හරිම ලාභදායී විදිහට
ac1261f271	8c558	අපේ උන් ත්‍රිපිටකය තියා
ac1298d472	1db0f	saree style in srilanka
ac12fdb108	a13a8	නාම මාත්‍රව අතුරුදහන් වී ඇති බව
ac1435e0e1	7ba10	හමුවන්නේ දකුණට හැරිලා ගියාමයි.
ac151e734d	4e81e	පානදුර වෙස්ලියන් දේවස්ථානයේ අධිපති
ac157fb9c7	3d532	අපේ පරම ආයුෂ
ac1589bdfc	346c1	රටක සංවර්ධනය උදෙසා
ac15961598	dc1f3	ඒ ගැන කථා කිරීම විහිළුවකි
ac15c65aab	dc5ef	ප්‍රසාදය, භක්තිය ප්‍රේමය යන වචන ද භාවිත කෙරේ.
ac1775c398	646e1	dj non stop mp3
ac17e16db1	227d7	ඉන්පසුව දේවාලයේ වම් පස
ac18d649bf	70278	අන් අයගේ සිත් කියවීමට පවා සමත්
ac18e5367f	85ebd	පුරාවිද්‍යාඥයන් විසින්
ac19fb2fae	88c80	මිනිසුන් අතර හැදී වැඩුණු
ac1a1e195d	af4ca	මා දන්නා බුද්ධ පුත්‍රයන්
ac1a43eece	df981	tribal design tattoos
ac1a82c794	1913e	එදා කෘෂිකර්මය ආශ්‍රිතව ගොඩ නංවාගෙන තිබීමයි.
ac1a972631	d52f0	මිනිස් ජීවිතයේ අත්‍යවශ්‍ය දේවල් ලෙස ද
ac1ab489fc	7b561	ඉල්ලීම ඉටු කරන්න බැරි වීම ගැන.
ac1ac666e5	70278	ඔවුන් මුහුණ දුන් සති ගණන් පැවති කුණාටු වලින් යුත් වැසි
ac1aff7e57	89130	පොදුවේ ආමන්ත්‍රණ සඳහා යොදාගත හැකිද
ac1b1f63d4	87c4c	පැත්ත ගියත් ඇත්ත කියන
ac1b65deeb	fda64	අභ්‍යන්තර හා බාහිර සාධක මත
ac1c1453a5	85aeb	මේ මහෝත්තමයෝ අනිත්‍යය මෙනෙහි කළේ මෙසේය.
ac1c25d72d	9f1f5	අතුලගේ නාට්‍යයේදිත් අටවෙනි ජූරි සභිකයා
ac1c4206f4	fe361	දැකපු ගමන් ම මුලින්ම මට දුක හිතුණා.
ac1d3c7c9b	e5259	අපි හිතන පතන විදියට විතරයි
ac1d4987c3	937dc	මෙවන් සිත් සමූහ වශයෙන් ගෙන
ac1d8923b9	e47dc	අධිශීලයෙහි පිහිටීම සඳහා සූදානම් විය.
ac1dadfecb	8af08	ඉස්සෙල්ලා ලොකු ළමයෙක් උනේ මං.
ac1dcbccc3	45feb	deepika padukone
ac1edeeb78	d94a9	kim 2013
ac1f2d29d1	09537	අපෙ රටේ ඔක්කොම කණපිට.
ac1fce599e	c34c2	rio 2
ac1fd3b8f3	3be3a	බුදුරදුන්ගේ වාසස්ථාන වූයේ රුක්මුල්,
ac1fd9743d	70278	වැඩිය කියන් නැතුව සලරුව රස විදින්න දෙන්නම්
ac1fffbeeb	c1691	එක වචනයක් මගේ ඇහැ ගැටුනා
ac20d74459	c5a59	ලාභයක් වී තිබේ.
ac22a46061	d71b2	කවුද මේ නෝර්වේ සංචරය සැලසුම් කලේ?
ac234ac52d	589b0	යෝනිසෝ මනසිකාරයේ යෙදීම
ac23eee791	bced5	මේ පස් දෙන සමබරව
ac2403faa5	93c65	උප්පරවැට්ටි ව්‍යාපෘතියක් වන්නට බැරිද?
ac24cbbf72	03b7a	මේ ශාපය මොකක්ද
ac2529a718	91589	vehicle donation
ac2543787a	74475	කෙළින්ම එන්න බස් තිබුණේ නැහැ
ac256fc616	dc245	ඒ මැරෙන වෙලාවට
ac26b44063	23329	රටක මොකක්ද මේ කතාව.
ac26d7298d	bc55f	කළුමැද කියවූ කතන්දර
ac2823ea41	f9391	උපවාසකරුවෝ පවසති.
ac28586756	f3efc	බෞද්ධ සමාජය තුළ දක්නට ලැබෙන
ac29210e23	b3777	අහිංසක කොල්ලන්ට කෙල්ලන්ට
ac29235ad1	23c9f	තවත් බොහෝ කරුණු අතරේ
ac296dcef8	6e92f	මෙම දාගැබ හා සබැඳි
ac2989c056	3e0de	ගොඩක් දේවල් කොපිද.
ac2a21f579	501f8	ජාතික සේවක සංගමයේ ප්‍රධාන ලේකම්.
ac2a7ae1bf	e47dc	මොකද අද මහරගම තත්වය ගත්තොත්
ac2a7c4990	dff99	එත් ඇමරිකාවේ සහ දැන් එංගලන්තය වගේ රටවල
ac2a90a5b0	0eade	එයා තමයි පළවැනි ගිහි ශ්‍රාවකයා
ac2ab419a6	33901	මෙලොව සිටියහුට
ac2b17f56e	40381	උග්‍ර අලිමිනිස් ගැටුම ගැන සඳහන් කරමි
ac2b1e572c	74475	ශරීරයෙන් කළ ද මනසෙන්
ac2b57dbe9	6996c	ගම්වල දියුණුව සඳහා උන්වහන්සේගෙන් ගත හැකි ප්‍රයෝජනය අප්‍රමාණය.
ac2bac89e1	0b370	ඔබේ පක්‍ෂය
ac2bf5ff35	c26e2	මේකෙ ජිල්මිල්ගෙ චරිතය නරන්නෙ
ac2c2fb979	880bc	යෝගී ව්‍යායාම මනා ඔසුවකි.
ac2c7d3938	e47dc	අල්ලලා ගිහින් වගේ.
ac2c98a41d	6e92f	floor
ac2cb049fa	58355	නුවණින් විමසා
ac2e60c02d	016b5	ලෝක සත්ත්වයාගේ හිතසුව සඳහා
ac2ec0a175	40e62	එත් අද වෙනකොට ඉතිරි වෙලා තියෙන්නේ
ac2ece0702	dd6f8	සංවර කරගන්නවා නම්
ac2f094592	dc1f3	යුක්තව කල් ගෙවිය යුතුය.
ac2f926bff	8fa6b	කියමින් ඉඳලා
ac30036a59	1913e	මට තදබල උවමනාවක් විය.
ac302efb08	462e8	saari jacket
ac306e6899	02b89	අමාරුවෙන් වැඩියා
ac30831039	a0028	දීඝ නිකායේ සාමඤ්ඤඵල සූත්‍රයේ
ac30f1c45c	97d0a	වැඩ කළ හැකියි.
ac31649518	21138	ඇයට අනාවරණය විය.
ac3174c381	f9391	ආරක්ෂක කවුන්සිලයේ නිශ්ෂේධ බලය හිමි
ac31d0a048	e6e7b	මං අතට අහුවෙන හැමදේම එකතු කළා.
ac3229ec8c	ed3e5	ප්‍රාග් ඓතිහාසික මිනිසාගේ යුගය දක්වා දිගේලි වෙයි.
ac326d2dd5	936a6	සිල් සමාදන් වුහ.
ac3295986a	6a26f	බෝධි සත්ත්වයන් වහන්සේ පෙර ආත්මයන්හි
ac32c77675	0b370	මේ බව තේරුම් ගැනීමට
ac333cc6d6	37790	sinhala and tamil new year
ac33402806	23e9e	උඹලා සල්ලි දාපල්ලා
ac3390461d	3dd78	ගම්පෙරළිය නවකතාවේ මහගෙදර
ac33f8785f	dc5ef	එවිට ඉන්ද්‍රයා විෂ්ණුගේ පිහිට සොයා ගියේය.
ac33fe2e44	e0b70	ඔබ අනුභව කරන දේවල්
ac34062b92	fc853	පළමු බැල්මෙන් ඇතිවෙන ආදරය
ac34889a81	5d099	මතක ඇතිනේ
ac34a94551	3489d	තිලංග සජාන්!
ac34b80a09	a7b6a	අපොන්සුවා නියෝජනය කරන්නේ
ac351d161b	14f37	යමකු යම් අකුසල කර්මයක් කළහොත්
ac35383a24	41947	ගැලවෙන්න බැහැ.
ac369a4548	a4315	සියලූ ආගම් එක බවත්.
ac380f8fd3	45f15	මම බයට ටොයිලට් එකට ගිහින්
ac383229d8	89f4f	අවිධිමත් සමාජ තර්කනයයි
ac385e9ab4	88c80	කාලකන්නි ආංඩුව නිසයි
ac386b162a	23e9b	මගේ හීනය හිත ඇතුළෙම
ac397da696	1575e	උන්වහන්සේ සඳහන් කරති.
ac39c34a02	babec	අප පෑන් සහ පොත්වල වටිනාකම වටහා ගත්තේ
ac39ee5e86	225dc	විශේෂ අවසරයක් නොමැතිව
ac3aa7d53e	09537	අප්‍රිකාවේ අලින්ට වඩා
ac3adc5cc5	e8724	මොකද ගමේ අය ඔය සම්බන්ධයෙන් විරෝධයක් පළ කරනවා.
ac3b66daf3	c04d5	ඒවාට එරෙහිව ප්‍රසිද්ධියේ
ac3c0e0361	c1715	පෙහෝනා ගුණයෙන් පෝෂිත ය.
ac3c8d032c	023c3	gagan malik
ac3c9b7bb8	045af	එම ප්‍රකාශය පිළිබඳව
ac3ca26b2f	8e991	බුදුරජාණන් වහන්සේ සක්මන් කරමින් සිටියා
ac3cea7ed2	746ff	ඇත්තෙන්ම බටහිර විද්‍යාව යනු පට්ටපල් බොරුවකි.
ac3ceb4394	7b332	වර්ථමානයේ සංවාදයට ලක්වී ඇති කාරණා වෙති
ac3d2e7359	89130	බුදු දහම
ac3d3ba175	e9dcb	දිගින් සෙන්ටිමීටරක් පමණ වූ සිහින් පත්‍ර හටගනී.
ac3d609896	c8454	hidden objects game
ac3d80f479	1afa7	එකෙක් මාධ්‍යට කෙලින්න යද්දී
ac3de39ac4	23c9f	ඇයි කියලා අහනවා.
ac3e2b2bb8	4f068	ඒ හැම එකකම අනිත් පැත්ත.
ac3e3b4280	409ee	කවටකම් නම් කළා.
ac3e4b7a15	1575e	ministry of public administration
ac3e6c3cd3	14f37	අනුමත වෙන්න කලින් මට
ac3eed78f1	d1c44	පොළොන්නරු යුගයට අයත් ඇඳුම් බව වියත් මතය යි.
ac3f4d23ec	4a53b	අයිය මලෝ ගේ අම්මා
ac3f83cd72	fd8a1	නාමරූප හැදෙන්නේ නෑ.
ac3ff3cc7b	d78dd	bob marliy potos
ac40460457	7db06	නාරාහෙන්පිට පොලිසියේ අත්අඩංගුවට පත්ව සිටි කළුආච්චි මහතා
ac40702ee8	7f4b1	තවම ආදරයක්‌ සොයනවා
ac40d6c8b6	52af9	ඉතින් ඔවුන් වැලිතලාවෙන් ඔබ්බට නැඟී ගොස්
ac412237f2	5dec9	අපි හැමෝම එකිනෙකාගේ තිබුණු අඩුපාඩු හදාගෙන
ac413bbb21	a9c56	එම ප්‍රාර්ථනාවන්ද වූයේ
ac431413b4	c696a	මේ දෑනුම යනවා නම් වඩා හොදයි.
ac437cd305	d9b9c	අන්පේක්ෂිත වූ සිදුවීම් පෙළකටයි.
ac445883ff	b1a64	එහෙත් එසේ කී පමණින්ම
ac446f1824	338ff	ඇයත් හොදම සහාය නිළියට
ac44fbd932	c094f	සියලූ දෙනාගේම සිත් කම්පා කරන්නක් විය.
ac45656570	3062b	අරාබි වසන්තය මැද පෙරදිග තුළ දැල් වූ
ac45afc3da	190e9	metal detectors treasure hunting arizona
ac45f02c92	e3ad7	මොකද කෙනෙකුට එතෙක් නොලැබි ප්‍රසිද්ධියක් ලැබුණාම
ac4653625f	88c80	ඒ බුද්ධ ශාසනයත් නැතුව ගියා
ac46578d94	3183b	නැන්දා කාමරයෙන් එළියට ගියා.
ac47039869	34e11	බුදු දහම රැකෙන්නේ නැත.
ac48b3ee0a	c26ed	එවිට ලක්ෂ ගණන් නිරිසත්වයෝ
ac49035dc7	0b586	අමතක වෙන්නේ නැහැ කවදාවත්..
ac4920a138	c1715	මුහුණ දීමට සිදුවන දවසකි.
ac49eb7a8f	6064f	එහි නිධාන කතාව
ac4a81957e	5b471	පොඩි කොපියක් දුන්න
ac4af84243	b3dda	වෙනම කියවීමක් අපට තියෙනව.
ac4ba9ccde	45feb	එහෙමද කතා කරන්නෙ කලවැද්දෝ?
ac4bff3dd3	23329	ඒක ඒ අයගේ වැරැද්ද නෙමේ.
ac4c7cd898	7ba10	අධික පිරිසක් මෙම එල්ටීටීය ට එරෙහිව
ac4c85be30	58355	එම විරෝධතා සංවිධානය කර තිබුණේ
ac4d9b1c59	1d339	ඔබ ඔය ඇඳගෙන ඉන්න ඇඳුමට
ac4de36ab5	bac38	පාලක පක්ෂයේ විශ්වාසයයි.
ac4de63c02	32337	අවසාන කොටස ලැබෙයි
ac4df1489e	87c4c	kaspersky 2013 key
ac5021bc49	09537	තවදුරටත් ශක්තිමත් කිරීම සඳහා
ac503eb90f	a9c56	බුදුරදුන් මේ අන්දමට සොබා දහමට සිත ඇල වූ නිසාම
ac507ec2aa	30026	මෙම පූජා වස්තු අතර
ac50ec0e06	a1577	පරීක්ෂාවට ලක්ව නැත
ac5181fdff	6e111	නූතන ලෝකය සිමෙන්ති සොයා ගෙන ඇත.
ac525f7f62	0e1e0	racing games
ac52736042	ccf7a	වැඩිහිටියන්ට ද කියවා
ac52a45260	1db0f	ඒකට හේතුව නම්
ac53212f88	d4fa9	පුණ්‍යවන්ත මෙම රණ මොණරා,
ac53407e8e	8b8a4	ඉහත කී ප්‍රහාර සම්බන්ධයෙන්
ac53447519	bb0e6	වෙන්නේ මොනවද කියලා බලන් ඉන්නවා
ac5354ccbf	cd0b3	එතකොට ඒ ලාභයට අනතුරු කරන කෙනා
ac537c066d	81570	නිල වාහන අහිමි කර
ac53cf9e1d	6064f	මාධ්‍ය ජාල වලින්.
ac545b1134	f200a	ආදරය කිති කැවෙන එකී දුක තවත් ඉවසාගත නුහුනු ඔහු
ac54666fe2	e42fe	අප්පිල ඇත්තෝ කතා දැම්මා
ac55068613	589b0	ලකුණු පෙන්නුම් කරයි.
ac563df3b9	655f4	මෙය ගිල දැමූ බවයි.
ac56c3734f	b8a97	ඔයවලට විරුද්ධව
ac56cc9d5f	646e1	ඉතින් ඒ වගේ දෙයක් හතුරෙකුටවත් වෙන්න එපා
ac56cf80e4	1d339	එම ධාතු ගර්භයට අවශ්‍ය
ac571c851c	60906	යම් යම් අයගේ බලපෑම් නිසා
ac572211b5	c2201	අතීතයේ කවද හරි දවසක
ac5861587d	2ea36	ඔයාටත් ඉන්නවද
ac58b0a8ea	be173	එහි සිටි හැම රෝම වැසියෙක්ම
ac58d4fd2c	ccf7a	මුල් කොට ගෙන කැරෙන සැණකෙළි අවස්ථාවක්
ac59d2f434	09bf2	මෙවැනි ගෞරව නාමයන්ගෙන් පිදුම් ලබන මව්පියන්ට
ac59daebbf	1f5ff	උන්වහන්සේ සරණ යාමය.
ac5aab59ba	4a724	එතැන ඇත්ත ආදරයක් නැහැ කියලා.
ac5b83fdd7	d6ab0	ඔන්න කැමෙති අය ඉන්නවා නම්
ac5bf80358	0b586	එමිරේට්ස් ගුවන් සේවයට අයත්
ac5c24aebd	da449	සිංහල විෂයයක් ලෙස හැදෑරුවත්
ac5c3477fb	4a724	එදා භාග්‍යවත් බුදුරජාණන් වහන්සේ දෙව්රම් වෙහෙරේ වැඩසිටිය
ac5c3560eb	d6c85	පහසු කටයුත්තක් නොවීය.
ac5c4bb963	b06d1	එපා කිව්වාට ඉතින් ස්තූති නොකර බෑ
ac5c51925d	cf582	මෙරට එකම වෙදකම බවට බටහිර වෙදකම බවට පත්විය
ac5c610e66	bafa0	ගුණතිලක යන මහත්ම මහත්මීන්
ac5c96938d	77b4b	ඒත් සාමාන්‍ය ජනයා හිතන්නේ
ac5d086808	309ce	අනුමෝදන් නොවුනා කියා පින අපතේ නො යයි.
ac5d1b33ab	97d0a	අර ගල උඩ වතුර ටැංකියට
ac5d7e664e	1afa7	අප්පේ රොයිලි අයියේ
ac5d83e23b	c6f6b	ජාතික ලොතරැුයි මණ්ඩලයේ අනුරාධපුර අලෙවි නියෝජිත
ac5dce6355	4b5d0	නිරූපණය කළ යුතුව තිබූ චරිතයක්
ac5ddec7f9	1ccf9	හරිම සම්මුඛ පරීක්ෂණය තිබුණේ
ac5e03f20a	936a6	එහෙම ප්‍රේක්ෂකයව අල්ල ගත්ත තැන
ac5eca4167	7ba10	ඉතින් ඉගෙනීම අවසන්කරලා
ac5f828ef5	d4fa9	දුර දිග නොබලා කටයුතු කිරීමෙන් අපහසුතාවලට මුහුණ දීමට සිදුවේ.
ac602787fd	d2f72	ඔන්න ඔහේඑ ගන්නවා
ac605fe497	c5b76	ඒවා ප්‍රධාන වශයෙන්
ac61140ce2	f7f4f	මස්සිනා වගේ සමානත්වය පෙන්නුම් කරනවා.
ac61692323	4e81e	තව තවත් බොරු කියන්නට සිදුවේ.
ac6248bbc5	4f3cd	එයාට සපත්තු අරන් දෙන්න
ac625b3aa3	60906	නිතර ලබා දෙන දිරිගැන්වීම් වලට.
ac62aaa57d	8af52	එතකොට අර සුභට අහන්න ලැබුණේ
ac639914e1	7b332	කරේ තියාගෙන අපේ අත්කම් ශිල්පීන්
ac63b0ee96	65469	ඇමරිකාව සොයාගැනීමට වඩා
ac63c9512b	589b0	ඔය උඩ ලියලා තියෙන වර්ගයේ ගීත
ac644ea4c5	fda64	පොත්පත් ලියන,
ac658f0d2d	f32c3	ඇවිත් රෑට උයලා කාලා
ac65b08906	8fa6b	එතුමා මට උපදෙස් දුන්නා
ac65e36ceb	e42fe	මෙහි නාගයින් යන නාමයෙන් හඳුන්වනු ලද්දේ
ac66384cf3	912d1	රජයේ ආරක්ෂක බලධාරීන්
ac663f1975	93c65	ඔබ දැන් ඉන්නේ හදේ
ac66869717	0e353	බුදු දහමේ දී
ac66d61986	019ba	ගෙනල්ල බොරු ප්‍රචාර කලේ
ac670c6afa	be341	අවිස්වාශ කරන්නවුන්ගේ හදවත්
ac6726749d	7f4b1	ඔහු විසින් අඳින ලද
ac677d2ef5	e5fb8	මේක හොයන් යනකොට
ac67f27b45	47746	ඔන්න ඔබට දැන්
ac6806a44f	a7c07	ජනතාවට තිත්ත වුනේ.
ac688bcba6	a3a6a	එහිදී එක්‌ මැරයකු සුමන හිමියන් ඇදගෙන ගොස්
ac68f9e62a	ae3ff	මහාචාර්ය සෙනරත් පරණවිතාන ශූරීන්ගේ අදහසට අනුව
ac692564a6	bae1a	අදාල රූපරචනයේ
ac692cf2db	14f37	තුශාරි දරා ඇති ප්‍රයත්නය හොදයි.
ac69a01e6e	3489d	ඔවුන් යක්ෂ ගෝත්‍රිකයන් ලෙස හඳුන්වනවා.
ac69da68dd	c1c21	වස්තුවක් නිර්ලෝභීව පරහට දීම
ac69eccfa2	271cb	ඔවුහු දක්වති
ac6a5e098d	4f068	මිනිස්සුත් මේ කෙම් ක්‍රම
ac6bbba4ab	e9dcb	සාන්ත තෝමස් ඉංගී්‍රසි විදුහලට ඇතුළත් කරනු ලැබීය.
ac6c87362e	4e81e	පළවෙනි ‍ෆිල්ම් එක බලපු අය
ac6d033ffd	76999	අද පවතින සිංහල ජාතියට
ac6d75768d	b06d1	මං රනේෂ්ගෙ ඔ‍ෆිස් එක ළඟ
ac6de401fd	c094f	gifts for wife
ac6e3d4a08	abbea	සින්ඩි ටික තෝරගන්නත්
ac6e66b2c4	03b7a	තියන තැන්වල අකුරු තියෙන්නෙ
ac6ec0fd7c	a3d94	ඊට පස්සෙ සෙල්ලංකරනව
ac6ed60fbb	462e8	ඔබවහන්සේ නඩු කියන්න යන බවකුත් ආරංචි වුණා.
ac6f02fb41	a742b	මුස්ලිම් මූලධර්මවාදයට හා අන්තවාදයට
ac6f486c22	338ff	ඒත් පත්තරේක
ac6f5de37e	cb1fe	blue
ac6fa0115e	0c839	ධර්මය සොරකම් කරන්න.
ac71367cc8	663e8	sirasa news
ac7179e134	30661	බොහෝ දෙනා භාවනා කිරීමට යොමු වන්නේ
ac723f64d0	29f4f	පැන නගින ඇතැම් ගැටලු 100 ක් පිළිබඳව
ac726cc59d	71b3e	එම අවවාදයෙන් පසු අතවැසි භික්‍ෂුව වඩාත් කෝප විය.
ac72fa89af	40a63	එයත් ඛාන් කෙනෙක්
ac7306e23f	a4fcc	විවරණයක් මජ්ඣිම නිකායේ දැක්වේ.
ac73231c42	84048	එතුමන් වර්ෂ 1930 දී
ac732b97c2	c8454	sri lankan airline ticket price
ac7431b5fa	346c1	නවම් පුනු පොහෝ දිනක දීය.
ac7450b37f	7b332	ගොයම සරුවට වැඩෙන අතර
ac75e863c2	e42fe	කතාවෙ රසය ඔයාලට ඉතුරු කරන්නත් ඕනිනෙ.
ac7604a19b	3fa09	අක්කනෑ මහත්තයෝ
ac774ac4a5	f2348	එමෙන්ම එබඳු විමසුමක්
ac7756b5fb	d78dd	අපිට මේක සිංහලෙන් හෙනාවට
ac775c6ca0	d71b2	ඔන්න භික්ෂුවක්
ac77e19911	936a6	එදා නොතිබූ දෑ සියල්ල මෑවෙනවා
ac782f4996	466d8	ඔවුන් ගියේ රෞරව නම්
ac78791331	ff3fa	අපි දැකලා තියනවා
ac787b8eb1	8eb5c	උඩරට වතුකරයේ අක්කර දහස් ගණනක්
ac787cb14c	ff3fa	එහෙත් ආයුර්වේද දෙපාර්තමේන්තුව
ac792467f0	fefdf	එදා දීර්ඝ ටෙලි නාට්‍යවල
ac794b42a0	65469	චිත්‍රපටියක් හදන එකත්
ac798bf278	89f4f	ගෙදරින් එළියට ඇවිත් බලනකොට
ac79c71736	9f1f5	අලංකාර වලින් පිරි ප්‍රේමයක් තුල
ac79def839	e5259	ඒ ගැන කණගාටුවෙමි.
ac7a70ab82	a3a6a	එය ශක්‍රයා දැක ඔහුගේ ජටාවෙන්
ac7aaccbef	3be3a	මේ ප්‍රකාශ කරන පුද්ගලයො විතරක් නෙවෙයි
ac7ad7cdb2	43324	බොහෝම ස්තූතියි සහෝදරී උපසිරසට
ac7ca7cd54	746ff	දැනගෙන හිටිය කියල.
ac7cc40c11	52dbc	නියම වැඩක් හේවා
ac7d3febaa	34e38	එවිට වනෝද්‍යානය බලන්න එන
ac7d90f0b6	356c8	ඉස්සරහට න්‍යෂ්ටික බලාගාර ඉදි නොකර විදුලිය ලබාගන්න අමාරුයි
ac7da263c1	9f1f5	සතුටින් ජීවත්වෙන එක තමයි මගේ අරමුණ .
ac7dd2e677	ec9a8	ඊට පස්සෙ ටිකක් ඇලේ ඉහලට ගිහිල්ල
ac7e471c41	babec	ඔයාලම බලන්න
ac7ea818b6	3062b	ප්‍රධාන ගැටලු කිහිපයක්ම ඇත.
ac7f82ccc1	937dc	ප්‍රත්‍යක්‍ෂකයක් විය යුතු ය.
ac7fec58b6	d6ccd	ඉගැන්විය යුතුයි.
ac80448f74	346c1	ඊළඟ පියවර වෙන්න ඕනෙ
ac80b65c6e	a360d	මොවුන් මෙයත් රහසින්ම ගිනි අවුලවා
ac80fd6d77	ed4c3	සූතිකාගාර පුහුණුව හෙදියන්ට ලබා දෙනකොට.
ac813fcdb9	b3a0c	කවද්ද මේක වුණේ
ac81c6c2d5	b9dc2	tv channels covering olympics
ac82017319	019ba	අවතාරය වැඩිපුර ඉන්නවා කියන්නේ.
ac822bec47	b8a97	සාධාරණය කිරීම පිණිස
ac82322db9	4b5d0	කාටදැයි අමුතුවෙන් කීම අනවශ්‍යය.
ac83dacee0	438c8	ඒ අය වෙනුවෙන්.
ac849445d7	8957e	නමුත් කරන හැම වැඩක්ම හරියනවා.
ac855c5bac	a6a62	සැපම විඳ ගන්නෝ ය.
ac855df2a1	32358	ඔබ සැලසුම් කල යුතුයි.
ac85d2512a	72337	ක්‍රියාකාරකම් විචිත්‍ර ලෙස
ac85e0a6d9	7599b	ඇතැම් බස් සංගම් සභාපතිවරුන් මාධ්‍ය සංදර්ශන පවත්වමින් මට විරුද්ධව පෙත්සම් ගැහුවා.
ac861d63be	68b8a	එවන් අතුරුමංවලින් ඔහුට ලැබෙන
ac876b3b03	6c5e8	එහි වූ අපූරු හෝරා යන්ත්‍රය
ac8784c8dc	54242	එහි අභ්‍යන්තර ප්‍රජාතන්ත්‍රවාදය
ac87d9ed45	fd786	ගෞතම බුදුරජාණන් වහන්සේගේ ධර්මය අහලා
ac87e69a6e	d94a9	අමතක වෙන්න විදිහක් නැහැ
ac88210469	a742b	ආරාමයන්හිදී නිතර අසන්නට ලැබේ.
ac88733a49	f2931	බොහෝ අවස්ථාවල
ac89a11096	37790	පාරේ හිඟා කන්න වෙයි ද?
ac89a95afa	589b0	කොටි හිතවාදී ඩයස්‌පෝරාව
ac89be1bca	29f4f	ගුනාත් එක්ක
ac89c6df38	96564	ඒත් දැන් එප්පාවල
ac8b0ce736	84048	ඇත්තටම පෑලියගොඩ ප්‍රදේශයේ දේශපාලනයට තරුණ තරුණියන් එකතු වුණේ මගේ දරුවා හින්දා.
ac8b1fc61b	ee066	ෆිල්ම් එකක් හොය හොය ඉන්න වෙලේ
ac8b3a474c	1ccf9	මේ පෘථිවියේ කෙලෙස් සහිත මිනිස්සු
ac8b467af5	03500	ඒවත් නිපදවලා තියෙන්නෙ
ac8b86bdab	64af4	ඔබ එයට අකමැති වීම ගැන
ac8ba3aa4e	912d1	බොහොම හිතල මතල වැඩ කරන
ac8be90c2c	53c73	රජයේ ඉහළ නිලධාරීන් ද මේ ගණයේ ලා සැලකිය හැකිය.
ac8c527212	8957e	ඒ පුද්ගලයගේ රසාස්වාදයේ
ac8c79db27	fd8a1	එය මුළුමනින්ම සදාචාරය මත පදනම්ව
ac8c850467	6e111	treatment
ac8c8c7932	880bc	ඔබත් වගකිවයුතු නොවේද?
ac8eae949a	c1c21	විඳීම දුක් සහගත වෙනවා.
ac8f03f670	c1691	දැල්වී දිලෙන්නා වූ සුවඳ තෙල් පිරි පහන්
ac8f253a57	67c8b	අකුසල් රැස් කර ගන්නා බව තේරුම් ගත යුතුයි.
ac8fddb271	8b124	එම දෙදෙනා ගමේ පදිංචි පිරිසක්ද සමග
ac9033e5c5	51515	එතුමා පවා කිව්වෙ
ac9037ec66	9e6d1	කළුතර බුලත්සිංහල විස්තරයකි.
ac90c57a02	c5a59	ආයි පන ගහල ගත්තෙ
ac9168b21b	74475	ඓතිහාසික විපරිණාමය තුළ
ac9170954a	b8589	ප්‍රසිද්දම කෙනෙක්
ac91c4d6d2	a360d	දූෂණය කරන එක නවත්තපල්ලා.
ac91cc017d	019ba	එදා රෑ නිදාගන්න ගිය පැඞී
ac923a3959	3be3a	ice age 3 free download
ac92e228f2	02578	තවත් සුපිරි වැඩක් සමග
ac93a1c31e	f2ef0	අපේ කාලෙ හිටපු එකම ආරක්ෂක නිළධාරිණිය
ac944a4259	237ce	වඩාත් සුදුසු යැයි සිතමි.
ac951502fe	92649	මේක තනියම බලන්න
ac9546b575	ac562	මෙම නූතන ඉදිකිරීම් තාක්‍ෂණයේ අභියෝගයන් ජය ගන්නේ
ac95c0d653	1d339	ඇසුරු කිරීම් වලදී කල්පනාකාරි වන්න.
ac95ec50a2	37790	එහෙම හොයාගත්තත්
ac9753dae4	eae99	අපේ පැරණි හොඳ දේ
ac976741c6	78366	වැසි කාලය එක තැනක සිටීම.
ac97965f79	c6a4f	භාවනාවට උනන්දුවක් දක්වන අය
ac97e2db17	2e800	අයිතිය උදුරා ගැනීමක් නිසා.
ac988f613b	2a1cd	සුමේධ තාපස අවස්ථාවේ සිටය.
ac98a2873d	bafa0	එහෙත් ඉන් ඝාතනය වූයේ
ac98aff171	40953	ඉටු නොකිරීමෙන්
ac98ba724b	3a747	ඔයා බුදුරජාණන් වහන්සේ ලඟට ගිහින්
ac98bb499b	3fa09	ඒක රූපගත කරන්නේ
ac9927d2ed	39cc4	මම මේ ක්ෂේත්‍රයට ආවේ.
ac99369d20	54242	හිතන්න මත්පැන් පානය කර
ac99441b10	44e28	කට උන්ට උත්තරත් නැතිව යනවා
ac9a3d1334	019ba	එය නිශ්ශංක මල්ල රජු වැදගෙන සිටින
ac9ace87d8	dd43a	එහෙයින් ඔහු කළේ
ac9b385e4f	c04d5	මේ යුගය වනවිට සිදුකරමින් සිටියේය.
ac9b9d9146	cc423	පැරැණි ලේඛනයන්හි
ac9bc8bcaf	4b1d7	මෝඩ රෝස මලුයි මෝඩ බඹරුයි ඉන්න කල්
ac9c3c7153	438c8	යවන මේ කාඩ් කෙළිය
ac9c3f7cf2	52af9	ඒ දේවල්
ac9c9a14a2	409ee	එවිට කේන්ද්‍රය යනු
ac9cf87d2f	271cb	විශිෂ්ටත්වයට පත් වන්නේ එය විසින් ම විනා
ac9cff8fc3	9a1ed	එම අරුතින් විමසා බැලුකළ
ac9d2aa52a	0e353	ආසියාවේ මිනිසුන්ගේ මනසේ ඇති
ac9d666209	3d532	හමුදා මාධ්‍ය ප්‍රකාශක පවසා සිටියේ
ac9d695980	6dcd3	තව තවත් දියුණුවට පත්විය.
ac9e00222e	c26ed	එම පන්සලෙහි වැඩ වාසය කළ
ac9e1d79a7	30026	ඉතින් ඒ වෙලාවේ ඔයාලා වෙනුවෙන්
ac9e3655f6	11528	ක්‍රියාත්මක කරයි.
ac9e6c1c2c	c1691	ක්‍රමානුකූලව හුස්ම ගනිමින් සිටින නමුත්
ac9ef66274	4e81e	සාරංග දිසාසේකර පුබුදු චතුරංග දමිතා අබේරත්න
ac9f3a886f	cc423	උද්ඝෝෂණ කරද්දී
ac9fabcd61	bd2b2	ඔබ තුමා
aca01e02d7	ed0c5	චිත්‍රපටි වෙනස් නේ.
aca04a291a	ee3d2	මාලිගාවෙනුත්
aca0f585d4	2df96	අනුරූප කරන්න උත්සහ කරනවා වගේ.
aca19905bd	39029	පොළොන්නරුව මහ රෝහලට රැගෙන ආවා
aca1ad2beb	96564	වසර විසි දහසක් කල් මහණදම් පිරුවා
aca26ee95f	b0095	මුල්බැස ගැනීමට හේතුවක් විය.
aca39f5d3f	1a1f3	බිය, සැක, සංකා, තිගැස්ම හා චකිතය වගේම
aca3f02d53	cc423	ආකාශය වුව මානව
aca46a9b3a	dc245	මෙම විග්‍රහය තවදුරටත් පැහැදිලි කර ගැනීමට
aca474fa8c	3d705	අනිවාර්යයෙන්ම අමනුෂ්‍ය දෝෂ දුරුවෙනවා.
aca4996c05	db538	එවිට පුද්ගල මානසික සමබරතාවය
aca5596421	4a724	ඔවුන් දිවි හිමියෙන් බැඳී ඉන්නෙ
aca5611a55	4b1be	බුදුසමය තුළ පාත්‍රය සම්බන්ධ විවිධාකාරයේ සිද්ධීන් සිදුවී ඇති අයුරු
aca56cc783	32358	එවැනි පුද්ගලයකුට අදාළ පාර්ශ්වයන්ට වගඋත්තර බැඳීමට සිදුවන අතර
aca6716df0	ae3ff	එමෙන් නිවන පිළිබඳ අවබෝධය
aca769afff	c1715	අපි හැමදාම ඔයගොල්ලෝ එක්ක ඉන්නවා කරත් නැතත්.
aca7b3a0af	a4fcc	විරුද්ධ වෙන්නෙත් නෑනේ.
aca7f1f06f	76999	ආගන්තුකයා සමහර විට
aca8636711	e5259	අපේම විතරක් නෙමේ ඉතිං
aca87873d7	effa6	මෙහි අදත් ඉර සේවය බැලීම සඳහා
aca8e2aeda	bafa0	එසේ තියුණු හාස්‍ය රසයෙන් අනුන
aca8fd974a	2e076	අඩුවීම පැහැදිලි වෙයි.
aca921f9ed	b7054	තවදුරටත් ඔබමොබ සක්මන් කොට
aca92df64b	5a4cf	අර්ථකථනය කරගත හැකි වූ යුගයකි.
aca93eeb44	4f068	ආදායම් බලපත්‍රය ලබාගැනීමට
aca9b5ce9e	ed4c3	අසමින් වද දුන්නාහ.
aca9ddcd68	53c73	බලශක්ති සුරකින ශ්‍රී ලංකාවක් යන තේමාව පෙරදැරිව.
acaa577425	4a53b	පාවිච්චි කරන්න පුලුවන් අවුරුදු සුභ පැතුමක්නෙ.
acaa64d4dd	92637	බුදුන් වහන්සේ සමවත් සුවයෙන්
acaafff1a8	c3bd0	උසස් කෘති බිහි නොවෙන්න
acaba1bb36	6e111	බොහොම අශෝභන තැන් හැටියට තියෙනවා
acac9fb2d3	a6493	බුදුවීමෙන් පසුව පළමුව මංගල ධර්ම දේශනය පවත්වන්නට වැඩියේ
acacd23c1a	c3bd0	මොනවා වුනත් එකට එකතු වෙන්නේ
acad181a56	3f57d	පහුගිය කොටස
acadc68208	ccf7a	අක්‍ෂර කලාවත් ඒ සමඟ
acae067481	e42fe	පෙර සිහි මුලාවීම සිදුවීමටත් ඉඩ තිබෙනවා.
acae64e80b	d52f0	මේකෙන් ගියාම සිංහල ගන්න පුළුවන්
acaecef8a7	5a4cf	එසේ නොවන්නේ නම්
acaf64a513	9125c	මගේ වත්ගේ වත් ප්‍රොෆයිල් වලට හානියක් වෙන්නේ නෑ
acaff2df31	ae3ff	සත්‍ය සොයා ගැනීමට අප ගත් උත්සාහය සාර්ථක විය.
acb02beb90	c6f6b	පෙන්වන විරෝධයක්.
acb0825e24	6e92f	බුදුරජාණන් වහන්සේ මේ අන්ත දෙක අත්හළ යුතුයැයි වදාළේ
acb09ceee1	237ce	ඔවුන්ගේ සැබැ බලය ආරම්භ වන්නේ
acb0d12126	231ca	මේ ධර්මයෙන් පුංචි හරි පිහිටක්
acb1d91d4a	77b4b	ඉදිරියට තවත් නාට්‍යයක්
acb2a48a55	8827b	අනේ අපිටත් බලල සමාන වෙන්න
acb2b06301	00349	ඉදිරියේදී මෙවැනි ගැටලු තියනවා
acb32dd311	f3f41	එමනිසා උමතු වන එම මව
acb3638070	53c73	අපේ ගෙදරට හැමදාම උදේට කිරි බෝතලයක් ගන්නව
acb3dd9792	b6ca9	පසිඳුරන් පිනවීම සඳහා
acb447b6d7	bba51	භාරත ඉතිහාසයේ ශ්‍රේෂ්ඨ රජු ලෙස
acb4ec8ae9	4801b	ඔබත් තෙරුවන් සරණයි !
acb5277cab	781cf	එය එක් දහස් නවසිය හැත්තෑ ගණන්වල දී ද
acb5629d8b	d23af	මම කිසි සේත්ම ගැටෙන්නේ නැහැ.
acb57d6451	93c65	දුටුවේ මුළු නුවරම ගිනි ගෙන දැවෙන සැටියක්
acb5955b27	d4fa9	රන් කොත විකුණලා කියලා.
acb59e36ad	2d52b	අවසාන වශයෙන් වැඩේට බොහොම ස්තුතියි කිව්වා.
acb5a63789	8e991	ඒක සීයට සීයක්ම
acb5d34aac	0e1e0	බක් මාසයේ සිංහල අවුරුදු උදාවෙන් පසුවය.
acb5e59301	c1691	ඔබතුමාටත් මේ උණ පඳුර ලෙසින්
acb61d9620	fd786	games free
acb6d6c397	237ce	එතරම් මුදල් ලාභ නොලැබෙන බවක්
acb6dc86e9	2e076	අධ්‍යාපන සංස්කෘතියක් තුළ
acb7d5cccf	ac581	ඝාතනය සඳහා ඔවුන් පාවිච්චි කළ
acb7f024c6	44978	උන්වහන්සේගේ සිතේ තියෙන්නේ
acb8242bba	d2f72	spierman
acb88c98c9	7d7d0	යසස් කියූ වේලේ
acb8f905a3	f2931	අවිශ්වාසය නිසා පාවිච්චි කරා කියලා
acb8fc256a	85ebd	සැටලයිට් ඩිශ් එකක් භවිතා කරන්න
acb9eb9176	361fc	එම දුර්ලභ වාසනාව හිමිවන්නේ
acba32794f	f3f41	රජයත් ජනතාවත් යා කෙරී ඇති විශ්වාසය
acbb13325d	d6ab0	ලෝකයේ ඇති උතුම් වටිනා දෙය හැටියට පෙනී යයි.
acbbb98099	60ae5	නමුත් මෙහිදී මානව හිමිකම් උල්ලංඝනය වී ඇත්ද?
acbbcc5193	89130	තාත්තට හරි අම්මට හරි තියෙන
acbbddb1ce	d6ccd	පටන්ගත්තොත් හොඳයි කියලා.
acbbfced51	a13a8	ඇතැම් නොමිනුසුන් විසින්
acbcfcbdb7	190e9	gossip on this
acbdcae5be	781ce	පොත නම් කියවලා තියෙනවා.
acbe008d40	ad58a	දියුණු කර ගැනීමට හැකිවන දවසකි.
acbe5d8ca3	76999	මහත් පුණ්‍ය සම්භාරයක්
acbe773843	3d532	පරිපාලන ගඩ්ඩෝ ටික දැන්වත් අයින් කරන්න
acbebf58cc	f3aed	මිරිසවැටි චෛත්‍යයේ
acbfa57132	60906	එබැවින් නීතියට අනුව
acc062b014	ac581	මම ඒ ආරාධනාවට කැමති වුණා.
acc0be9272	a7b6a	ඒ සඳහා වෙන් වූ විශේෂිත
acc2193f4f	94b34	වචනෙකින් හරි දිරියක් දෙන හැම කෙනෙක්ටම
acc21d5aa3	0e86b	ප්‍රඥාව මුහුකර ගනියි.
acc26397d3	dff99	පැමිණිය හැකි දැයි
acc2c27b4e	f7f4f	ඉතාම හැඟුම්බර කටහඬක් හිමි
acc34114ab	271cb	අනෙක් කාලය ක්‍ෂේත්‍රයේ යැයි
acc37431e3	d9b9c	බුදු දහම පිළිබඳ
acc37f5e46	babec	ඒත් ඔය ඔරුවල බන්දු කියන
acc3c24c46	f3f41	ඔයා බුදුරජාණන් වහන්සේ ලඟට ගිහින්
acc43f8b12	252fd	අපිට අපේ ජනාධිපතිතුමා විශ්වාසයි.
acc44adf43	3dd78	හරියට පොරෝ තල කෑල්ලක් වගේ.
acc452510b	3139c	නියමිත මාත්‍රාවන්
acc4694191	96564	එනම් ගණන් ගැනීම අරඹන දිනයේ සිට
acc4b6ba23	d94a9	අධ්‍යාපනය හමාරවනු දක්නට ලැබිණ
acc4e28012	bced5	මෙකල රචනා කළ කෘතීන් කෙරෙහි
acc51d5996	89130	අමතර ප්‍රතිපාදන අවශ්‍ය නොවේ.
acc590eeff	0184c	ගාණක් දෙනවනම්
acc5c57c9c	0a2fe	ජේ.ආර්
acc5ea522c	37790	opera mini
acc600532a	72f9d	සාම්පූර් බලාගාරයට අත්සන් කළ ගිවිසුම අනුව
acc620a569	40e62	එතන ඒ මනුස්සයා ඒක
acc676da9f	252fd	එතකොට එයා ස්වාමියෙක් නම් බිරිඳට හොඳට සලකනවා
acc7a1b652	dc245	මේකේ දැකපු ලොකුම වරදනම්
acc7d6eed5	8f885	ඔබට මට හිමිව තිබෙනවා.
acc7f20ec8	47746	ඔසියන්ට හොඳ වැඩේ කියලා
acc8e08142	4b05c	අසන්න ලැබේනම්
acc8e46763	0e375	දිල්ලි ප්‍රාන්ත මැතිවරණයෙන්
acca24adcd	ec9a8	තිබිය යුතුමයි.
acca924693	c4922	වතුරේ දිය වෙලා යන දේවල්
accace0a60	b7054	දෙදහස් අට වසරේ දී
accaec1758	f32c3	ලොව ඇති ඉතා උසස් කුසල කර්ම අටක්
accc26c486	d23af	ඉතින් විවාහ වුණා
accc7724ab	be843	සාමාන්‍ය කෙනෙකුට එහෙම වුණා නම්
acccb0f636	b06d1	වැසි පොද වැටෙන පරිදි දිය කැපීමේ මංගල්‍යයකිනි.
acccb90c0c	bfb80	මේ නගරයෙන් කොහෙට හරි නිවාඩුවකට යන්න.
acccca15c8	d9b9c	යථාවබෝධය, මාර්ගඵල අවබෝධය ප්‍රඥාව හරහා
accd09f0bc	1913e	ඒත් මුස්ලිමුන්ගෙ ගහනය වැඩිවෙලා
accd7b0689	791e8	මේ දීර්ඝ සසරේ
accd99e8bb	5b471	doenets lk
accde2f92e	e0b70	අධිරාජ්‍යවාදීන්ට එරෙහිව නැඟී සිටීමට නම්
acce118cb9	95997	ඔබට සිදුවෙනවා
acce229a85	91fdf	ධර්මය නෙවෙයි බුදු පිළිම.
acce67c53e	8e63d	චතුරාර්ය සත්‍ය අවබෝධයට සිත පිහිටුවා ගන්න.
acce7aeee6	a13a8	මේ තොරතුරු තවදුරටත් ගොඩ නගමින්.
acce8d821b	2e076	සාකච්ඡා කිරීම සාකච්ඡං සමාපජ්ජති
accf3d2cc7	476be	පාහියන්ගල වූවා විය හැකි ය.
accf9c2c63	2bc1e	ඒත් මේ ආකාර
accfa934cc	b8589	ඔර්ජිනල් ආගමට වරෙන්.
accfc0ccad	a6493	පිළිතුරු ලබාගැනීමටත් හැකියාව තිබිණ
acd0c1ee72	33901	පොඩි කොපියක් දුන්න
acd12a0613	b7054	එල්.ටී.ටී.ඊ.ය පරාජයට පත්වුණා
acd1b2ebc0	b7510	සුවපත් කිරීමටයි.
acd27cdc87	ce989	දහම් පොතපත එමටය.
acd2c20ed4	55ab9	රටේ තියෙන දේශපාන ආධිපත්‍යයට වඩා
acd31cccd2	f0b2e	මේවා මුලදිම නතර කරගන්න තිබුණා.
acd352d066	3e0de	අතිශෝක්තිත් එක්ක .
acd353a833	3fa09	විස්වාස කරන්න
acd425ae6b	c34c2	ඒත් පරිසරයේ
acd49a7435	84afe	පියගැට පෙළකිනි.
acd4b343d1	60906	උඹට යි පාස් සැත්කමක් එහෙම කරගන්න ඕනේ
acd4b42269	55ab9	නමුත් කියන්න දෙයක් නැහැ
acd5631d37	d4fa9	මේක බැලුවම
acd5a10057	c1691	එම තරඟයේදී
acd64de2d1	ab81c	ඊට අවැසි වූ සියලු කටයුතු
acd6e243f7	1575e	ට දැම්ම නං
acd719fb38	016b5	මිනිස් ජීවිත සමග සෙල්ලම් කිරීමට පෙලඹුණේ ඇයි?
acd7644bfa	0c839	සංචාරක අමාත්‍යාංශයේ ඡායාරූපවල
acd786079b	02578	ඔවුන් මුදාහැරුණි
acd85b1ba9	d0123	gem and jewellery shop names
acd95b777c	0622a	වැදි බස් වහර පිළිබඳව නිවැරදි අවබෝධයක්
acda36c47c	e35a8	උපසිරැස කරුවන් දන්නවා නොව
acda4acdde	7424f	ඝර්ම කලාපීය රටවල
acda97482a	39029	මුළු ලෝකයම ගොනාට අන්දමින් ඉතා ඉක්මණින් මේ තුන්වැනි ලෝකයෙන් චුත වී
acdabd6416	ce989	තමා යටතේ ප්‍රතිකාර ලබන රෝගීන් කෙරේ
acdad8957a	e61f1	අවබෝධ වෙනවා.
acdafec097	7ba10	අපේ ඔය කියන දික් කොටස නැතෙයි
acdb5c51d9	746ff	දෑස්හි පටලයක් බැහැර වූ පරිද්දෙන්
acdbc2d91c	c5b76	ඒ පාන් කෑලි කාල දානවා.
acdc0a5a56	237ce	උතුර නැගෙන හිර සිංහලයට
acdc2699cd	b0095	ඔහුගේ අනාගත ජීවිතය තීන්දු වෙයි
acdc2a312f	e6e7b	සුද්දන්ට යන තත්ත්වයකට පත්වෙලා තියෙන්නේ
acdc5a3af2	f12ba	වරින් වර තාත්තා ළඟට ගොස්
acdca11d2f	937dc	ස්තුතියි! රචකයා මේ වචන ගැන
acdd6b09e5	a742b	මොකද බං උඹ ලේක් හවුස් එකේ කඹුරන්නෙ?
acddb342a8	3a976	උන් ගේම දෙනවා
acdec64501	4f068	මෙහි කතා විසි හයකින් යුත්
acdefbd830	ff3fa	fruit ninja online play
acdf3f24bb	87c4c	තෙත් වනාන්තර ලෙස පවතින බිම් ප්‍රමාණය
acdf467f90	252fd	දුම්රිය මාර්ගයක් ද ඇත
acdf7fa319	0b586	පිරිත් දේශනාවලදී ද
ace09ea38b	0bd84	දිව්‍ය ලෝකයේ යන එක ලේසියි කියලා.
ace1950234	3489d	ටයිප් කරන්න පුරුදු වෙන එක තමයි
ace1f16c37	11528	ද්‍රවිඩ විරෝධී ආකල්ප ජනනය වූහ
ace1f654fa	f0098	ඇතිවන මරණය 4.
ace2ba99e8	cd0b3	එතන තියෙන හැලඹ ගහේ
ace2c0c758	c34c2	එවිට අප භාග්‍යවතුන් වහන්සේ වදාළේ
ace314ac81	93c65	මගේ සංකේත පිළිවෙලඅවුල් සහගතද?
ace334c3f0	936a6	ආසාවට හිටියේ නෑනේ
ace3cad02c	4a53b	මේ රටට හරියන්නේ නෑ.
ace61649d2	b9dc2	මාරයා බුදුරජාණන් වහන්සේට හා බුදු සව්වන්ට
ace62ade9b	13abb	එත් මං අහල තියනවා කතාවක්
ace62ba238	c95d0	එහෙත් අකුරු නොපැහැදිලිය
ace634337c	b06d1	උන්ද අද මටත් කලින්
ace643cb98	a973b	දයාරත්න ගේ සින්දුව ජ්‍යාමිතිකව වැරදියි.
ace64c8ea5	0b370	හැරිසන් මන්ත්‍රීවරයා
ace6e48a1f	6c5e8	තමා වැඩේ වෙන්නේ
ace72057e9	f9391	මේකට විශාල සහයෝගයක් වගේම ප්‍රචාරණයක් ලැබෙනවා
ace79db502	0eea5	මෙකී සිද්ධිය සිදු වන දිනය පරණ අවුරුද්ද ලෙස හැඳින්විණි.
ace7a52a0e	7e3d4	මිණිපළඟක් බෙදාගන්නට සටන් වැදීමට
ace83fff5c	2e076	එතකොට අපි යන්නේ
ace869efd3	309ce	මෙහි වත්මන් විහාරාධිපතින් වහන්සේ
ace874ee70	c1715	ඇමරිකානු ඩොලර් ට්‍රිලියනයක වෙළඳාමක්
ace97525b1	f200a	මෙහෙයුම දියත් කරනු ලැබ තිබෙන්නේ
ace9de2a3a	f5954	මුදල් හිඟය විදුලි වැට ඉදිකිරීමට බාධාවක් වී ඇති බව දැනගන්නට ඇත.
ace9ec6b7e	4801b	ස්පර්ශය දුක් සහගත වෙන කොට
acea452281	349a2	ඇවිල්ල මහන්සි හින්ද
acea58f8cd	d94a9	ඊයේ පැවති නිලවරණයේ ප්‍රතිඵල නිකුත් වීමත් සමඟ
aceaecbc1e	abbea	උයන්නේ කිහිප වරක් මිරිකා
aceb6bb506	1ccf9	තරුණ කාන්තාවන් සමග සල්ලාලකම් වල යෙදෙති.
aceb93fb7a	84afe	වසර ගණනක සිට විදේශගතව සිටියේය.
acebaa1964	e9dcb	news lanka
acebae2149	b06d1	ඔය කැඩි කැඩි අහෙන්නේ නම්
acebe3e963	52dbc	ගැමි නිවසක් වූ විතාන මහාගේ නිවස
acec39ea77	3d027	කිහිරිඟුරු නම් නරකය වෙතය.
acec4d9936	67c8b	එහෙම රටක අද අපිට
acec68c6b4	15e2b	බලය බෙදා හැරීමේ විසඳුමකට පමණක්
acecd5f89c	0184c	බලපු නැති අය ඕන තරම් ඉන්නවා.
acedaefa48	4a53b	නීතිය හමුවේ
acee701e04	7f4b1	එය කරුණු වශයෙන් හෝ සිදුවීම් වශයෙන්
aceee8a28b	12204	මේ ලෝකයෙන් එහාට පියවර තබන්න
acef364781	c1691	පත් වී ඇත
acef3f1704	466d8	පුපුරා යාම ඇරඹුණේ ඉක්බිතිවය.
acef8796ee	3183b	ඇතිකල ධර්මය තුළ නම්
acef8bcb81	1c3b9	ඔය කියන අරුණෝදය ගැන
acef92edaf	fea0e	සිංහල උපසිරසට.
acf01be489	03500	මරාගන්න ගහගන්න චිත්‍රපටයක් නම් නෙමෙයි ඔන්න.
acf189220a	3062b	මේ මතය නිසාම
acf197f003	ae3ff	වඩම්ම වන්න.
acf212241c	d1c44	දේශපාලන විසංවාදය නෙමෙයි
acf2e47e2f	95423	ඉංග්‍රීසි භාෂාවෙන් එන දේවල්
acf33742b0	3062b	ඒත් අයියේ
acf33dc027	8af08	පුද්ගලිකත්වය සම්පූර්ණයෙන්ම උල්ලංඝනය කිරීමකි.
acf3bf8e7d	c3bd0	ඉතින් ජූන් එයාගෙ අම්මා ගැන හිතලා
acf4240944	3a976	කමෙන්ට් දාන්නෙ අහම්බෙන්
acf4a9d81d	85ebd	දුටුගැමුණු මහ රජුගෙන් පසුව
acf4d19bef	e5259	මිනිසුන් සිය දහස් ගණනකගේ මොලය වෙහෙසීමෙන්
acf520ff4a	9e6d1	තවමත් කිව නොහැක
acf6422857	7e3d4	අයත් සමාගමේ ප්‍රධානියා
acf6483756	f7f4f	ක්‍රමානුකූලවයි පරිණාමය වන්නේ.
acf67bad5e	cf582	මෙය ආශාවන් මැඩ පැවැත්වීමටත්
acf6f14e38	a3fac	එය හැඳුනුම්පත් සකස්කර ගැනීමේ
acf7757bec	f8790	තරුණ උපතිස්ස තවුසාද ගමන් කරමින් සිටියා
acf77948e8	d4430	සිදු කරන පාලනයට එරෙහිව
acf79d766b	55c20	එංගලන්තෙ ඇන්ග්ලිකන් සංස්කෘතිය
acf7be0869	96564	ඉන් පසුව තවත් නිලධාරීහු සහායට පැමිණ සිටියහ
acf8726f71	89130	ළමයින්ට රටකජු ගොට්ටකුත් අරන් ගෙදර යන්න
acf92972ba	fc710	මේ භවයේදී
acf96ebb7a	8e991	සූදුවෙහි යෙදෙන්නෝ ද
acf984ef13	7b332	ඒකත් වැරදියි කියලා
acf985c4e5	dca20	මුදල් නිකුත් කිරීමේ අයිතිය පැවරෙනුයේ ශ්‍රී ලංකා මහ බැංකුවටය.
acfa1fffa7	23c9f	නමුත් ඒ ණය දෙන්න
acfa731cb4	aa29c	එයින් අදට වඩා හෙටට යමක්
acfafdfb2e	024f4	පළමු ගල්ෆ් යුද්ධයේදී අමෙරිකාව
acfb3fbf54	15cf5	ඉදිරිපත් කරමින් ඇමෙරිකානු රාජ්‍ය දෙපාර්තමේන්තුව
acfc06a355	44e28	ඒකට එදා ඉඳන් අද දක්වාම
acfc28fe24	87c4c	මේ චිත්‍රපටියෙ සටන් ජවනිකා
acfc958259	89830	මහමෙරක් තරම් දන් දුන්නද
acfd00f076	2df96	අත දරුවෙකුට පහර දෙන වීඩියෝව දැක්කද?
acfdfd1947	0a38f	සාමාන්‍යයෙන් ඕනෑම අයකුට
acfe01ca0e	34e38	ඉතින් කැමති කැමති අය පත්තරවලදමාගෙන
acfe39c30b	4f3cd	අනතුරට ලක් වූ නැවට ලඟා වීමට
acfe618243	c04d5	ඔන්න අඩු තරමේ
acff3f7fb9	1575e	මෙය අපූර්ව අත්දැකීමක් නොවන්නේද?
acffb41af7	ff3fa	කරන්න පුළුවන් අයගෙ උදව් ඕන වෙයි..
ad0050cb71	c26ed	වහ වහා වෙනස් කළ යුතුය
ad00f84e44	ac581	ජේතවනාරාමයෙහි වැඩසිිටින සමයෙහි
ad01dcaae5	c1715	තම සොයුරාට දැඩි ලෙස පහර දුන් ප්‍රතිවාදියා සමග
ad029a43f3	34e11	පීඩාවට පත්ව සිටි ත්‍රිකුණාමලයේ ජනතාව
ad02b6606b	3d532	දිවිය ලෝකෙ එක දවසයි.
ad0379aa89	4f068	විනිවිද පෙනෙන ආකාරයටය.
ad0385e2a2	40953	ඔය කියන කතාව හරි.
ad03a54a84	a624d	චීත්තයක් මහලා නුදුන්නේ ඇයි?
ad04695d12	a08e7	මෙම සිදුවීම් ඇසුරින්
ad04eb55e1	ae3ff	සිත දියුණු කර ගත යුතු වනවා
ad052493f7	237ce	ගල් කුට්ටියේ පිහිටීම
ad054b0425	8af08	ගල්කිස්ස මුහුදු වෙරළට
ad05c01c7d	33901	රජෙක් තුළ කොහොමද
ad05c37a00	e6e7b	එයට හේතුව සසරේ
ad0608e580	58355	බුදුරදුන්ගේ අරහං බුදු ගුණයේ
ad064e581e	9d5b3	කීම නිවැරදියි
ad075c6651	199c3	දිනයක් බවට පත්වෙයිද කියලා
ad0792c24f	a3a6a	උත්සහ කලොත් නරකද?
ad084b6f82	c4922	ප්‍රසිද්ධියෙ වෙන දෙයක් නිසා.
ad08b57ebc	c26ed	එමෙන්ම ඇස්වල හා උගුර, බෙල්ල ආශ්‍රිත
ad08ba6cd0	e61f1	එම නිසා උන් වහන්සේලාටද
ad093b569b	3e0de	දෙවෙනි එකට
ad098fbda5	1a317	අම්ම තාත්ත දුව පුතා කියන්නේ
ad09ae9356	96564	ඒත් ලක්ෂ ගණන් ජනතාව
ad09c2b70b	237ce	යාපහුව අල්ලා ගත් අතර
ad09fbc328	c34c2	හැමෝටම ජය
ad0a13653a	e8724	හිටපං බං කියලා.
ad0aa8b2f4	361fc	මත්වතුර ඇතුළු මත්ද්‍රව්‍ය භාවිතා කරන්නේ නැහැ.
ad0bb11e06	655f4	ප්‍රශ්න කළේයෑයි ඔවුහු කියන්නට වූහ
ad0bcca09d	f0b2e	මුළු ජීවිත කාලෙටම හදපු එකම නැකත තමයි ඔය පෝරුවේ කතන්දරේ
ad0c2ebc0a	94b34	අපට ඉතාමත් වැදගත්‍ තොරතුරු සමූහයක්
ad0c4c8d5a	bb0e6	අපට මේ ධර්මය පෙන්වා දෙන
ad0c9ed935	23e9b	එය තමයි ඒ ගොල්ලන්ට ඕන වෙලාවට
ad0ca0269e	fefdf	සතුටින් ඉපිල ගියහ.
ad0cbdc350	39029	එතැන බිඳවන්න
ad0cf4f3ce	11528	එවිට ඔබට යා යුතු දුරට යන්න
ad0d65ef37	438c8	අවබෝධ ඤාණය සම්මා දිට්ඨිය
ad0d9eb7e6	89f4f	උමතු ස්වභාවයෙන් හැසිරෙනවා
ad0dd7d0b2	0766f	මෙම කාර්යයට පුරෝගාමී වූ
ad0de5dbb4	23e9b	ඔන්න එහෙනං මමත් බානවා
ad0e377e2f	37790	එවකට කුරුවිට ‍පොලිස් ස්ථානාධිපතිව සිටි ජගත් පෙරේරා මහතා
ad0e504595	a08e7	මෙයට හේතුව
ad0f71902c	2db87	හොඳ දෙයක් කරන්න.
ad0f83a0f3	c696a	ඔබගේ ජීවිතයේ ලැබුණු
ad0fb41466	1575e	නැන්සි හැන්ක්ස් මිය ගියාය.
ad0ff2e1bc	33901	මේක තමයි මේ ධර්මයේ
ad1098be17	44e28	හම්බන්තොට වරාය හදන්න ගත්ත ණය.
ad1098c253	ad58a	මෛත්‍රී භාවනාව වඩන ක්‍රම දෙක පිළිබඳව
ad10af2a05	a7c07	කිසිම කෙනෙකුට දුරකථන ඇමතුමක්‌ගන්න බැහැනේ
ad1109467f	7ba10	බනිස් කියලා හිතාගෙන කන්න පුළුවන්
ad11e5e720	1913e	මෙහේ ඉන්න අය දන්නවා ඇති ඇත්ත නැත්ත
ad139e27b7	936a6	ශ්‍රද්ධාව නේද?
ad13fc9d76	ed4c3	උඩරට සියලූම නායකයන් මරා දමන ලද
ad14f31b8a	237ce	පෞද්ගලිකව වීර්යය, අධිෂ්ඨානය, ශ්‍රද්ධාව ප්‍රඥාව ආදී ගුණධර්ම අවශ්‍ය වේ.
ad153cbb85	0a38f	මේකෙත් ගිය පාර එකේ හිටපු නළු නිළියෝ ගොඩක්ම ඉන්නවා.
ad15478af3	2ea36	උනන්දුවක් දක්වන්නෙකුට
ad15817d07	d23af	විස රසායනිකය ඇතුළත්ව නැත්තේ
ad15e856d9	b6388	මෝඩ මිනිස්සු
ad1866b345	c1c21	පොඩ්ඩක් කරපු එකාට.
ad18757952	1db0f	අනාත්ම ලක්ඛණ සූත්‍ර ධර්මය දේශනා කළා
ad18d250e6	be843	ප්‍රශ්නවලින් මගහැරියේ ද නැත
ad19063479	babec	උගතාගේ සහ බුද්ධිමතාගේ වෙනස
ad19127853	ea3c6	පුරෝහිත බමුණාගේ බිරිඳගේ පතිවත බිඳුණු පසුව,
ad1985fa4c	1afa7	අද රට සංවර්ධනය කරන්න
ad198d5f82	c8784	ඒවාගේ තියන ගතිය
ad199523dd	c5a59	එබැවින් සීල සමාධි ප්‍රඥා යන
ad19baf5c2	190e9	translator
ad19d17bef	40953	මම සුද්දන්ට ධර්ම ප්‍රචාරයේ යන්න හදනවා කියලද
ad1a346329	7b332	මෙලෙස මනුෂ්‍යයෝ පමණක් නොව
ad1a525e4d	44e28	බෞද්ධ ප්‍රබෝධයත් සමඟ
ad1a7cbc59	4b5d0	රජගහනුවර වේළුවනාරාමය කේන්ද්‍ර කරගෙන
ad1aa31d4d	f2348	එය තමයි අපි
ad1aa9fd80	f9391	මේක මාර හිනා යන ෆිල්ම් එකෙක්.
ad1afb1932	f3efc	ඇය ඇය ලෙසින් විනා අන් අයුරකින් ඔබට හඳුන්වාදීමට මට නොහැකිය.
ad1b4f4acc	1a1f3	තිබීම පැසසුම් කටයුතුය.
ad1b80c673	ab81c	ගුවන් ප්‍රහාරයක් මැඩලන්න තරම් අපිට සම්පත් නැහැ.
ad1c664a6f	a4fcc	ඔය විදිහට තමයි
ad1c6c8cbe	dabc0	ඇඳගෙන ඉන්න අයෙක් බව පොලිසිය දැනගන්නේ
ad1c823034	3e0de	එය සාදා ඇති
ad1ccf4434	9a1ed	ඒකෙ ඉන්න තරමක් ඉන්නෙ සමලින්ගිකයොනෙ.
ad1cfa7015	23c9f	එවැනි අවස්ථාවල මතුවන
ad1d07f8d1	dc5ef	උන්වහන්සේගේ පිරිසිදු දහම තුළ තිබෙන්නේ
ad1deaeb59	c8784	මේකා රට පනින්නවත්ද?
ad1e40a2bb	6e111	ඉස්සෙල්ලම ‍තෝරගන්න වෙනවා.
ad1e69de90	6064f	ඉතාම සුදුසු ක්‍රම ලෙස පිළිගත හැකිය.
ad1f105869	40e62	මිනිසා පොම්ප කරන විද්‍යුත් ශක්ති ප්‍රමාණය වේ.
ad1f1a51c9	7424f	බලාපොරොත්තු වූයේ යම් කිසි
ad1f1bf34f	b7510	තම ආරක්ෂාව උදෙසා.
ad1fbf632a	fa2d3	අගතිය පවත්වාගෙන යාමෙන්
ad1fcce618	fea0e	තුන්වන අවධියේදී
ad2008543e	fda64	රජ පැටව් ටිකකකටත් එහෙම වෙන්න බැරිද?
ad207b2da9	54c3a	එක ගලකින් කුරුල්ලන් දෙදෙනකු බාගන්නාක් මෙන්
ad210961e9	ed3e5	ඉදිරියට අපි බලමුකෝ නේද සහෝදරයා
ad220b0fb3	7e3d4	මදයට හා ප්‍රමාදයට කරුණක් වන අතර
ad22d39121	1a317	ධර්මසිරි නීති විරෝධී පතල් කැපීමට
ad22e2767c	b0095	අටුවාවෙන් සම්පූර්ණයෙන් විග්‍රහ වන බව පෙනේ
ad23396021	32358	අපි වෙස් මුහුණු භාවිත කරනවා
ad2358fe4f	34e38	එයාලා හිතපු විධියට නෙවේ.
ad23c200f6	4801b	සල්ලි දෙනවද කියලා.
ad257bf9bf	f5954	මෙසේ ක්‍රමයෙන් මිතුරන් ගණන සමව වැඩිකර ගත්විට
ad2675f617	1913e	මෙම ආධ්‍යාත්මික ගුණ ධර්ම
ad26955f56	acbee	නමුත් කෝට්ටේ නගර සභාව කළ
ad27cd3680	52dbc	ආකර්ෂණයට පත්කරවන
ad287f5211	dca20	ඔයාගෙ පලමු උත්සාහයට සුභ පැතුම්
ad28d61205	b3a0c	ඊට අමතරව අධ්‍යාපන රාජ්‍ය සේවා කොමිසම
ad291e3108	c1715	සාමාන්‍යයෙන් අපගේ රජ්ජුරුවන් වහන්සේ
ad2a4bb573	912d1	ශ්‍රී ලාංකික සිනමාව යනුවෙන්
ad2ac28d9b	d6ab0	බොදු නායකයන් මර්දනය කළ නොහැක
ad2af0395b	43324	අපට තියන ප්‍රශ්නය වන්නේ පේරාදෙණිය සිසුන්ට
ad2b23c7f9	97d0a	ඉතින් මට හැකි උපරිම ආකාරයට තමයි
ad2b9df83e	0622a	මල් පුදන්නේ
ad2bec590b	f9391	මේ දින හතරෙහිදීම
ad2c3926eb	8eb5c	හැබැයි කියන්න ඕනා
ad2c92cd23	a3a6a	මෙම පොදු සංකල්පය රඳා පවතින්නේ කුමක් මත ද?
ad2c9aca8b	ce989	driving games download
ad2ce387ca	97d0a	කියල අදත් කියන්නේ නෑ
ad2cf25b55	c1691	ස්වකීය වගකීම්භාරය මවුපියන් වෙනුවෙන් නොපිරිහෙළා ඉටුකෙරේ.
ad2d9cb668	f2ef0	සරසවියකින් ලැබිය නොහැකි තරමට දැණුම ලබා ගත්තා.
ad2dd673d5	a5886	හත් කෝටියක ජනකායක් ඉඳලා තියෙනවා.
ad2df757b0	89f4f	කතන්දර සමඟින් එකඟයි
ad2e277ce4	17bfd	බුදුරදුන් පරිනිර්වාණ සූත්‍රයේ
ad2e7bbf2e	d78dd	එල මචං මේක නම් පට්ට
ad2eb83b88	78366	දරුණු උපහාසයක්
ad30a505c2	fda64	ලස්සනට පෝය දවස ගෙවනවා.
ad30b0b15a	d9b9c	අනෙක් හැම ඇදහිල්ලක්ම
ad3159577d	199c3	කරුණු කිවයුතු ද නැත.
ad31b4395a	76999	මේකෙදී පේනවා
ad321f4b41	54c3a	මම ගනන් ගත්තෙත් නෑ
ad326f458a	202fc	එතකොට අපිට පේනවා
ad329ef7ef	0e375	ලෝකය හා ද්වේෂය යටපත් කර ගැනීමට
ad33817c1d	be2e9	ඒත් තාම මුකුත් වුණේ නෑනේ චමිලා
ad339012ed	5a4cf	අද කිසිම බාධාවක් නැත
ad33eff080	5b471	සාමාන්‍යයෙන් අපගේ රජ්ජුරුවන් වහන්සේ
ad343d25fb	11528	බුදු දහම හරියට දන්නේ නම්
ad34fc5c17	4f3cd	මාව වසඟයට පත් කළා.
ad36b15d2c	361fc	එකල ලක්දිව විසූ කුවේණිය
ad36d3eb07	72b54	සිංහලයන් ඔවුන්
ad37191f0c	2db87	බලාපොරොත්තු රහිත
ad375e87ea	39cc4	ආදරය කරන දුප්පත් කොල්ලෙකුගේ කතාවක්.
ad37b4ac7a	0224d	එකල භාරත දේශය
ad37eceeb9	a7b6a	මැසි මදුරුවන්ගෙන් පිරි කුඩා නගරයක්
ad38eda50b	156fe	අර රහතන් වහන්සේ නමක් ළඟට දුවගෙන යනකොට
ad38f2eeb2	2db87	බිහිවෙන්න බැහැ.
ad39099277	f3204	උඹ හිතන්නේ
ad39596606	80862	පුංචි ඉරිසියාවකුත් ඇතිවුනා.
ad397f6200	bc55f	ගායකයන් ගායිකාවන් සිංදු කිව්වේ
ad3a86e879	00349	මේ කෙරුවාව දිගටම කරගෙන යන්න හිතෙන්නෙ.
ad3a9b3af7	4b1d7	අනිත් දේ අත පය නැතිව
ad3ab65b00	70278	සසරෙහි පුරුදු සෙනෙහසින් යුතුව
ad3b5d45d3	bc55f	සාදු සාදු
ad3c36440d	5afae	මේ පවුලෙ අය ඇරුණම
ad3c5f84a1	0e1e0	කසිප්පු වලට කට්ටිය අල්ලගෙන ගිහිල්ලා
ad3ca4ca58	dc245	ඉන් පසු ඝන සමින් වසන ලද පතුල් ඇති
ad3cd3019d	e61f1	මේ භූමිය මත
ad3cfcd878	7d982	තුන් වන මූර්තියෙන් දැක්වෙන්නේ
ad3d1e86d2	0e86b	ප්‍රධාන දේශය බවට මේ රට පත් වෙනවා
ad3d222d01	356c8	එදා හිරගෙදර වහලය උඩ
ad3d28600a	2db87	එයා ගේ ඬැකියක් තමයි
ad3d5d3e72	b3a0c	එමලි අදිසයරාජ් සොයුරියගේ ජීවන සටහන් තුළ
ad3d6251e6	ea3c6	මෙම පිරිකර අටෙහි එකතුවෙන් සකස් කරන ලද
ad3d92827c	ad58a	හිතාමත කරපු දෙයක්ද
ad3de05cf1	c26ed	dutunudutu chat
ad3de5ae8b	290a8	දෙයක් තියෙනවා කියලා.
ad3e0b5f34	60ae5	තදබල විවේචනයක් මා සතුය.
ad3e67bc9e	f200a	ප්‍රගුණ කරවූයේ එබැවිනි.
ad3e9620d0	b3a0c	වෛරය ක්‍රෝධය සමඟ ගොඩනැගිච්ච එකක්.
ad3eaf95c7	9f1f5	movie net
ad3ef8d07b	3fa09	මේ හා සමාන වළාකුළු හතරක් ද ඇති බව
ad3f00d2ff	c094f	දිට්ඨාසව නම් වේ.
ad3f4e47c1	d316f	අසාමාන්‍ය කුසල සම්භාරයකට
ad3f7684a7	8e991	ඔය කිසිම නිලධාරියෙකුට
ad3fd5dfd9	778ef	කෙටියෙන් දෙසූ දහම
ad40491055	f71ec	එම නිසා බොහෝ කරදර පීඩාවන්ට
ad413e0b7c	ffa9f	තවත් රෝම ධනවතෙක් ලෙසින්.
ad41a523cf	78366	මෙතනදි අපි බලන්න ඕනෙ ඒ අය වැඩ කරන්නේ ව්‍යවස්ථාවට අනුවද කියලා.
ad41a74d9e	b9dc2	nina pajnič
ad41ef1b3e	b06d1	එහි පිරී සිටි ඔවුන්ගේ මිතුරු මිතුරියන් ඉතා සාදරයෙන් ඔවුහු පිළිගත්හ.
ad4210ec73	d6ab0	මිළිඳු රජතුමාට ප්‍රකාශ කොට ඇත.
ad4229882c	b06d1	බොරලැස්ගමුව දෙහිවල පාර අද්දරම
ad425a0d5a	746ff	එම වෙන්දේසියේදී
ad42a11d87	8c558	එයට හේතුව දායකයා
ad42cddf78	be485	ඒත් ඒ අය ගැන
ad43155314	97d0a	එසේ නොකර ඔබ මුලු සූත්‍ර පිටකයම
ad436c4151	95997	එයාලගෙ සංස්කෘතිකාංග එක්ක
ad436ef999	0bd84	අපිත් ඒ පිරිසට එකතු වූ පමණින්
ad443beda4	fe011	මෙම අණ නිසා
ad448f69de	b8a97	ඒත් අරගෙනත්.
ad449313a6	94b34	අතීතයේදී කොළඹ නවම් මහා පෙරහරේ නැටුම් සඳහා
ad45811f55	7599b	රජයේ ආයතනයක් යනු
ad46ccef30	f12ba	ආදිය තුළින් දෙවියන් හා එක්වීම
ad471b00c0	1a1f3	පොඩි ට්‍රයි එකක් දුන්නා
ad473d3a7b	c4922	කටයුතු කරන බවක් පෙනේ.
ad48656c0f	e3ad7	rainbow bday cakes
ad48cef557	4a53b	මං දන්නෙ නෑ.
ad48d08728	f0b2e	ඇය උසස් පෙළට වාඩි වී ප්‍රතිඵල ලැබූ ශිෂ්‍යාවකි.
ad48e304f8	2fff2	තවමත් නියමිත මිලට විකිණෙන බැව්
ad492fdd0f	a1577	අපි ජීවත්වන්නෙමු.
ad4997f79f	d7f61	මොකද මට සාපේක්‍ෂව බැලුවහම
ad49f08908	02578	අග තනතුරු ලැබුවත්
ad49f4ce6d	f7f4f	තුළින් පැහැදිලි වේ.
ad4a9de58a	d9b9c	මේ අයුරින් කොටස්වලට කඩා ඉගැන්විය හැකිය
ad4aa13540	23e9e	පහලින් තබන නිසයි
ad4b9aedda	09bf2	අන්න ඒ බුද්ධිමත් පිරිස මේවා දැනගෙන
ad4c24662c	d23af	මේ මනස මෙහෙයවන මූලික සාධක.
ad4c3a2778	a4315	අධ්‍යාපනික වශයෙන් කුජිත වුවන්ය
ad4c7e111c	c6a4f	ජිමි එයාගේ යාළුවගේ පලිය ගන්නේ කොහොමද
ad4c91666e	2fff2	එම අවස්ථාවලදී රයන් අකලංක
ad4cc6c3fb	dc245	එය වන සංරක්ෂණ දෙපාර්තමේන්තුව
ad4d58c6be	fda64	අද පොල්තෙල්වලට µම් තෙල් මිශ්‍ර කරලා අලවි කරනවා
ad4d741f6a	ac581	ඔබට නිකමටවත් හිතුනාද
ad4dce34e2	227d7	අපි කරන හැටියටමනේ තියෙන්නෙ
ad4e4f0e70	b136f	අවශ්‍ය තවත් දේ සූදානම් කරනවා
ad4e8ba5b0	ff39f	හැබැයි සිවිල් පිට බයිසිකල් පැදීම නම්
ad4fcf151a	dff99	උපේක්ෂාවෙන් ඉටු කළ තාත්තා
ad4fe2eb91	a6493	එක් තැනක චුම්බක ක්ෂේත්‍රය පිළිගන්නත්
ad50db76eb	4f3cd	පැහැදිලි මදි නම් කන්නාඩි යුගලක්
ad50fea189	0184c	සත්‍ය ප්‍රචාර සපයන
ad5104767d	b06d1	නිර්මාණ ශිල්පීන්ට හැකිව තිබෙනවා
ad511259d5	5d099	මනසින් උසස් නිසා මිනිසා යන නම්ගත් පුද්ගලයා
ad511f262b	9d5b3	මං සාමාන්‍යයෙන් ගන්නෙ
ad512b4a2f	4f3cd	අම්ම වීර මාතාවක්
ad5261ce7f	d94a9	මේ ගැන ඉදිරිපත් කිරිම ගැන
ad533fa7b6	5b471	කිසිඳු අක්‍ෂරයක් කියවා ගැනීමට නො හැකි වන සේ
ad5365434b	8e991	බෞද්ධයන්ට පමණද?
ad53682911	8c9bc	ඔය බන පොත් එහෙම
ad53724ccb	d0123	රන්මැණිකා මහත්මිය අප සමග වැඩිදුරටත් පැවසුවාය
ad53fc3b9e	8c558	පිරිවෙන්හි දියුණුවට මහෝපකාරි විය.
ad54204712	b3777	හැබැයි මෙතැන යම් සුවිශේෂත්වයක් ඇතියි
ad556e42d0	bac38	උතුරට යන වන්දනා ගමන
ad55a8dfb7	f4f83	ගිනි උදුනක ගෙවන ජීවිතය
ad561abf80	babec	හේතු සහිතව මිසක් හේතු රහිතව නෙවෙයි
ad566a6eaf	ff3fa	සෞන්දර්යාත්මක අගයක්ද එක් කර තිබේ.
ad566f2fd2	0b586	අමතා කථා කළා කියලා.
ad56b89a43	be485	අපිට ඒ චරිතයෙන් මිදෙන්නත් බෑ.
ad570e9076	06105	වෙනදාට වඩා ලස්සන මානෙල් මලක් පිපී තිබෙන අයුරු
ad57964cd0	a973b	ග්‍රන්ථයෙහි සියලු සූත්‍ර ධර්මයන් ය.
ad58439eff	c1715	අපේ මිනිස්සු සිද්ධි විශ්ලේශනයට සහ
ad585e19c0	41947	අහිමි කිරීම නිසා මතුවන
ad58934ed9	1a1f3	මෙයට වසරකට උඩදී කාල් මාක්ස් ලියූ
ad58dcfbd6	5a4cf	ඔයාට හම්බ වෙලා තියෙනවද?
ad595aaa35	c26e2	පොලිසිය එය පාලනය කිරීමට
ad59c4bbce	be173	තහවුරු කරයි.
ad5a1c1b58	8e991	අපි කොහොමද විශ්වාසයක් තියන්නේ
ad5a20a08e	02578	ඉන්දියාව තම ලොකු අයියාගේ භූමිකාව
ad5a25d5dc	c5a59	ඒත් මම හිතුවේ නෑ
ad5b216c16	c1c21	ත්‍රීරෝද රථයට ගොඩ විය.
ad5bf6cb9a	a7c07	වඩාත් ඉස්මතුව පෙනුණ කාරණය නම්
ad5c553fe5	c5b76	ඔන්න ෆූටි වගේ එකක් නම්
ad5db07c7a	8af08	එවර ඔහුගේ සිනහව
ad5db5c704	456e2	ගැන බුදුරජාණන් වහන්සේ කියා දුන්නා
ad5e2fafb7	33901	එතරම් හොඳ නැති නිසා
ad5e4c93c6	0e353	friends
ad5ed97498	646e1	දැනෙන්නේ නැත්තේ මොකෝ?
ad5f2c7282	e3ad7	ඔයා මගෙ ලිපිය කියවලා
ad6049112f	c28da	එහෙම කරන්නම වෙනවා.
ad609a7344	44e28	වෙලාවක් නැහැ කියයි
ad60f50648	f3204	හර්ෂ විජය මහතාට අනුව
ad616ac719	dc5ef	අත්‍යවශ්‍ය සාධකයක් වනු ඇත
ad6172b6de	dca20	ලංකාවෙන් පිටවෙලා තියෙන්නෙ
ad6190cb7b	8c558	බඩගිනිකාර වෘකයෝ දෙන්නෙක් වගෙයි
ad620e26db	1b014	අපට මරණයට මුහුණ දීම
ad6222c936	cc423	මෙයින් ගැලවීමට නම්, ත්‍යාගශීලීත්වය දියුණු කර ගනිමු.
ad6267f3c8	b06d1	ඒක ආවායින් පස්සෙ
ad62a53a15	e3235	එමෙන්ම එහි කෘත්‍රිම ආලෝක ප්‍රභවය
ad62e53ec8	a3d94	එහෙම අදහසක් නම් තියෙනවා.
ad63998976	7ba10	ආහාර අනුභව කිරීමට
ad63fe4478	44e28	අයියාට තෑගි දෙන්න ඕනෙ.
ad642b9226	3e0de	අන්‍යයන්ට පැහැදිලිව නොපෙනෙන මාර්ගවලින්
ad6431011f	64af4	අප අතර මතවාදී ගැ‍ටුම් තිබුණද
ad64683a03	08a49	නමුත් ඔබට ගැ‍ලපෙන සුවපහසු මේ කබායේ වටිනාකම
ad64f2da3c	9f1f5	ugc
ad6654e36c	3fa09	ෆට්ට ෆට්ට.
ad666be66d	fda64	බෞද්ධ අපගේ යුතුකම වන්නේය.
ad66821ed8	65469	විකල්පයක් ඔවුනට නැත
ad66af1600	655f4	ඒක තමයි
ad66cb7f74	44e28	ebooks
ad67111285	6c5e8	සෙමෙන් සෙමෙන් ගල් කන්දට වඩිනවා.
ad6740501b	02578	එහෙත් අප අසන දකින දෙය
ad677f4d41	39029	උගත්තු වැඩියි
ad6793a062	ac562	මෙම ජනමත විචාරණය නීති විරෝධී බව පවසයි
ad67cd35bf	284b7	කටයුතු කරන්නේ.
ad68371db2	db538	ආණ්ඩුවක් යනු තාවකාලික භාරකාරත්වයක් බව අපි දනිමු.
ad68fb300e	d0123	ඊට අමතරව රැහේ ගැයුම් වැයුම්
ad6912ae42	09bf2	ගරහන කට්ටියක් ඉන්නවා.
ad6971bcc1	0622a	රජයේ නීතියට ගැටගසා තිබේ
ad69e29ac3	bc55f	බොහෝ විට කෙනෙක් තමන්ට උදව්වක් කළොත් පමණයි,
ad6a9f6a49	2ea36	මෙහිදී සාකච්ඡාවට බඳුන් වූයේ
ad6aa7a5b4	e9dcb	මෙකී පුදබිම්වල ආරම්භක ස්ථානය
ad6aea3fb2	4b127	ඉන්දියාවේ අලිපුර්දුවාර් ප්‍රදේශයේ
ad6b700595	be341	සංගීත කණ්ඩායම්
ad6bb334ce	d52f0	උරුමයක් තමාට ඇතැයි
ad6be1e48a	c6f6b	අමෙරිකාවේ එවැනි මුදලක් ආයෝජනය කරන්නෙකුට
ad6c04a374	309ce	ඇඟිලි ගහන මැෂිමක්
ad6cb9c202	d316f	අනිත් දවසේ දැක්කොත්
ad6ce96d26	77895	මිනිසුන් විසින් ගෙනෙන දානයක් පිළිගැනීමට
ad6da4ccc0	bafa0	මේ වසරේ දෙන්න පුළුවන් වෙන්නේ
ad6e7aae25	2a1cd	එසේ වුවද එදා
ad6ebac1bb	f3efc	නෙමෙයිනේ වෙන්නේ
ad6f08a85f	295d7	බෝක්කු හදන්නයි
ad6f95cdcd	5b471	ඔන්න දැන් කට්ටිය හොයනවා
ad6faf1ed4	a3fac	පාප ක්‍රියා මගින් අයහපත් විපාක ලබා දෙන බවත්
ad6ff75160	25717	ධර්මය යනු කුමක්දැ
ad70c22f89	0c839	එය වඩාත් බලපෑම් සහගත වී ඇති බව
ad71148903	501f8	මේ දවස්වල කාර්යබහුල වෙලා ඉන්නේ.
ad724ba63f	dd43a	මතක් කරන්න කැමතියි.
ad7260c540	409ee	අදාළ වයස්‌ කාණ්‌ඩයේ දරුවෙකුට
ad7263133e	75985	ඒ සඳහා අපට
ad72b1aaca	e5fb8	ව්‍යවස්ථාවේ ඇති ඒකාධිපති ලක්ෂණ
ad736ce57a	55ab9	වෙඩි ශබ්දයක් නිකුත් කිරීම මගිනි.
ad73a3f6de	3d532	එයට හේතුව දකුණු සුඩානය
ad73fe2042	e42fe	නිර්මාණය කළ පළමු තේමා උද්‍යානය ද වෙයි
ad74147633	a3d94	ඔබ වැනි රසික ගොනුවක්
ad745760c7	4b215	හරි දැන් ඔයා බෞද්ධ නං
ad7468478c	1db0f	උබලා වගෙ ලිං මැඩියො එක්ක
ad74aee01e	ff3fa	ඈත කාලයේ දීය.
ad74ef00ee	c34c2	ඉස්ලාමීය සහෝදරත්ව ව්‍යාපාරයේ නායකයාගේ කථාව
ad74f86a56	95423	වඩාත් සුදුසු යැයි මහාවංශ කතුවරයා පවසයි.
ad763c79f6	dc5ef	හැල්මේ දිව යමු.
ad766db5f4	58355	උතුම් චතුරාර්ය සත්‍යය අවබෝධ කරගැනීම
ad76e49172	6dcd3	මේ සියලු පැවරීම්
ad771bcbb3	1575e	භික්‍ෂූන් විසින් භික්‍ෂුණියන්ට අවවාද කරනු ලැබිය යුතු අතර
ad772e325f	92649	දහවන සියවසට අයත්
ad773dedc0	0e86b	එම දේශනාව මහරජුට පමණක් නොව
ad77feade3	309ce	සහතික ඇත්ත.
ad782c68e3	c1691	එයාට එයාගේ යාළුවො පවා නැති වෙනවා.
ad783a6b76	67c8b	අපාචී යනු ඇමෙරිකාවේ නිපදවන හෙලිකොප්ටර් වර්ගයෙකි.
ad786aed90	e6e7b	අනිත් අයට උදව් කරන ගමන්
ad78d50f93	5556c	අන්තර්ජාලයේ පහත සටහනට අනුව
ad793012ce	9125c	පිස්සු කෙලින්න එපා.
ad79d0e943	12204	එතකොට බලන්න
ad7a14e849	2a1cd	පංච නීවරණ පිළිබඳවයි
ad7a48fa9b	2bdfd	අජටාකාශ පර්යේෂණ නිසා
ad7ae6da09	a13a8	ජීවත් වෙලා තිබෙනවා.
ad7b0829f7	ce989	එහෙත් අයහපත් කාලගුණය හේතුවෙන්
ad7b15bcac	349a2	එබැවින් නිවන නම් වූ පරමාර්ථමය
ad7bae64c0	dc5ef	එම නිසා භික්‍ෂූන් වහන්සේලාගේ
ad7be456b2	6c5e8	එවකට පැවැති රජයට එරෙහි දේවල්මය.
ad7e393249	1afa7	තිස් දෙකක් තියෙන එක් කෙනෙක් ඉපදුණාද?
ad7e441fa2	8e63d	බඹලොව ඉපදීමට සමථ භාවනාවත්,
ad7f03d250	8b124	මේ කල්පයේ බුදු වී වදාළ සතර බුදුවරු
ad7f6fe453	c04d5	එක පාරම අන්තිම කොටස් තුන බලන්නම්කෝ
ad7fbb3214	3e0de	එයාලා ඉන්න තිබුනේ
ad8004e533	3386d	ගෙන එන්නයි සූදානම
ad80125ed4	cd0b3	ගෙදර ඉන්නකොට
ad804b2012	c34c2	කර්මය නොවේ
ad80d899d1	019ba	mahajana sampatha
ad80dd9d73	91fdf	තමන් වෙසෙන ස්ථානයට ආරාධනා කරති.
ad81718d3b	6f51b	අනේ ඉතිං දහසක් බලාපොරොත්තු පෙරදැරිව
ad81804401	5b275	එතකොට ඔහු කියනවා
ad81890225	34e11	හොඳම අනුසැකසූ තිරරචනය
ad81d990ec	d1b3d	ඉන්න විදියක් නෑ.
ad81f37917	be2e9	nirosha virajini new photos
ad81f8181a	74475	මේ වෙනකොට අපේ කාර්යාලවල පැමිණීමේ
ad82449010	d71b2	එය පරිසර පනතට හරස් වූ අයුරු
ad824a2444	8957e	මොකෝ ඒ හේතුව
ad82927e28	d9b9c	ඒ විතරක් නෙමෙයි
ad82ad72ba	db538	මුලින්ම ගුරුවරයකුගෙන් සංගීතය ඉගෙනගැනීමට අවස්ථාව ලැබෙන්නේ කොහොමද?
ad832a4b89	f2348	ඇමෙරිකාව ප්‍රමුඛ නේටෝවට ඇෆ්ගනිස්තානයේ එක් අසල්වැසියකු වන
ad83780791	be173	ලිච්ඡවීන් උදෙසා දේශනා කොට වදාළ
ad8391c7cc	34e11	ප්‍රකාශ කල හැකි නොවේ.
ad84071dbe	77b4b	තෑන්ක්ස් ඔක්කොටම
ad846b0abd	e42fe	මේකේ සිංහල සබ් නැතුව වැඩක් නැහැ
ad84d23bb5	c8454	google play
ad8624afe4	95423	විස්තර කෙරේ.
ad862c855a	f5954	ගේ අයට මිසක්
ad872908e1	e0b70	ඊට අමතරව අධ්‍යාපන අමාත්‍යංශයේ ලිපි
ad88283834	b3dda	උපාධියක තිබිය යුතු වටිනාකම ලැබෙන්නට නම්
ad883b00a3	ccf7a	ඒ පිළිබඳ දවල් සිහිනයක්වත් දැකිය නොහැකි තත්ත්වයට
ad887404b4	c04d5	එනම් සිංහල ගායනයේත්, විශේෂයෙන්ම නැටුමේත්
ad888701f3	45f15	ශ්‍රී ලංකාව නියෝජනය කළේ
ad8898a6cc	346c1	සාකච්ජා නැවැත්වූයේ නැත
ad88e441a2	7599b	තේරුනේ නෑ! සබ් එකේ
ad893d982d	9094b	අනික හැමෝම ශාස්ත්‍රීය වෙන්ඩ
ad89481425	456e2	ජෝගේ තේමාවෙන් පිටපැනීමටවත්
ad89593755	346c1	සමගිය සහෝදරත්වය ඇති වන්නේ.
ad8abaa8ad	cf7b2	වරු තුනක් එන්න කිව්වත්
ad8b5f1e07	0eea5	මේ අති උතුම් හිටි පිළිම රාජයා
ad8b7044a9	4b1d7	හාමුදුරුවරු මොන දේ කළත්
ad8b781b08	b704b	සමත් විය.
ad8bf8f5cc	bfb80	බබාලා තව ලොකු උනාට පස්සේ
ad8c9367b8	89f4f	මිනිස්සු කුහක පැවැතුම් ඇත්තෝ වෙති.
ad8caf4277	a624d	නෝනගෙ ගෙදර.
ad8cfdd71c	e5fb8	ඕන තරම් ඉන්න බව
ad8d37a2f4	7d7d0	ඔය මෝහනයෙන්
ad8d4d1f08	3a747	වැඩ කිඩ කොහොමද කියලා.
ad8d60c1eb	912d1	මම රහත් බවට පත් වූවෙමි යැයි
ad8de8c0db	a0028	බුදුසසුනේ එවන් උත්තරීතර තත්ත්වයට පත්
ad8eef2f61	b9679	විවාදයකින් තොරව එකඟයි
ad8f2f8ec9	f0b2e	කට පාඩමෙන් දරාගෙන එන්නට භාර විය.
ad8f597d18	2db87	මේක ප්‍රංශ චිත්‍රපටයක් නිසා වෙන්න ඇති
ad90830e28	8f885	කිසිසේත්ම කිව නොහැක.
ad90d1a77e	c26e2	යම් දවසක අධිකරන කල්ලියක් තීන්දුව දෙනවා.
ad91789c74	c1c21	වගේම ප්‍රතිමාවක්
ad925d6d65	76999	මෙම සලායතනයන්ගෙන් ස්පර්ශකරගත හැකි
ad928be9fd	54242	අපේම සොයුරන් වෙනුවෙන්
ad92a7d89c	ce989	මේ දෙන්නත් අයියා මලෝ වුණාට
ad93671d92	0e353	වනජීවී ලෝලීන් හට කදිම ස්ථාන වෙයි
ad941ab2dc	3062b	කොහේ හෝ රඳවා තබාගෙන
ad94a849b6	d6ab0	බොරු කේළාම් හිස්වචන,
ad96533d1b	1575e	buy
ad967f727b	8af08	sampathnet
ad968ac688	dc245	කළාතුරකින් මනුෂ්‍යයෙකුට අහන්නට
ad96d17aa3	bced5	නමුත් ආචාර්ය ඩොමිනික් පවසන ආකාරයට
ad98e92160	c1691	දක්නට නොලැබුණු අතර
ad997dbf51	c34c2	මෙයා පින්දහම් කර කර ඉන්නවා
ad998a7b84	b7054	වැඩක් නැහැනේ.
ad9a2d459f	c04d5	පොළව මත ද්‍රව්‍යයකින් නිවැරදිව මැන බලලා නැහැ.
ad9ae046aa	05d76	දින ගණනාවක් යාම
ad9bc47f72	5c543	එක්කො තමන්ගේ සමාධිය දියුණු කරගන්න
ad9c1c21c5	937dc	එදින රාත්‍රියේ අපේ පොසොන් නාට්‍ය දර්ශනය
ad9c1f594b	912d1	අප ඉහතින් මාතෘකා කළ ගාථාව අඩංගු වන්නේ
ad9c4454fe	3fa09	බුදු දහම විකෘති කරනවා
ad9c829323	8eb5c	ඒත් ඔහුගේ අනන්‍යතාවය නොදන්නා නිසා
ad9d40310a	d7f61	අපිට කොයින්ද මාළු.
ad9d408dec	4e81e	ඕලන්ද ගෘහ නිර්මාණ ශිල්පයෙ ලක්ෂණ කදිමට දැකගත හැකි අපූරු කැඩපතක්.
ad9d8cb815	225dc	ඔන්න ගත්තා
ad9ddfd6b7	ce989	සියළු රහස් හෙළිදරව් වෙන්නට පටන් ගත්තා
ad9e802bda	9f1f5	මමද තනෝලි අන්කල් ද?
ad9edf3d96	be173	මෙහි ඇති විශේෂත්වයයි
ad9ee65682	4b5d0	ඉන් ඔබ්බට ගමන් කිරීමක්
ad9f10732c	fe011	අලුතෙන් සිතන්නට පටන් ගතිමි.
ad9f33acf3	d9b9c	දේශීය බෝඩෝ ගෝත්‍රික ජනයා
ad9f750146	6dcd3	හිඟන්නා කිසිත් නොදොඩා
ada04e5c85	c1691	කොළඹ මාළු වෙළෙඳ පොළට ගෙන ගොස්
ada0838c94	8b124	බුදුරජාණන් වහන්සේගෙන් අවසර ඉල්ලා සිටි විට
ada1042b36	295d7	අපි මෙච්චර කල් මේවා පාවිච්චි කොලට
ada125d083	52dbc	මොකද පාලම හදල තියෙන්නෙ
ada1de8e20	40381	තැන්පත් වෙන්න උපකාර වෙන්න පුළුවන්.
ada1f11e28	7ba10	ඔක්කම ටෝන් ටික තියෙයි.
ada2cabad1	4f068	මේකා දැන් මේ සිද්ධිය ගැන මොකවත් දන්නෙ නෑ.
ada2cecbfa	225dc	අප උපකරණයෙන් කරන්නේ
ada2d55271	156fe	මේ කවර සිතක් වුවද
ada3764d24	dc5ef	නමින් ලියන බ්ලොග් වල.
ada39ec4bd	7d7d0	එහෙත් දැන් මා ඉදිරියේ සිටින
ada3a1afb0	f9563	කවුරුත් නැද්ද?
ada435a158	d52f0	එක ලිපියකින් දෙකකින් කෙනෙක්ගේ මතවාදය කියවන්න එපා
ada4bb104e	03500	මිහිඳු මහරහතන් වහන්සේ පෙළ දහම
ada53932e7	6064f	ඉතින් ඇත්තටම කියනවනම්
ada59a0a19	e6e7b	ඒ අතරින් ප්‍රධාන බවයි
ada600b250	33901	සමාජය තුළ බලපෑම් ඇති කරයි
ada61bd08a	51515	ජනාධිපති නිල නිවස ඉදිරිපිට
ada6d75063	f3efc	රටේ දේශපාලන ප්‍රශ්නවලදි
ada735f252	39cc4	ක්‍රිස්ටල් බලයත් උපරිම ලෙස යොදා ගැනීම සිදුවෙනවා
ada754a10c	f4f83	අපරාධ පරීක්‍ෂණ දෙපාර්තමේන්තුව
ada8cc9b03	f2348	එතකොට තණ්හාව නැතිවීම
ada967562b	08a49	එහිදී ඇති වු තත්ත්වය පාලනය කළ
ada9828a76	e9148	ලැබෙන්න කියලා පතනවා
ada9a9c5c2	77b4b	හුරුළු වැව සහ හොරිවිල වැව ද වාන් දමයි
ada9b5a84c	15cf5	සන්ධානයෙන් යනවා.
adaa7e36c3	09537	පුද්ගල සංඥාව එනම් ආත්ම සංඥාව ඉවත්ව යයි.
adab674199	fefdf	ඉන් අනතුරුව සිදුවූයේ දොඹකර කොටස
adac629c70	68b8a	පහලින් තියෙන්නේ මලයාගේ ලිපියෙන්
adac7c9db5	67c8b	සේවය කරන නිහතමානී පුද්ගලයෙක්.
adacf8cc6b	55c20	ඉදිවෙන්න ඕනෑ.
adad421781	f32c3	නිව් සීලන්ඩ් මැච් එකේ චන්දිමාල් ටීම් එක මෙහෙයපු ආකාරය.
adad71315e	a7c07	ඒකනායක මහතා
adad8b94c8	a742b	දෙවැනි තැනට පහත හෙළමිනි.
adad90a584	715da	ශ්‍රී ලංකාවේ කොතැනක හෝ
adadaaf1ec	7b332	නමුත් මෙය මීට අවුරුදු දහස් ගණනකට පෙර සැබෑවක්.
adadd58fa1	7424f	සුවයෙන් සැනැහෙයි.
adae0e129b	cc423	ලංකාවටත් ගැළපෙයිද?
adae7714a2	a9c56	එම හේතු දෘෂ්‍ය සාධක
adaea857f0	4b05c	මේ අත්දැකීම් අපිත් එක්ක ‍බෙදා ගත්තාට.
adaf41ceea	1d339	මෙච්චර අවුලක් හදාගත්තෙ ඇයි.
adaf72ff4e	880bc	සෑම විනය නීතියක් ම
adb019f6aa	ac562	අරාබි රටවල් වලට ගොස්
adb054272e	b9dc2	එහෙත් ඈත ගමක කොල්ලෙක්
adb0c01146	a13a8	ක්‍රියාවට නැගීමේ දී
adb1036607	2a845	අපූරු සබඳතාවක් ඇති
adb1533006	e5fb8	උදා සහෝ කිව්වා වගේ
adb165e49c	23e9e	නම දැක්ක ගමන්
adb2de2b4b	55ab9	සුහදතාවයක් ඇති විය.
adb346c983	5a4cf	උන් දරුවන් ඇති අම්මල තාත්තල ය
adb35ef0b7	936a6	අමුත්තන් සඳහා
adb388bb1f	e9dcb	manamali
adb403271e	be485	රාජ්‍ය සේවයට පැමිණෙන තරුණ නිලධාරියෙකු සලකා බලමු
adb404c353	93c65	අල්ලසට හා දූෂණයට එරෙහි
adb4de387e	12204	තේරුම් ගන්න පුළුවන්.
adb5b10ab7	5afae	මන්තාවතී නගරයට පැමිණේ
adb611ac2a	f5954	මේ කරුණු කීපයත් කියන්නම්.
adb614c9cd	23c9f	එතනින් නවතින්නෙ නැහැ.
adb65f4481	7ec98	තරුණිය තම පෙම්වතා ප්‍රතික්ෂේප නොකල යුතු තැනකදී
adb6c17c82	d6d03	දකුණු අප්‍රිකාවේ ප්‍රථම කළු ජාතික ජනාධිපති
adb725c5f2	81570	කැලයක් වත් අද ඉතුරු වෙලා තියනවද?
adb77df4a2	be843	ඒ ඒ ද්‍රව්‍ය උපකරණ භාවිතයට පුහුණු වූවන් මිස,
adb78fb157	3eb66	එබදු අය ඇසුරෙන්
adb7ee4109	be341	අමුතුම එළියක් මිනිසුන්ව පහනට ඇදෙන
adb7f5edc9	2df96	ඔබට බුදු සරණයි! ප්‍රවීන් මැනිලා
adb7fb622f	ee066	සිරිධම්ම හිමියන්
adb8130c70	34e56	ඇතිතරම් බණ.
adb8fc9cb1	96564	එහෙම වුනොත්
adb955c207	df981	සපත්තු මල් කියන එකට
adb9562441	4801b	නමුත් පරම සත්‍ය කියා
adb964b974	0e1e0	දුකින් දුකටම පත්වෙනවා
adb9c34cf4	bba51	නිතර නිතර දිව්‍ය ලෝකයට වැඩම කරමින්
adbb1ce0c4	1f5ff	එතෙක් එක් නිශ්චිත හැසිරීමකට අදාලව
adbb7f4517	babec	තමන්ගේ රාජධානිය හා දිශාව පිළිබදව
adbbee4e13	f0b2e	සිදු වූ අකුසල විපාක පලදීම්
adbc21a81c	45f15	උන්වහන්සේ ගෙන් වචනයක් වැරදිලා
adbc3635b6	2ea36	සැබැවින් ම ඒ අසිරිමත් ප්‍රඥාවට
adbd9192ae	d4fa9	යම් යම් ග්‍රහ බලයන් නිසා
adbdb47055	f71ec	ලැජ්ජ බය තියන එවුන් වැඩියි.
adbde65ed7	1913e	ඔය කිසි ලෙසකින් නොව
adbe120f0d	b9dc2	ආදරය මිත්‍රත්වය අතරේ දෝලනය වෙන අමුතුම ආකාරයේ කතාවක් මේකේ තියෙන්නේ.
adbe5a0272	41a77	ඔහු නමින් දේශමාන්‍ය ආචාර්ය උපුල් ජයසිංහය
adbe5e3096	be2e9	යම් රාජකාරීයක් සම්බන්ධව අසන්තෝෂයෙන් සිදු වූ
adbee446b2	2bdfd	ඥානානන්ද ස්වාමින්වහන්සේගේ සමහර ප්‍රතිපත්තීන්ට
adbf3ed299	94b34	ඈත ගම්වල දුක් විදිමින්
adbfa26007	b9dc2	ඒත් මෙයා සම්පූර්ණ ගෞරවය
adbff50b24	b7163	එයා ගෙදරට ගේනවා
adc076ecea	8c558	පද්‍ය රචනා
adc0801493	8f885	ලාංකික භික්‍ෂූන් වහන්සේලාට සුවිශේෂී ස්ථානයක් හිමිවීමය
adc0b78a71	11742	උඹ හැරුනාම ඌට සසර කලකිරිච්ච නිසා උඹට යන්න දෙන්න ඇති
adc0c8b022	3062b	බැරි වාතාවරණයක් ඔවුන් හදනවා
adc0ed0d19	41947	පැවිදි කිරීම හා උපසම්පදා කිරීම
adc11046ed	a4315	රට දැය වෙනුවෙන් සහ ශාසනය වෙනුවෙන්
adc164158e	c696a	රස්සාවලින් දොට්ට දැමූ හැටි
adc17ca68d	23c9f	මොන වගේ් කර්මයක විපාකයක් නිසාද
adc34408f3	0b370	එය සත්‍යයද අසත්‍යද
adc3985b6a	0e1e0	එබැවින් චිත්‍රපටය තුළ
adc3c5845a	9d5b3	කියන එක නම් පිළිගන්න බෑ
adc3de061d	1575e	එහි වූ රොන්මඩ ආදිය ව්‍යුහයේ ඉහත්තාවේ තැන්පත් වේ.
adc4d1880d	dabc0	අපේ රටේ මිනිස්සුන්ගේ දහඩිය මහන්සියෙන්
adc4ef67d2	8b8a4	offices in colombo
adc5810205	09537	ජය
adc5a3d7d2	f7f4f	ඒත් කෙල්ලව
adc5dc171a	e9148	තමන් විශේෂ නමකින් ද හඳුන්වා ගෙන ඇත
adc65af81d	f9391	අවසානයේ නොලැබී යන තත්ත්වයක් ඇතිවේ.
adc7fcd6c1	05d76	මහාචාර්ය වල්පොල රාහුල හිමියන් පිළිගන්නේ ද
adc85135d4	72337	මොන පර්යේෂණයක් වුණත්
adc9225de9	92649	කෑ ගහන්න පටන් ගත්තා.
adc97f5e3e	ac581	කරන්නට ගිය ගෞරවනීය සේවාව
adc9b066f8	85aeb	මොකද බැලාර්ඩ් බිල්ට බීමත් දීලා තිබුනනේ
adc9bf0886	b3777	එයිනුත් එක් කාන්තාවක් බේරිලා යනවා
adca0cd406	b7510	පවුලෙ අනිත් අයව හොයා ගන්න
adca47de2e	7f4b1	එතකොට ඔවුන් පිස්තෝලයක් ඔලුවට තියල
adca68e641	72f9d	වෙළඳ ව්‍යාපාරික ක්ෂේත්‍රයේ අභිවෘද්ධිය රඳා පවතින්නේ
adcaf33e26	65469	ඉලක්කයෙන් තොරව ඔබ කරන බොරලු අහුරු විසිකිරීම
adcb0bfd4f	67c8b	ඊයේ උදේ හීන්දෙනිය පට්ටිගොඩ
adcb4f2ae6	760be	එම කුහරය සම්බන්ධයෙන්
adcb6b4639	c8784	ඔය වගෙ උන් තමයි
adcbc3f9a9	67c8b	සිත ප්‍රභාස්වර බවට පත්කර ගත යුතු වේ.
adcc119c59	3d027	අද කැනහිලුන් ඒවා ගන්නේ
adcc17e18b	b8589	බිදක් සටහන් කරමි
adcc34cfcd	c4922	දායක වුණොත්
adcc699330	6996c	ප්‍රශ්නයක් වී ඇත්තේ කෙලෙසකද යන්න.
adcc9fc5d2	778ef	ඔබට කල්පනා කරන්න
adccc44dd4	c4922	coco
adcd0efd4f	43324	උබ කියන එක ඇත්ත වෙන්න පුළුවන්
adcd51ad77	ffa9f	මොකද මේ නාට්‍යයේ නමට
adcd6abad2	b0095	හරියට බැලුවොත්
adce22ac8f	bfb80	යාලට බොහෝ අය යන්නේ සෆාරි රියදුරා සමග පමණයි.
adcea8f1ee	d2f72	butterfly art
adcec9e8f3	76999	තුඹස මෙච්චර ලොකුනම්
adcfa8e50f	b1a64	එතුමන්ගේ පිරිනිවීමත් සමගම
add01099f9	54242	මහාචාර්ය වල්පොල රාහුල හිමියන් මේ සම්බන්ධයෙන්
add0749909	fe011	හරි පුදුමාකාර වැඩ.
add0fcdc13	dc245	එඩ්වඩ් යනු
add256a0bb	97d0a	එවන් අර්හත්වයට පත්ව
add266b91c	96564	wedding cakes
add2e30cc8	bae1a	පෙනෙන්නේ නැත.
add2fd6cea	2e893	මේ රටාව තමන් තුළින්ම දැකීම.
add39e4e60	75985	මුල මතක නෑ.
add463da63	54c3a	මේ අනුව විශ්වයේ ඇති පුළුල්භාවය
add4660c16	a624d	ගොඩක් දේවල් මම සොයා බලා
add50eb55d	60ae5	අපේ ඉඩමට වත්ත කියනවා.
add56beabd	c1691	එහෙත් එකී පුද්ගලයාට
add57020d2	a5886	ස්වාමීන් වහන්සේලා නන්ද ස්වාමීන් වහන්සේගෙන්
add589c724	89f4f	ගලා එන්නට විය.
add5942a63	bac38	මොකද මම ඒ දැරිවිගේ අතින් අල්ලලා
add62b33e3	dd6f8	ඔබ පැමිණෙයි.
add66d9a89	70278	මොනතරම් අවාසනාවක්ද?
add6717178	b6388	එයිනුත් පෙනෙන්නේ
add73bda28	e42fe	අරවින්ද සිල්වා වගේ ආඩම්බරකාරයෙක්
add7cedd2e	8af08	ප්‍රථම ස්තූපය මිරිසවැටිය චෛත්‍ය නිසා
add7e81373	f0169	එහෙත් එහිදී යානය බිමට වැටීමට
add81ed61c	6a26f	එය සිදුකෙරුණේ මල් ආදිය තබා
add907e859	13abb	අසිරිමත් සදහම් ගුණ
add9963519	cc423	එම ජීවිතය තුළ ම ඵල දැරිය නොහැකි ය.
add9ce573b	781ce	දේශපාලන හයිය මත
adda83519c	b06d1	මම කියන දේ ඉස්මතු කරන්න ඕනි නිසා
addae97747	11742	එතුමා මිනිසුනට පමණක් නොව
addb507bf7	0e353	මේ ලෝකයේ මෙතෙක් පහළ වූ
addb981032	94b34	තොපිට ඔහොම ගිහින්
addc63a667	8b8a4	අන්ඩුව කියින්නෙ මෙත්න රට තොයි කලවැදි බල්ලයි
addcb24d15	41947	දෙපාරක තුන් පාරක්
addd45fe11	b7163	මෙලොව ජීවිතය හා සම්බන්ධ
addd7a9fd0	c26ed	සිංහල උපසිරැසි වලට බොහොමත්ම ස්තූතියි
addd851178	92649	මව් බිසවට මාතර මංතරවල බලේ ගැන කියලා
addd991a69	349a2	යන්න පිළිගැනීමෙනි
adddb5ad35	c04d5	ඒත් ලිංගිකත්වය ගැන
adde70cc81	81570	සම්මත කරන ලෙස ද එහි ඉල්ලා ඇත
adde9a421d	e5fb8	මනමේ බිසව පිළිබඳ
addee983ca	016b5	ඉතුරු ටික කියලා
addf36e7e2	f9391	දියුණුවක් කරා යන්න පුළුවන් වෙනවා.
addf7ac118	94b34	එසේම ආරක්ෂිත තොග රැස්කර ගැනීම
addfb28080	f3f41	සිහිකොට නමස්කාර කරමි.
ade0a54100	231ca	අමිලගේ ඉන්දියා ජාතික මිතුරා
ade1d27fe1	791e8	අනුන්ගේ දේවල් හොරෙන් හෝ අසාධාරණ ලෙස
ade225765c	02f82	uncommon business ideas
ade26341f0	476be	බුද්ධ භාෂිතය ඇසුරු කරන්නට ඇත
ade2671787	3e0de	එසැනෙන් ඔහු විශාල දෝනාවකින්
ade291a19e	c28da	බව මගේ හිත කියයි.
ade2dccaac	2bdfd	භික්ෂූන්ට දන්වන්නැයි කීහ.
ade2e9caf0	f3efc	එහෙත් පැමිණිලිකරුවන් ඉදිරිපත් කරන චෝදනා
ade300f587	1a317	ඉන්දියාවේ නව අගමැතිවරයා වීමේ වරම් ලද
ade33111ec	17bfd	මෙහි වචන භාවිතා වෙන්නේ.
ade35f7b6e	9f1f5	දුමී යනු අමරදේව ගේ මචං ය.
ade3aa86d9	52af9	මේවාට නොමග යනවා.
ade3c56280	b7510	යාම අපහසු වීම නිසා.
ade40d5171	9e6d1	ඉදිරියේදී මේ ප්‍රවණතාවය තිබුණොත්
ade477bdeb	ff3fa	gossip9 photos
ade4b3a984	a1577	ඒත් එදාම මාව කැඳවපු
ade4fb8625	663e8	බණ දහමට මුල්තැන දෙමින්
ade52d69a1	95589	නිව්ටන් ගේ මනසේ නිර්මාණය වූවකි.
ade54fc198	e5fb8	අපි යන දුම්රියේම කොටසක්
ade58353c9	13abb	අපට සෑහෙන්නට බැරිය
ade67a2523	45f15	සිදු වූ අකුසල විපාක පලදීම්
ade6941952	dd6f8	ඉහතින් සටහන් කරන්නට යෙදුන
ade69e5b8f	2f415	නැගෙනහිරට ගිහින් බලන්න
ade72966d5	2a1cd	කලින් කොටසේ සටනෙන් සිරකරුවන් වුයේ කවුද කියල
ade78e8694	11742	දොස්තර හැනිබල් උපක්‍රමශීලීව
ade7b05744	a4fcc	හිතේ රැඳිලා තියෙන්නෙ
ade820574e	78366	එය තමයි බුදුන් වහන්සේ විසින්
ade90794c5	3e0de	පිනක් මතුවීමට අවකාශ ලැබෙන්නේය.
ade9899bdb	45feb	නිවන කරා යන්න
ade99d23b5	dc1f3	එතකො උන්ට විතරක් ඹ්න බම්බුවක් කරන්න පුලුවන්ද?
ade9c5c043	ddb8f	තොරතුරුත් අතර සාම්‍යක් දක්නට පුළුවන.
ade9d5a688	df38e	එන්නේ ඈ පමණය
adea4e3ce9	41a77	කතාවට මුල්වෙන පසුබිම මොකද්ද
adea4e587b	760be	එල එල ඔය දීල තියෙන්නේ
adeb174c5f	8f885	තේරුම්ගන්න පුළුවන් වෙයි කියල හිතුව‍.
adeb4a0c88	3183b	නැවත භික්‍ෂුණී සමාජය ආරම්භ විය.
adebf97c91	880bc	ඒත් අපේ සිල් ඇත්තන්ට නම්
adec13a4de	c6a4f	සැබැවින්ම අප
adec6ab02c	76999	අධික භක්තිය විසින් අඩපන කර තියන බවක්
adecbd34f0	e3ad7	ඔබේ පිළිතුරු වලින් මට පැහැදිලි වෙන්නේ
adecd93ca9	937dc	සිංහල අප තවමත් ඔවුන්ගේ
adecfe1450	77b4b	අවබෝධයෙන්ම ශ්‍රද්ධාව පිහිටපු දවසට
aded5fcd55	9094b	මෙම අණ නිසා
adeea1f0fe	a08e7	මේ කටයුතු වල යෙදෙන
adeeb8f25f	30661	අනික ඕනෑ සයිට් එකකින්
adeed68a9f	d78dd	ඉදිරිපත් කළ මෙම යෝජනාවට
adf080d598	b9dc2	මහත් සේ ඵලදායක වන්නේ ය.
adf088379c	c094f	එල! ලොවෙත් නෑ
adf0a0e9eb	715da	ඔබතුමා ඔහොම චෝදනා කළාට
adf0a20c59	41a77	මෙවැනි අදහස් දරන්නන්
adf0c84ead	8f885	ඔයගොල්ලන්ට දැන් ලංකාවේ තියෙන ලොකුම ප්‍රශ්නේ ගේ කේස් එක නේද?
adf18688f5	bced5	එක වචනයක් කීවොත් හෙට වෙන කොට
adf18cd800	4b1d7	ඒත් මමත් බැලුවා
adf19efb77	ff39f	ඇයගේ මළ සිරුර මහ ගල්කුළක් යට
adf1ed7ff3	80862	ඔබ සැළසුම් කරන්නේ වසරකට
adf2310308	cf7b2	එහි තේමාව කුමක්දැයි විමසා බැලීම
adf24f0a10	d945d	සාහිත්‍ය මාසය සම්බන්ධ කරලා
adf33b7821	d0123	මේ අනුව කුසල් දහමින් පෝෂණය වීමට
adf34370ee	4f3cd	ඇත්ත වශයෙන්ම මේ රාත්‍රිය පුරාවටම
adf375e903	2e076	උඹ නොකැවට කමක් නැහැ
adf498ef6b	f32c3	උත්ප්‍රාසයෙන් මා දෙස බලා
adf58d0f6b	2fff2	එය ඥාති සංග්‍රහය පිළිබඳ
adf61ecb51	25717	අජිත් රෝහණ බීබීසී සංදේශයට කියා සිටියේය.
adf6377d4f	fb100	එහෙම කිව්වම හිතයි
adf64c9684	501f8	ඔය මෝඩ තීරණය ගන්න එපා කියලා..
adf6920a20	e6e7b	රසිකයන්ගේ ආකර්ෂණය ඉතාම ඉහළයි
adf695316d	78366	එපිට අතීත සුවඳක් ඉව කරයි
adf6a5f48f	3a747	අපේ මුදල් නාස්ති කර කර සැප විදිනවා
adf77fe22e	67c8b	අනිත් අයට උදව් කරන ගමන්
adf80c62ce	fa2d3	ලංකාව ඉන්දියාවෙන් තව හැතැප්ම සීයක් විතර
adf816b17a	b0095	vehicle
adf8c38b07	e5fb8	තංගල්‍ලේ යනවා කියලා ගියේ
adf8cf87b3	3139c	අපි තවදුරටත්
adf9475a5a	93c65	අවසානයේ ඔහු
adf9e51108	59778	පොසොන් අව අටවක පෝය
adf9fa1b27	ec9a8	තමාද එක් අයෙක් වන බවයි.
adfa3d20ac	ad58a	ගුණ අගුණ
adfa647eb7	7db06	වෙනත් තැනකට වඩා භයානක වීම
adfa7b77c5	7599b	අපේ රාජකාරිය ඉටුවුණා කියල හිතෙනවා.
adfa861c9b	53c73	ඉදිරි කොටසේ ගිනිමල් ගබඩා කර තිබූ බව
adfa8c2035	7ec98	තෘෂ්ණාව ක්‍රියාකාරීවන ආකාරය හඳුන්වයි.
adfaecdf98	c34c2	සාර්ථකව රඟදක්වන්නට අපට හැකි විය
adfb2de509	59778	එකක් කියන්නම්
adfb5d6edd	29f4f	එම පිරිස රටේ සම්පූර්ණ ජනගහනයෙන්
adfbbbf6f3	3b15d	අද ඔබට වාදයකට නොව
adfc01df15	3d705	ප්‍රෝග්‍රෑම් එක සංවර්ධනේ කරපු
adfc2cfb33	ff39f	එවැනි මත ඉවසන්නට
adfcf3439a	d316f	හැමදාම එක එක අත්තට මාරුවෙලා
adfdd85ab0	7710d	නැතිනම් ඔබට රේගුවෙන්
adfe2418c3	f12ba	පැංචා හිතා ගන්නවා
adfe47b28b	c6a4f	ධර්මය සංගායනා කළ හැකිද?
adfee1220f	9094b	සිවු බඹ විහරණයන්ගෙන්
adff86e7a5	fc710	අපේ රම්ගෙ වැඩක් නෙහ් එල එල
adffce1ec7	33901	බෞද්ධ සාහිත්‍යයේ දක්නට ලැබෙනවා.
ae00003c83	8f885	පාදා ගත්තේය.
ae01231af5	5b275	මේ නිසා, සෑම බෞද්ධයෙක්ම
ae016f4604	fd786	අනෙක් කාරණය නම්
ae01b07461	00349	ප්‍රීතිය හා සොම්නස වන්නේ
ae01c8e181	00349	සිංහල මිනිහා ගව මස් කෑමට සහ
ae024cff5a	ad58a	කොතෙකුත් සාධක ඇත.
ae02a8478a	95997	දෙමාපියන් යොදා ගනුයේ ජංගම දුරකථනයයි.
ae02b736f6	7b332	නැත්නම් අපිට විරුද්ධ වෙන්න වෙනවා
ae02bd9431	00349	එකම ගණයට වැටේ
ae02bf0edc	be843	සුවපත් කොට ඇත.
ae03495407	7d7d0	මෙනෙහි නොකළ යුතු දහම්
ae03fc6f1e	df981	කටයුත්තකට ආරාධනාවක් ලැබුණොත්
ae0415231a	a6493	එතකොට ශ්‍රද්ධාව උපදවා ගැනීම
ae04561bbb	791e8	හැබැයි එහෙම වුණයි කියලා
ae04a40ca9	2bdfd	ඒත් මේ වගේ පිස්සන්ට
ae054ac260	91fdf	එකසැරේටම වතුර එකක ඔබනව.
ae0577dfa5	54c3a	සමාජ පරතරයක්
ae0695c90c	7599b	තව පාරක් කියලා දීලා
ae06d5b83d	db538	මෙවැනි කාරණා හේතුවිය හැකිය.
ae076c84ae	4f068	මගේ මාරු වීමට එරෙහිව
ae077528f8	5a4cf	ඇතැම් ධීවරයන් හොඳ ආදායමක්ද
ae080b1c6d	be341	එතැනට එන දියවඩන නිලමේතුමාත්
ae09119742	7599b	ඉතින් කියපන්
ae0a1eaa23	0766f	අනුභූතික ඥානයට අනුකූලව පියවි ලෝකයේ
ae0a3c1e0d	7ec98	සහන්ගෙ කොමෙන්ටුවට ලැයික්
ae0b03b459	2f415	අධික වියදම් දැරීමට සිදුවන
ae0b73a2db	23c9f	නැවත අනාගතයේ හමුවීමක් නැත
ae0bc287b0	e1e01	තිසරගෙන් අපි හැම විටම බලාපොරොත්තු වෙන්නෙ
ae0bd0da1d	f0169	ක්‍රියා කරන්න.
ae0c61fa62	c11e1	ඒනිසා
ae0c98653f	95589	සති පිරිතේ පස්වන දින සවස් කාලයේ ය.
ae0cdba50e	284b7	එතකොට පැහැදිලිවම
ae0cf24963	11742	ඒත් ඒ කතා මාලාවේ
ae0d0d59ee	03b7a	සත්‍යය දැන ගන්න උදව් කරන විදියට
ae0d252e67	a9c56	අවශ්‍ය කුඩා යන්ත්‍ර හා උපකරණ
ae0d60ca09	937dc	හැබෑ ලෝකයේ දී ද සිහින ලෝකයේ දී
ae0e416a5f	cf582	එක් මන්ත්‍රීවරයෙක් ඡන්දය දීමෙන් වැළකී සිටියේය
ae0e679302	af4ca	ජෙරොම් ද සිල්වා කෙනෙක් ඉන්නවාද කියල.
ae0e77a2e0	cb1fe	එම තාක්ෂණය
ae0e8c66f9	06d5c	එම ධාතූන් වහන්සේ හතළිස් නම
ae0eb58d66	3386d	එසේ උපයන දෙයින් තමාට සතුටක්
ae0ef07d10	ce989	දොස්තර මහත්තුරුත් නිෂ්පාදකයෝ වුණු එකේ
ae0f241f7f	85ebd	සිංහල සබ් හින්දා
ae0f5aefe1	e5fb8	ආස්වාදය කෙමෙන් සෘණාත්මකව
ae0fc88f35	ac562	මාධ්‍යය වලට නිකුත් වේවිද?
ae107c7292	1a1f3	උසස් පෙළ මේ ලකුණු පරතරය
ae11b65b09	84048	විජේසේකර යතුරු පුවරුව තියෙන්නෙ
ae124e067b	bd2b2	රැකියාව වූ කෘෂිකර්මාන්තය වැනි
ae126290c8	3183b	අහවල් වැඩේත් එක්ක එපා වෙනවා.
ae13a844b2	ce989	එම ප්‍රමාණය පැන්න පසු
ae13e29073	34e56	ප්‍රධාන ආරාධිත අමුත්තා ලෙස ඇමතිවරයා විසින් කරන ලද ප්‍රකාශය
ae14d1226a	d0123	වර්තමාන විශ්වවිද්‍යාලයකට සමාන වූ විද්‍යාස්ථානයක් විය.
ae14fca36c	09bf2	ඉහල ගුණාත්මක බවකින්
ae154dda16	023c3	ඔහු රෝහල්ගතව තිබිණ
ae156a9931	019ba	අද ජීවත් වන අයට
ae15e85135	a6493	එක්සත් ජාතින්ගේ ළමා අරමුදලට අනුබද්ධ කාර්යාලයකය.
ae163bf676	4a724	ඇතැයි මම හිත හදා ගත්තෙමි.
ae16bca9eb	44978	හැමෝගෙම දැනගැනීමට
ae16d8f0ce	6064f	අධර්මයෙන් රජ කරන්නේ නැතිකමයි.
ae17281fc8	271cb	ටියුෂන් ගන්න ඕනෙනං මගේ ගාවට එන්න.
ae1794e08d	9a1ed	අවසානෙට මයිකල්ව කම්පැනියේ අයට අහුවෙනවනේ
ae18655dae	c95d0	පැරණි සිංහල පරපුර අඛණ්ඩව පවතින බව
ae19657b36	60906	කඵ ජලය වේ.
ae1bc8e4bd	5b471	එයා කුඩා කාලේ
ae1be66e22	d71b2	අතුරු තහනම් නියෝගයක්ද නිකුත් කෙරිණි
ae1c06bdd8	4a724	එනම්, විශ්වාසී කතා ඇති
ae1c4b392f	44e28	අනිත්‍ය, දුක්ඛ, අනාත්ම, නාමරූපාදී
ae1d0c9764	3386d	පක්ෂයේ අනුශාසක ධුරය හිමි විය.
ae1d0e0277	f2348	ඇත් රජා මහත් වේදනාවෙන් දෑස විවර කොට බලා සිිටිද්දී පෙනුණේ
ae1d87407f	b704b	ක්‍රියාත්මක වෙන අකාරය
ae1da92704	8e63d	අධ්‍යාපන සඳහා ගුණාත්මක යෙදවුම් වශයෙන්
ae1de877db	6dcd3	උඹ කිව්ව නේද
ae1e27d45e	b0095	එතකොට මේකෙ ඉන්න අනිත් ගොන්නු
ae1e6011b3	0e86b	කෙළින්ම සිටු මැදුර තුළට ගියා.
ae1f0a11d6	ec9a8	ගෞතම බුදු සසනේ පැවිදි උපසම්පදාව ලබා ගත්තා.
ae1f3dba50	dc1f3	අඩංගු වන්නේ නෑ.
ae1fe11ccf	c1715	පාන්පිටි වලින් බැටකන ගොවියන්
ae209f3343	b6ca9	ඒවා යම් නිශ්චිත ආණ්ඩුවක් හරි
ae20c8bd6c	d1b3d	ඇඟිලි සලකුණු යන්තරේ කිව්වම මතක් උනේ
ae21ceaab7	52af9	බුදුරදුන් බැහැදකින්නට ගිය පිරිස්
ae21feeffc	ed0c5	එක් එක් රචකයාගේ අත් අකුරු
ae2217d464	ff39f	ඉතින් මේ අයගෙන් අලගු
ae229048cb	df38e	වහා තම කර්මාන්ත ශාලා වසා
ae22efac56	252fd	ත්‍රස්ථවාදය නිමා වූයේ භෞතික වශයෙන් පමණකි.
ae22f849db	c094f	මේ පිළිබඳ බුදුසමය කිසිවිටකත්
ae22fa86c3	53c73	රාජ්‍යයක්ද ඒ සඳහා අවශ්‍ය වන බව
ae2300bb90	8af08	අනුශාසනා පවත්වනු පෙනේ.
ae239670d4	b6388	සමහර පුද්ගලයෝ හීන වී උපදිනවා.
ae25477acd	53c73	ඒකට හේතුව
ae258459a1	fd8a1	මෙහි අඩංගුව පවතී.
ae25a56f79	dff99	ගොඩනැගිල්ලට පිවිසෙන දොරටුවේ
ae25cd1253	d6d03	මම වැඩ කළා.
ae262c9866	89f4f	පෞද්ගලික ගනුදෙනුවක්
ae2641dd4d	bfb80	පසුදින පැවැත්වීමට නියමිත
ae265a0517	d6d03	උත්තරේ බින්දුව වෙනවා වගේ.
ae26e5a29a	6c5e8	සමහර විට මගෙ අදහස
ae275a487e	0622a	අත් වෙන්නේ නරක ඉරණමක්.
ae275f85c8	95589	අධ්‍යාපනයක් ලබා දෙන්න පුළුවන් ආයතන
ae27d12c5c	f8790	මොවුන් තිදෙනාටම අදාල තරගයට ක්‍රීඩාකරන ලෙස
ae2814bd47	29f4f	සෑම ගෙඩිවර්ගයකම ඒවායේ
ae28885509	7424f	උඹ සිංහල උරුමෙට කෙලින්නද
ae28c64baf	ae3ff	ගොඩනගාගත් ආගමික මතිමතාන්තර
ae296521a6	b1a64	ජනේලයෙන් එළිය බලන විට
ae29c0cb66	791e8	මහත් භීතියට පත්වෙන අවස්ථාද ඇත
ae29cc41b2	80862	උඹ සැහෙන මහන්සි වෙනවනේ
ae2a291d11	d52f0	මේවා හාරන්නේ?
ae2a37f404	05d76	නිතර නිතර ලබාගත යුතු නැහැ.
ae2ac05213	746ff	රජයෙන් වන්දි ඉල්ලා උද්ඝෝෂණ හා නඩුවිභාග පැවැත් වේ
ae2ac9ae2b	0224d	ඒ මනුස්සයා කොච්චර හොඳද
ae2b4fd0de	dff99	එම චාරිත්‍රය අද පවා
ae2ba1690c	024f4	corporate offices
ae2bea6a1a	02578	බත් හරි රසයි අතින් කනකොට.
ae2c42626d	760be	බොහොම ස්තුතියි රංගයෝජය.
ae2c79fc95	bafa0	ඒත් මමනම්
ae2d9e9282	2e076	බලා‍පොරොත්තු ඉටුවීමෙන් සිතට සැනසීමක් ගෙන දෙන දවසකි.
ae2e584080	15e2b	අපි කව්රුත් දන්න
ae2e6949f6	c34c2	සුපුරුදු පරිදි මරු තුරුලට යන්න
ae2e8b46ad	a9c56	අධිකරණයට ඉදිරිපත් කෙරුණු මෙම සැකකරු
ae2eba6723	237d4	නාමික වශයෙන් සඳහන් කරන්න.
ae2ee975ee	c11e1	අසුභ භාවනාව කරන්න ඉස්සෙල්ල
ae3012358c	65469	රතු පැහැයට එක්වේ
ae30ff0b7c	70278	සැවොම ඊට දක්වන ප්‍රතිචාර
ae31282c4f	d52f0	දරුණු වචන දේශපාලකයෝ කියන බව ඇත්ත.
ae32fdee8f	c094f	එමගින් නැටුම පිළිබඳ
ae33171372	95589	පෙරදිග සම්ප්‍රදාය විසින් සලකා ඇත.
ae337352e4	a08e7	අමුතු භාෂාවකින් සංගායනාව කරන ලදැයි
ae33d8f314	ccf7a	දාන්න වෙයි
ae3415c086	b3777	බහිරවයා යනු
ae3428eee0	663e8	මෙය මුවින් පවසන්නාක් මෙන්ම
ae3467f96c	d23af	එතරම් උනන්දුවක් නැතිව
ae34952d55	a973b	ඉවසන් ඉන්නකො එහෙනම්
ae34ef36c2	89130	මෙම අන්ත දෙක අතර විශාල සංවාදයක් පවතින අතර
ae35313836	338ff	එතකොට තෙරෙයි වෙනස් වෙලාද නැද්ද
ae365413ee	bae1a	රජයේ මොන වැරදි කිව්වත්
ae36588d21	8b124	ලංකාවේ ක්‍රිස්තියානි කවුරුවත් හිටියේ නැහැ.
ae367c1b35	db538	ගෘහස්ථ ප්‍රචණ්ඩත්වයක් පිළිබඳ සාකච්ඡාවක් කිසිදාක ඇති නොවනු ඇත.
ae36c50775	b0095	ඔයාට සතුටු වෙන්න පුළුවන්
ae370420db	d7784	මගේ හිත මට කීය.
ae37268188	1f5ff	දිනිඳු සම්පත් සහෝ.
ae37413303	89830	මිනිසුන් ධර්මයෙන් ඈත්වී
ae37703aed	b6ca9	පන බේරා ගත්තු එක.
ae379a17c5	e5259	ඉතා අඩුමුදලට ලැබෙන නිසා නියම කල මාත්‍රාවට
ae37a016af	3fa09	ඒ පෙළපත හදා ගනින්.
ae382e6f2f	3e0de	හිටපු අගමැතිවරයා වෙනුවෙන් පෙනී සිටි
ae38509486	6054f	පිරිතෙහි ඇතුළත් අක්ෂර පිළිබඳ
ae3856c0f5	f2ef0	අවතාරය සැරිසරනවලු.
ae3865e8df	f200a	එහිදී පෙර පාසල් දරු දැරියෝ
ae392f3fcc	3d705	එයාගේ රගපෑම් ගැන
ae39430501	0a2fe	ඒවාට අගයක් නෑ
ae39c07cd6	e42fe	යමකුට යමක් කියන්න තියෙනවා නම්
ae39db3dc7	016b5	තීරණය කරනව.
ae3a191e57	ddb8f	ස්තූතියි බෙදා හදා ගත්තට
ae3a2736bb	cf582	ඔයා කියන්නේ කන්න දෙන
ae3a408c8a	45f15	වැඩ රාජකාරි අස්සේ උපසිරස ගන්වලා
ae3a686a83	b06d1	එයට හේතුව දායකයා
ae3a8dc55c	c04d5	නැවත එලියට එන ක්ලෙයා
ae3acd244c	95997	අපට අදහසක් ගත හැකියි.
ae3aeddb3f	2d52b	එවිට නිරවුල් ජීවිතයක්
ae3b000cc1	54242	ඔන්න මෙකත් ගන්නවා
ae3b50e2fa	c4922	හරියට එ වගෙ දේවල් තිබුනෙ
ae3b587924	5b275	එක්සත් ජාතික පක්ෂයේ තරුණ නායකයන්
ae3bb1668f	f40d9	ඒත් කොච්චර කාලයක්
ae3bc5a392	fe011	kaspersky removal tool
ae3bf5e66a	c696a	හැරීගේ මැජික් ඉස්කෝලේ
ae3c411f14	43324	පොල් කිරි යාන්තම් පොඩ්ඩකුත් දමා
ae3caa2868	cc837	උත්පාදනය කරවයි.
ae3d086693	3d027	ඉතිං අපේ රටේ ඔය දෙකෙන්ම මේ කටයුත්ත වෙන්නෙම නෑනේ
ae3d65d511	2ea36	තව ටිකකින්ද කියා අපි දන්නේ නෑ.
ae3e80ae3d	b3dda	විශාල වංචාවක් වුණානේ.
ae3fc18a69	456e2	ඒක නිසා ඒ වෙනුවෙන්
ae409e5f72	4b1d7	නීති විරෝධී තත්ත්වයක් ලෙස
ae4109af12	df38e	ප්‍රදේශයේ සමහරුන් නොදන්නා තත්ත්වයක්
ae413cff86	44978	ඔයාලට ඇති සේරම ප්‍රශ්න වලට
ae414237a9	3d532	එකල්හි දුටුගැමුුණු මහරජතුමා
ae41c39531	7ec98	එම නිසා යම් යම් අය
ae42062404	f3204	නිවාඩුවට ගෙදර ආවම
ae438b0ec2	89f4f	ප්‍රශ්නයක් නැති නිසයි
ae4428a827	ce989	නමුත් අද මගේ පිහිටට ඉන්නේ
ae447763cf	21138	ආයුධ මිලදී ගැනීම සඳහා යොදවයි
ae447c6fa8	b7510	අපි තව ටික කාලයක් හිටියොත්
ae44b4a368	29f4f	බුද්ධාගම ටිකක් ඉගෙන ගෙන තියෙන කෙනෙක් විදිහට
ae44e3e677	ddb8f	ඊටත් වැඩියෙන් ලෝකයේ වියපත් ලේඛකයන්
ae45723aa4	54c3a	අධිරාජ නයකු කියාය
ae459a3e48	be843	සිදුවන දෙයක් තමයි
ae45a9c3f2	0e1e0	වරදකරුවූවකුට එවැනිම තත්වයේ දඬුවමක් ලබාදී ඇත
ae45ac9c18	89130	ඔබවහන්සෙ තවත් වීරයෙකු වෙයි
ae45dde476	5d099	ගැහැණු සහ පිරිමින් සතු
ae46cd3d27	ec9a8	සූත්‍රවල දැක්වෙන රූමත් වීම
ae47cb2986	2db87	පොර ටෝක් අත අරිනවා.
ae4866f698	a3d94	lanka asok laland
ae48cd4590	95423	අන්තර්ජාලයට පිවිසෙන අනෙත් අයගේ අරමුණු අතර
ae4a9e28de	2bdfd	එනම් ස්ථිර වශයෙන් නැවත නොඑන පරිදි
ae4acf407a	6e111	අහ් උඹේ වයලට්ට
ae4ad2fdfe	3062b	අයවැයේ නියම අර්ථය පිළිබඳ
ae4b26eb1f	af4ca	බිල වැඩි කරන්නය
ae4bf07d90	5d099	ඇතැම් ප්‍රාන්ත නායකයන්ගේ රූකඩයක් බවට පත් වීම
ae4c268052	a7d05	ඒක ජීවමාන
ae4c4c243e	b1a64	සිංහල එකයි ඉංග්‍රීසි එකයි
ae4cb5f25f	ddb8f	haiti
ae4cda8cb0	bb0e6	මේක කරන්නේ ලාභ අපේක්ෂාවෙන්.
ae4cf835c3	023c3	සැමියා ඔබව නිළියක් විදියට ද
ae4d2fc43d	a3a6a	ඔහු ඒකට කැමති වෙන්නේ නැහැ.
ae4d5ff45d	2f415	තමන්ගේ පෙනුම ගැන.
ae4d742595	0e353	ඇයගේ පෙම් හුටපටයකට දෙමාපියන් තදින් විරුද්ධව
ae4ddddc70	6e111	අතීතයේ කවද හරි දවසක
ae4df34bb4	c5b76	අප මීට පෙර හෙළිකර තිබිනි
ae4e88c1e8	6996c	ඊට පස්සේ මම සල්ලි දෙන්න හැදුව
ae4ee0c66f	356c8	uk clothes shop
ae4eea767f	5b275	පහදා දෙන්නේ විචාරකයාය.
ae4f415c19	effa6	ප්‍රයෝජනයක් ගන්න පුළුවන්
ae4f51bd02	8957e	හරි පුදුමයි!
ae51447572	e8724	පැනල දුවන සතුන් ජාතියක්.
ae51833768	dca20	එම ආරංචි මාර්ග
ae51968235	1afa7	ඔබ උත්සහ ගත යුතුයි.
ae51ded059	2f415	jewellery
ae52224fb7	aa29c	රජයේ ආයතනයක් යනු
ae5276906e	0184c	මුල් යුගයේ සිටි
ae52eba46e	ea3c6	විහාරයේ නොසිටි බැවින්
ae5368cb2b	8af52	දහම් සැකැවින් දක්වන්න.
ae54b123a2	a973b	එම අර්ධද්වීපයට කැඳවාගෙන ගිය මෙම පිරිස
ae54fe1d6a	23329	මචං දිගටම කරගෙන පලයන්
ae551baced	58355	ඒවාට ද
ae5560a7db	6e111	eps topic
ae560699e8	3489d	එම චංචල මනැස පාලනය කිරීමට
ae5664a992	0a38f	එහිදීය සතියකට අවශ්‍ය ද්‍රව්‍ය
ae5766129d	ccf7a	යන ලෙස ආයුධ එල්ලකොට
ae57ae0931	0b370	ජීවිත යථාර්ථය අවබෝධ කර ගැනීමට
ae582db78e	e47dc	එක දවසක් අංකයට ඇමතුමක් එනවා
ae58a29dec	7d7d0	එහෙමනම් යන්න ඇතුළට.යි"
