af014bbf20	ආස්වාදය සොයමින් වෙහෙසට පත්වන්නේය.
af017162d2	ඔබ මේ පිළිබඳව
af01b64e9e	තහවුරු වෙන්න ඕනි.
af022c2aa2	ඔන්න 'රතුපස්වල සීඩී ඩීවීඩී' කියන තැනම
af023068e2	ඇස සංවර කර ගත හැකිය
af023b0a61	ඒත් මම තාම
af02d24a77	යළි කම්පා වීමක් සිදුනොවේ.
af02e6072f	ඔහු ඉතා මැනවින් නිර්මාණය කර තිබේ.
af030a95c4	අර උජාරුවට සිගරට් එකක් කටේ ගහගෙන
af03568543	narendra modi
af037af422	නීතිඥ වෘත්තියට පිවිසෙන්නේ පසු කාලවලදීයි.
af037da24b	සිංහල දෙනකන් බලන් හිටියේ
af04cce698	තුන්වෙනි සීසන් එක අරන් ආවා.
af04d75224	කොටස් ඉවත් කරමින් සිට ඇත
af05562129	මාරයාගේ වසඟයට හසුවිය
af0598441b	උන් කරන්නේ
af05b59b22	අපි අධිවේගී මාර්ගවල ගාස්තු නිදහස් කරලා
af05d89660	එයාගේ හතුරන්ව මරාගෙන
af05e58a9f	පීටර්ට ඊතන්ගේ බෑග් එක නිසා
af05fa35d7	ඒවගෙත් අර දාර පරතරේ
af063a96de	බුදුරජාණන් වහන්සේව හරියටම දැක්ක නම්
af065ae991	බුදු දහමට අගෞරව කරන අදහසකින් නෙමෙයි නේ.
af06754ac3	ගෙන්වන මට්ටමට පත්වුවහොත්
af069ce92c	උදවුව තමා ශීලයේ පිහිටා
af06f9ca02	inside lanka
af07121483	දැනුම වගේ මිනිස් මනසින් මැකේවි.
af072ef4ed	මෙරට බි්‍රතාන්‍ය අධිරාජ්‍යය යටතේ පාලනය විණි
af0744e819	සනාථ වී ඇත්තේය.
af07caed25	free form
af07dbeab7	අපි අපේ ධර්මයට අනුව
af091f75a3	එම සුන්දරත්වය රසවිඳීමට හැකි මුත්
af097648c7	විශේෂ කාර්ය බළකාය අපොහොසත් විය
af0a0bc2d1	පළමු උපසිරසි ගැන්වීම හින්දා අඩුපාඩු ඇති.
af0a20a804	පරිත්‍යාගශීලී සේවාව අවධාරණය කරයි.
af0b870ce3	මේකට ඇයි කෙලින් උත්තරයක් දෙන්නේ නැතිව
af0b8fbe30	ඒත් මේ විහිළුව
af0b927224	අජාසත්ත කුමරු අවසානයේ දී
af0c2ba809	ඉනන්වද කියලා බැලුවේ නැහැ.
af0c334f44	සේවය කරනවා.
af0c6a9a88	හැබැයි හිත යටින් අපටත් තේරෙනවා
af0c82d82c	පවත්වන ලද මාධ්‍ය හමුවකදීය.
af0d3fd39c	මේක හැමදාමත් කියලා දෙන්න ඕනෙද?
af0e8a8ad2	මානසික රෝගී අවස්ථාවකි.
af0e976c0a	සිදුවූ හානිය ඉතා අවමය.
af0f82b625	කොළඹ ජාතික රෝහලේ ප්‍රකාශකයෙක් පැවසුවේය.
af0f8821b2	මේ චිත්‍රපටයේ කථාවෙන් කියවෙනවා
af0f99cab4	suraj sharma
af0fd834ed	සැබැවින්ම අර හිමිනමට
af0fdd3c02	මොකද ආගම පිළිබඳ ඇත්ත
af100e4565	එය නැවත නැවත මෙනෙහි කිරීම
af105b912e	ලංකාදීප චිරාත් කාලයක් යෙහෙන් වැජඹෙන්නේ
af11cced65	වැදගත් වන්නේ ජය වේවා!
af12001eb5	එයින් භවය සකස් වන අතර
af120a2bf6	අපි මොකක්ද කළ යුත්තේ කියලා
af12af2d7c	අසුරයන් පැරැදී
af12cf0481	අබේවර්ධන බාලසූරිය මහතාගේ මම වඩාත් ප්‍රිය කරන ගීත
af12ee75a8	කැමරාවක් රැවටුණා කියලා?
af13a78d5e	අදටත් වඩා හෙට ඉපදෙන්න ඉන්න දරුවා වෙනුවෙන්.
af13b624d8	මා සිතේ ඉතිරිව තිබුණි
af1402ed66	ගමන් කළ යුතු ය.
af1464a8be	ආරක්‍ෂක තත්ත්වය සැලකිල්ලට ගෙනයි
af154d9bcf	එබැවින් වෙබ් අඩවි තහනම් කිරීමේ ක්‍රමය අසාර්ථකවී ඇත
af15957c14	බුද්ධිමය අවශ්‍යතාවක් නිසා.
af17a5d512	කකා ඉඩ දෙනවා නම්.
af17d82170	බුද්ධ ශාසනයෙහි
af180cb653	හ්යු චියාහ්ට මූණ දෙන්න වෙන්නෙ
af1a934cd1	ඔක්කොම එකතු උනේ නැත්නම්
af1ac1315b	ගායස් කියන්නේ එහෙම කෙනෙක් නෙමෙයි.
af1b8a7658	රජය මේකට විරුද්ධව ක්‍රියාමාර්ග ගනීවි.
af1b950379	මේ මනුස්සයාගේ ඇස් ඇරෙන්නෙ කවදාද?
af1be24ca0	එච්චර වැඩකට ඇති වැඩක් දැයි
af1d060883	මේ ලෝකාපවාදය තරමක් හෝ අඩු කරගත හැකිව තිබින
af1d779836	දුරලා බහුභාණ්ඩික බව
af1dbe710a	වෙනත් ලෝහයක් වෙන්නත් පුළුවන්.
af1dd250ab	i love
af1de5d5c8	පුණ්‍ය ශක්තිය අවසන් වීමෙන් පසු
af1e609ed9	මෝඩ කතා ලියලා අපේ වෙලාව නාස්ති කරන්න එපා.
af1ef035e9	මොවුන්ගේ පහර හේතුවෙන් දරුණු තුවාල සිදුවේ.
af1fd58ccd	සාහිත්‍ය කෘති පිළිබඳ
af208b5489	තමන් එම භූමියේ ජනාවාශ පිහිටුවා ගත්ත
af20e75c1e	එය දිර්ඝ කාලීන පිරිවැය සමඟ සැසදීමේදී
af21804265	එමෙන්ම පෘතග්ජන සිරකරුවාට ද,
af219f1329	මම ඔයාලගෙන් සමාව ඉල්ලනවා
af21cd0435	වත්ත පල්ලෙහා ගසකින් කපා ගන්නා ලද
af21ddc215	එම සිරුර ඉවත් කිරීම
af21fcce27	උප ප්‍රධාන චරිතත් රඟපෑවා
af227a163c	සිවුරු දාගෙන දැන් කරන්නේ ජරා වැඩ
af22a97aa4	ගෙනියන්න පුලුවන් නෙව
af22bbe803	තමන් විසින් සිදුකරනු ලබන කර්ම මත රැඳේ
af22e4e1c4	මෙවන් කෘති විශාල ප්‍රමාණයක්
af238fe50e	පහනේ තෙල් ගෙන ගොස්
af241e7de7	ඔබේ සිතුම් පැතුම් බොහෝ දුරට
af242dcdd6	එයාගෙ සුවඳ කඳු වළලු හතක්
af24acb36c	ඇත්තටම අපි අතර කවදාවත් තරහක් මරහක් තිබිලා නෑ.
af24c92d19	දන්ත ධාතුව සුරක්ෂිතව තියන්න තැනක්.
af24ee01bb	අනේ විමලෝ
af251aacbe	බුදුරජාණන් වහන්සේ නමක් පහළ වුණ කාරණය තමයි
af25b451a8	මහාවංශ ඉතිහාසයෙන් සනාථ වෙයි.
af25dfdc4a	භෞතිකමය සශ්‍රීකත්වයක්
af26594aca	ඒත් ඔහු ගේ මුල් ම නවකතාව
af27816dcc	එක එක කතන්දර හදන්නේ
af278640a5	ඒත් තව මේකට
af27d9d3e0	ඌව වෙල්ලස්ස පදනම් කරගත්
af27dfb0bf	පස් අවුරුදු දස අවුරුදු සැළසුම් ගැහුවද?
af28183660	මෙම ආහාර වර්ග සතරම
af284da3db	කනවා කියන
af2964b34a	අභ්‍යවකාශය තුල ගොඩ නැගුනු
af29d84f21	නීති පොතද අලූත් කරමිනි
af2a2964a6	නමුත් එය භාවිතා කරන විට
af2a64b44d	ඌරු පැටියා වෘකයාව තම්බලා කනවා
af2a8bac5a	විවිධ මාන කිහිපයකින්
af2b84ede0	හැකියාවක් තිබුණේ කෙසේද
af2bc89a38	අප්‍රිකාවේ ප්‍රයෝජනයට යෙදිය හැකි විය
af2c23c44b	එබැවින් බෞද්ධයනට ද
af2c898b53	උපාසකය, ඔබ මේ අත්බවයෙහි
af2d318c82	ලේසියෙන් පරාජයක් බාර ගන්න අකමැති බවයි.
af2d3f71d2	මීගමුව රෝහලේ සිට රාගම රෝහලට ගෙන යන අතර වාරයේදී ඇය මිය ගියාය.
af2d7b09b5	හරි වැරැද්ද මොකද්ද කියල
af2d856d92	හැකියාවක් තිබුණේ කෙසේද
af2f28ca6b	සේවකයින්ගේ සුවදුක් විමසා
af2f659d8d	පැහැදිලි එකඟතාවයක් නොමැති වාතාවරණයකි.
af2fad2035	හැත්තෑ පහක් කිව්වේ
af301638a6	බොහෝ සූත්‍ර ධර්ම දේශනා කොට ඇත්තේ
af3092cad7	එය අපි හැමෝම භාවිත කරන
af311f42d2	තමන්ගෙ කතාවෙ වීරයා
af32676410	මට ෆේක් බුකියේ වෙච්ච අල කලංචියක් කියාගෙන
af32851287	එය අසා වහා දිව ආ ආරක්‍ෂකයෝ
af336f8aa1	ඉතිං ඕක දැකලා දැකලා හිතුවා
af344f8b79	ඒත් මගේ පරක්කුව නිසා
af34630503	free music downloads
af3471b62e	අපේ බබා ලිපි පෙළ ඉදිරියටත්
af347c644e	තියටර් එකෙන් දෙන කම්පනය වැනි කම්පනයක්
af3495a884	මෙම දෝෂය ඉක්මනින් නිවැරදි කිරීමට හැකි බව
af34b5640f	අපි හැමෝම තුළ හොඳ සහ නරක කට හරියටම තියෙනවා.
af34fdac03	සොන්යා ගේ අභිරහස් ගමනක් ගැනයි.
af35dbef63	ඒත් එකේ හරහට ඉන්නේ
af365061ff	එබැවින් පාත්‍රය
af36785f1a	අමාරුම දේ
af368fbf9a	පංතිමය සන්ධානයන්ගේ ස්වරූපය
af36967ae6	අනික මේක ගොඩක්වගේ
af36cdd7b9	සියලු දෙනා වෙනුවෙන්
af36ed2940	අනුගත නොවන ස්ථාවරයක පසුවිය යුතු වීම
af37a74747	එයාව හමුවන්න දකින්න ඇවිත් යන්න එන්න කියලා
af393e591e	ස්තූතියි සබ් ලබා ලබා දුන්නට
af396fbd65	මතුවන ප්‍රශ්ණයක් පමණයි
af3aad15df	එතකොට අපි සරණ ගියේ අන්න ඒ ශ්‍රාවක සංඝරත්නයයි
af3ae606d2	කෝට්ටේ වැනසෙන සමයේ
af3bac14c5	වැඩි කරන්න අද කියලා හෙට බෑ.
af3be25bf2	බෞද්ධ කතා කලාව තුළින්
af3cd0b33f	ජනතාවට සිදු වූයේ
af3e1b968c	සිංහලට අනුවදන්නේ නැහැ.
af3e3c269c	තාම කිව්වේ නැහැනේ
af3e95c349	වල් වැදී ඇති බව නොදන්නා බවය
af3ebd5669	බුදුන්වහන්සේගේම නියමයක් නොවේ.
af3ebdad8f	වෙළෙඳ ව්‍යාපාරිකයන්ට ලාභ ලබාගත හැකි දවසකි.
af3f1e16c3	ඇයි ළිඳේ පැන්නේ
af3ff79d00	අන්තිම කැමැත්තට අනුව
af3ffa7f22	මේ සියල්ල එක් වූ කල්හි
af402d7e62	ලෝක ධර්මයයයි.
af40528fb2	මීළඟ පෝය ඔක්තෝබර් මස 18 වෙනිදා සිකුරාදා ය.
af40a2bece	ඔහු තම පාලනය ස්ථාපිත කිරිම
af412774dc	එතකොට ඔබ වගේ දරුවෙක් බිහි කල
af41a3700a	මුදල් යොදවා කරන මොනයම් හෝ කටයුතුවලින් පාඩු ගෙනදිය හැකි අතර
af420933e9	අලියා ඇයි
af4261cd56	ගරුතර මහා සංඝ රත්නයේ ඔවදන් පිළිපැද
af428174f1	එතකොට මගේ අදහස්
af43138a5f	පැතිරෙන්න පටන් ගත්තා
af43ad629d	sirasafm
af4410e6f2	හැබැයි ඒ කවුරුවත්
af4430cc9a	වචනවල තේරුම වෙනස් වෙනවා
af4482bf08	meemessa
af44efeca3	ජයගත් බවත් එහිදී ඉහළ නිලධාරීන්ට වඩා
af452c4e65	එම සංචාරක යුවළ ඉමහත් කලකිරීමට පත්ව ඇත
af45409748	අපි දෙන්න කොහොමද
af4609088e	හැබැයි ඒවා මේ විදියට කතා කරන්න
af461787dd	එබැවින් අද අපට
af46b5c64f	වැඩ වලින් මඟ අරින අමනයින්ට නං
af470e16ff	ඔයාලගෙ පස්සෙනුත් ඒවායේ විපාක පැමිණේවි.
af4731fd39	අතපය ඉදිරියට දානවා
af474e2ef5	මීට අමතරව හඳගමගේ සිනමාත්මක භාෂාවට හසුවන ගැහැණියක් සිටී.
af47508bbf	ඝාතනය කළ කුරිරු පාලකයාගෙන්
af496473e0	යන දෙගිඩියාවෙන් ඉන්නෙ.
af49a40745	රත්මලාන ධර්ම පර්යේෂණායතනයේ අධ්‍යක්ෂ
af49ab835c	විශේෂ සම්මන්ත්‍රණ වැඩමුළු පැවැත්වීමටත්
af49dd9c09	පසුව බලන්නේ
af4a65d2f2	එහි තැන්පත් කර තිබේ.
af4aa083e3	කියනු ලැබේ.
af4b0f232d	අම්මව බලා ගන්නේ කවන්නේ
af4b6e5847	එවිට ඹබට සැනසීමෙන්
af4b716184	එම දුක් අඳෝනා අසා
af4c5d43c2	මේක මගේ ෂෝක් මටම ෂෝක්ද?
af4cad259e	අනෙත් කටයුතු සොයා බලන්ඩ
af4d74be01	මෙම අනුපස්සනාව ද ප්‍රගුණ කළ යුතු ය.
af4d9cd6fa	තම නිර්මාණයෙහි පඨිතමය අර්ථය පවා සිරකර තැබීමට
af4da7fe4b	nilantha
af4db7fdce	එක් අංශයක්
af4db97347	ඒවාට නොසැලී මුහුණ දුන්
af4dd4ef65	අද රංගන ශිල්පිනියක් කියන දේ සාමාන්‍ය එකක් වෙලා
af4e1e54cf	රාමායනය වනාහි ඉන්දියානුවන්ගේ මනදොල පිරවීම සඳහා
af4e4754fa	එම සාකච්ඡා සටහන්
af4eae1605	ඊට පෙර අධ්‍යාපනයට හිත යොමු කිරීම
af4ecb4629	ඔබ උනන්දු විය යුතුයි
af4f692530	වසර මිලියන ගණනාවක් ගතවෙනු ඇත
af5034c943	ඒ ලස්සන කාන්තාව
af5041604e	hotel info
af5090b655	මාධ්‍ය මගින් වාර්තා කෙරුණේ.
af50b726d6	etisalat.lk
af51352e7c	එබඳු කෙනෙක් කොපමණ කාලයක් ජීවත් වුනත්
af515dd5c7	ඉතින් ඊට වඩා හොයනවනම් බදු ගෙවන්න ඕනි.
af51617883	අනේ මට වෙදකම පුළුවන් වුනා නං
af5175c63f	අපේ තාත්තා පවත්වාගෙන යන දේවාලයට
af51a456b7	කවරෙන් එළියට අරන් බලනව
af51c2b7f6	මවුපියන් පෝෂණය කිරීමයි.
af524ff7b1	උදාහරණ වශයෙන් නම් සදහන් කල
af5315f0c8	දැක ගැනීමට ලැබේ.
af54935c51	රතුපස්වල ජල ප්‍රශ්නය ගැන
af54a2e416	අපේ ඉතිහාසය දන්න එකෙක්
af55438427	අසත්‍යයක් කීම ය.
af55442d51	ඉදින් භික්‍ෂුතෙම ඇස පිළිබඳ කලකිරීමෙන්
af556fec61	පිළිගන්න වෙනවා නේද?
af557fbe0d	සල්ලි තියෙද්දිම
af55d91759	ගල්කිස්ස ප්‍රදේශයේ මුහුදාසන්නයේ තිබුණ හෝටලයක් අසලයි.
af56232faf	එකළ බොහෝ සෙයින් ජනප්‍රසාදයට පත්
af56299c0b	තාක්ෂණයක් අවශ්‍ය වෙනවා.
af5635bf87	mattala air port
af56935992	කොළඹ දිස්ත්‍රික්කයේ එය ආරම්භ කරන්න
af572edfce	අධ්‍යාපනය ලබා ඇත්තේ
af57c70146	හෙළි වී ඇත.
af58ced08b	එලෙස රජ මැදුරේ කුමරියක වී
af590270a2	මල විකාරයක් අටවාගෙන
af596f4f32	මාර්ග වලට ප්‍රතිවිරුද්ධ පසින්
af59839d72	අද වෙනකොට
af59f3ea5a	මුළු මහත් සමාජයට ම පාඩුවකි.
af5a03a4a5	මේ වෙනුවෙන් සටනක
af5aa832ff	බීජ තුළ මෙම ආසනයිට්
af5ae7fce4	පදිංචිව සිටින ඒ අයටත් සාධාරණය ඉටු විය යුතුයි.
af5b9c14c8	lagna pala pala
af5c3b4530	ගල්පර අතර ඇවිද යාමේ දී පෑගුණහොත් මරණය සිදුවේ.
af5c40e904	ඉතා විශිෂ්ට අපූර්වතම නිර්මාණයකි.
af5c66aed9	අලුත් දෙයක් ගැන ලස්සන සටහනක්
af5c70ebf3	පිහිටා ඇත්තේ ද හවායි දූපත් සමූහයේය
af5c8f973d	සම්බුදු ධාතු නිධන් කර සෑදූ
af5c9ff1d6	කම්බි ටික එකතු කරනවා
af5d6e6dd7	ආයතනය පැහැදිලි ලෙසින්ම දේශපාලනීකරණය වන්නේය.
af5d8a1c66	අඩුගානේ මිනිහට පුළුවන් වෙන්න ඕන
af5e5c90c9	වෙන කිකිළියන් නැතුව
af5f0d0629	පිළිකුල් වෙලා තියෙන්නේ.
af5f1cd206	නඩු කියලා ජය ගත්තා.
af5f8a0098	නමුත් කැමති කැමති කෙනාට
af60927144	නීති ගත කරන එකට නම් මං විරුද්ධයි
af60e247ed	උපාදානය හෙවත් ස්කන්ධ පහ
af6112489e	යලිත් එවැන්නෙකු පහල වී ඇති බවට
af6140f3df	වෙනස් ප්‍රතික්‍රියා ඇති කරන බව
af61662abe	ඇඳුම් නැතුව.
af6183cf02	අපේ ඇඳුමේ තියෙන වටිනාකම තේරුම් කරලා දෙනවා.
af61999cc0	මුකුත් කියන්නේ නැහැනේ?
af619c9c19	තෙරුනේ නැතත් හින්දි සින්දු රසවිදින්නෙ
af61a6d3ad	එක ප්‍රධාන හේතුවක් තමයි
af61e9e290	ගොඩ නගා ගන්න බැරි ඒ නිසා.
af627ef61c	සියලු කරුණු කියා සිටියා.
af628b9264	විකට්ටුවට යන පන්දුවක්
af629fe9cf	පෞද්ගලීකරණය වූ අධ්‍යාපනය තුළ ඇත්තේ
af6333bad3	බුදුන් තෙවරක් ලංකාවට වැඩම කළා කියලා
af634a6be8	ඔබ ටිකෙන් ටික ජීවිතයට වුවමනා කරන
af6380a8fc	OL results
af63f9171e	ඒක ඔය දීලා තියන
af64b1cde6	සසර පුරුදු වශයෙන් සිදුවන ක්‍රියාකාරකම්
af64cb2f15	hd wallpapers
af64ef3181	බෙහෙත් ද්‍රව්‍ය ආනයනය කර බෙදාහරින ආයතනයක
af651d2ab2	ජනතාව සමග සිටින ලෙසයි
af653087e1	ඒත් කවුරුත්
af653ca188	කිව්වත් වරදක් නෑ
af65e29040	ඒ සුහදශීලීබව නිසාමයි.
af662e341c	හදල තියන තෑන නම් හොදයි
af666b4269	තිබෙන ප්‍රධාන දොරටුව ශ්‍රද්ධාවයි.
af66ace62e	ඊයෙ ආවාට මොකද
af66e1fe12	ඔබ සැමට ජය
af6713aa3e	මහත්තයෝ කිසි දෙයකට බයවෙන්න එපා.
af6761f1d8	fiat 131
af67ab4b70	අපිත් එක්ක කතා කළේ.
af67b2a32c	මම හිතන්නෙ.
af67c6f5c9	අපි හැමෝම සීතලෙන් බඩ ගින්නෙන් මිරිකිලා හිටියේ.
af67c700af	ඉතින් මේ චිත්‍රපටිය සුපිරි චිත්‍රපටියක්
af67ff9953	වෙන්න ඕනෙ.
af689b8e5e	නමුත් ඔහුට
af68baabc0	ඉස්කෝලෙ යනකොට ලාවට
af6919ef5d	කරුණාව, මෛත්‍රිය, දයාව අනුකම්පාව වගේ යහපත් ගතිගුණ
af69a6163f	මොකද උන්වහන්සේ ඇත්ත කියලා
af6a598f24	සාමාන්‍ය අධ්‍යාපනයක් ලබා ඇත්තෙකුට පවා
af6a84ca0b	මම ඒ ආරාධනාවට කැමති වුණා.
af6b664a43	අඩුම වශයෙන් දෙරට අතර ඇති වන ගැටුවකදී
af6bd19467	needle tatting
af6bddc599	එම පැහැදීම නිසා රජතුමා චත්තපාණී උපාසකතුමාට
af6c16cf2d	හෝමෝ ෆෝබියාවෙන් පෙලෙන අය
af6c68c360	login fb
af6cb6d9c7	මේකෙ ඉන්න නලු නිලියන් නම් එච්චර ප්‍රසිද්ධ අය නෙවෙයි.
af6d535299	විමර්ෂණාක්ෂියෙන් බැලීමේ වැදගත්කම වනුයේ එයයි
af6d58f163	මේ සඳහා මැනවින් යොදා ගෙන ඇත.
af6da7366f	ගිනිගෙන දැවෙන වියදඬු
af6dd0a657	වේදනාවෙන් විලාප නොදී
af6ebad695	ධර්ම දානය ලෙස
af6f8db494	අනික බොට කියන්න සබ් කරාට මොකෝ
af6fc0dfab	එක දවසක් තාවකාලික නවාතැනකදි
af702fbf4c	ලැබෙන දෙය වියදම් වී යෑම නිසා
af708684b2	මේකෙ තියෙන්නේ අයිතිවාසිකම්
af70c9cd16	තමා අද මේක ඕගොල්ලන්ට ගෙනාවේ.
af70eb43b0	අං පිල් දෙකෙහිම එක සමානද
af70f11f94	මොකද ආඅගම් හැම එකකම හැටියට
af7143b405	විහාර මන්දිරය තුළ සිතුවම් කර තිබේ.
af718ee416	action games
af71ab5e9a	කවදාවත් නොදැකපු කෙනෙකුට වුනත්
af71dd6a4a	රජතුමා උඩුමහල් තලයේ සිට
af725f22b4	ඒ දෙව්රම් වෙහෙරේමයි
af72994d31	වේලාවක් ඇති බව බැහැර කල හැකිද?
af72e92924	වඩා හොඳින් නිවැරැදිව හදාරා
af73e00357	හංවඩු ගැසීමට සූදානම් වීම නොවේ.
af7403bb89	“නාච්චිඅම්මා” කියල දෙවි කෙනෙක් විදිහට
af7422d51e	රාත්‍රී භේරි වාදන අවස්ථා
af744b659d	හැබැයි හරියට වෙදකම ලබලා
af74c94bb7	ඒක කරන්නේ
af75128873	මුහුදට කඩන් වැටෙනව.
af755a8b11	ඇයගේ කාලයේ කල දෑ
af75c05d34	තමන්ට වුනත්
af75eb1b3c	බඩුත් හාමුදුරුවන්ගේ නඩුත් හාමුදුරුවන්ගේ
af75eee0f2	අනේ අය අපායට ද යති.
af7619ee99	ඔබ මේ ගැටලුව දිහා බලන්නේ
af769b1d52	අප සමග අදහස් දැක්වූ රන්මැණිකා මහත්මිය
af7720a48e	මෙහි යොදුනක් උසැති
af7728b0ce	චිත්‍රපටය නරඹන්නේ නැතුවද?
af7759db74	සමාජය පෙළැඹවීමක් වැනි ය.
af77ab9d95	ඇති ගැටලුව වතුකරයේ අයට නොමැත
af77bd42a6	ඇතැම් බලපත්‍ර හිමියන්ට දඩ නියම කළ විට දඩ නොගෙවා සිටියි.
af7802aca4	ආනයනය කරනු ලබන බෝට්ටු
af78391791	ආරක්ෂක ලේකම්වරයා ප්‍රකාශ කරන්නට ඇත්තේ
af7875950d	මට කතා කරලා තියනවා.
af795e0b08	පැහැදීම තියෙන්නේ
af7a489e83	ඒත් භාග්‍යාව
af7a89bcf6	සිංහල අපිව දෝලාවේ තියල
af7adadcaf	ප්‍රායෝගික දේශනාවකි
af7b85a2da	පුරුෂ මූලික ගොඩනැඟීමක් නොවන්නේද?
af7ba59323	ඉබේම හුරු වූයේ නැත.
af7bb4f0f3	මං මේ විස්තරේට තිත තියන්නම්
af7d1e52f7	තවත් වසර බොහෝ ගණනක් ගතවෙනු ඇත
af7d32639e	නියමයි ඔෙහාම යං යං.
af7d8fb70c	hot tamil news
af7e0d2e4c	නියැලීමට කවුරුත් ඉදිරිපත් වන්නේ නැහැ.
af7e14bf7f	ලෝංහස්ට් වැනි පුරා විද්‍යාඥයෝ ප්‍රධාන තැනක් ගනිති.
af7e507dbf	ගඩොල් ගොඩක් පෙන්නලා
af7e61d268	දඹුල්ල පොලිස් ස්ථානයේ සිටය.
af7ed86333	sinhala songs image
af7f35215c	කරන දේම වෙන්න පුළුවන්.
af7fa34601	කර්මය වශයෙන් දැක්විය හැකි යි.
af7fd6a202	සංසාරයේ කරන ලද
af7ffc3812	මෙම ගාථාව
af80165759	කොල්ලෙක් නම් එක්කෝ සිගරට් එකක් බීමය.
af8059695a	ශ්‍රාවකත්වය පවසන්නට විය
af805a62e4	නාගදීපය වෙතය.
af809911ff	අදද භික්ෂූන් වහන්සේ
af80e4b134	අමාත්‍යවරයා එසේ පැවසුයේ
af81080750	වයස්ගත වීමක් නොවෙයි.
af810c650d	අනියම් සබඳතා පවත්වන්නවුන්ට මේ සිදුවීම
af819d33f0	එම ස්ථාන වලදී
af81b9c6a6	මේ රජය යටතේ නිවැරදි පරිදි
af82d80490	සක්සුදක් සේ විශ්වාසයි.
af8316f890	මානසිකව ඔත්පල වී
af831ec83a	ඵලග්ග පිරිවෙන, දීඝසන්ද පිරිවෙන ආදියයි.
af833784b4	clay products in sri lanka
af853968b8	අද්භූත සිද්ධීන්ගෙන් වෙළි පවතී.
af85dee67d	සංයුක්ත නිකායෙහි සඳහන් වෙයි.
af85f69421	වරින් වර අල්ලගෙන යනව.
af869dcb6c	පෙරටුගාමීවන බවයි.
af86c4af57	විශේෂ තුනක්
af872ce7a5	නමුත් මේ සංකල්පය
af87584333	තවත් සොදුරු අත්දැකීම් සමූහයකින්ද සන්නද්ධව
af87670bf1	ඒ දේශනාව ශ්‍රවණය කළා.
af87d85e99	මේවා බල බල තවත් තොපි වෙනුවෙන් කතා කරන්න
af881bac5e	ගබඩාවෙන් ගෙනා අලූත්ම කොට්ට මෙට්ට
af88fb222f	බුදු දහමේ සැබෑ පරමර්ථය මේ ලෝකය විනාශ කිරීමයි.
af8971bd44	මෙම නවකතාව ප්‍රබන්ධ කර තිබෙයි.
af89a311f7	ඉතා ඈතක සිට වුව ද
af89cb5bd5	මම ප්‍රාර්ථනා කරමි.
af89cc2485	පාසැලක් වෙත ගොස් ඇරලනවා.
af8a590c64	සීමාව නොඉක්මවා
af8a81d556	සාර්ථක බ්ලොග් කරුවෙක් වෙන්න
af8b157119	මම ඉහලින්ම අගය කරනවා
af8b360c7d	එය උදා වී ඇත්තේ අප කිසිවෙකුත් නිසා නොව
af8b667fd6	ඩේවිඩ්ගෙන් උදව්වක් ලබා ගන්නයි
af8b975791	හැබැයි සම්බෝල මැල්ලුම් වලට නම් පොල් ඕනෑමයි.
af8bcc2e1d	අන්ධ භක්තිකයන් විශ්වාස කරන්නේ
af8be3fa53	ඔයාලා හය දෙනා තීරණය කිරීම.
af8be6a635	තෙල් තාච්චියට අත දැම්මොත්
af8cb19218	ඉතින් එක එක්කෙනා තම තමන්ගේ භාජනවල ප්‍රමාණයට
af8ccf0c7c	උගත් බුද්ධිමත් උසස් පුද්ගලයන් රැවටීම
af8d268ed0	ආරක්ෂකයා ලෙස පෙනීසිටි
af8e1c8210	එම අදහස් ආරෝපණය කළේ එනිසාවෙනි.
af8e61f944	ඵල බරිත ගසකට උපමා කර ඇත.
af8eb4c6f4	බ්ල්ලො දාල හොයා ගත්තු සියළු දෙනාම
af8ee3a820	සසර දුකින් මිදී
af8ee6f2e6	ඔය වචන ටිකක් එහා මෙහා කරලා
af8f538102	අපි දර්ශන තලයේදී කතා කළේ ඇස්වලින්.
af8fb0639d	මේ අතර වාරයේදි
af9085ca6f	තරුණ අය මං වගේ
af91196599	ආහාරයෙන් හෙයින්
af91c79880	මේ පින්වතුන් දන්නවා
af91c8891b	අප ඔවුන් දෙදෙනා සමග
af92741384	ශාපලත් යුද්ධය දක්වා
af92d544e3	ඒගොල්ලො සූදානම් නෑ
af92e90d24	ඉහතින් සටහන් කරන්නට යෙදුන
af9345df1d	නමුත් අද කතාවට ආක්‍රමණය කියන නම තිබ්බේ
af93aa697a	පෙරහරේ ගමන් කිරීමයි.
af93e5dcaf	අපට ලැබෙන්නේ මේ වගේ
af94ac3ec6	මොකක්ද යකෝ වික්ටර් රත්නායකගේ ලෝකෙට පරකාසේ කියන්නේ.
af94ad4d0e	වික්‍රමසිංහ පැමිණ පොල් වලවල් කැපීම
af94eaf78f	අමාත්‍යවරයා සඳහන් කළේය
af954be113	අරාබි වසන්තයේ ප්‍රතිඵල උදුරා ගැන්ම
af954f079b	වසර සියයක් පමණ වූ කළ
af955bb54a	සේවාව පිළිබඳව අධීක්ෂණයක්ද සිදුකළ යුතුව ඇත
af9571ac9b	සලකනු ලැබීමට ඇති අයිතිය වෙනුවෙන්
af9656db47	අනුන්ගේ සැපයෙහි සතුටු වීම නම්
af96c16d77	ප්‍රඥා භාවනාවක් වශයෙන් විදර්ශනා භාවනාව ද
af979a42f3	ශ්‍රී ලංකාවට මහා සම්පතක්
af988a1b8a	මම අත් දැකල තියනවා
af98a46842	ශෝකයකුත් භයකුත් නැත.
af991ea098	එකක් මේ සංවිධාන තහනම් කිරීම
af99d0343a	හැරුණු විට
af9a2443aa	අනික ඔයා හොද ළමයෙක් නම්
af9a714290	එම භූමිය තුළට පිටස්තරයින්ට පැමිණීම තහනම් උණා
af9a8c356b	කියන පට්ට බොරුව
af9ab5e612	නමුත් එයාට සාර්ථක අස්වැන්නක් නෙලාගන්න බෑ.
af9b2515b2	නමුත් දැන් ඔබතුමාගේ ලියවිල්ලට අනුව
af9b2cc430	මේ වැඩසටහනේ කියවෙන්නේ නැත.
af9b9a7100	ඇති විශේෂතාවයකි.
af9bdc58d0	මොකද අද කොටස බලලා
af9c6cb1e9	අන්තිමේදී හීනයක් දැක්කා වගේ
af9d258120	එතුමා නතර කරපු තැනින්
af9d38c9e1	අලිකොටආරේ ජල පාලන ජලාශයක් ඉදිවන අතර
af9d40ac68	එදිනෙදා ජීවිතයේදී අප කරන කියන වැඩකටයුතු
af9d9139dd	අවුරුදු කාලය ගත කිරීමට
af9d953da9	එලෙසින් ශ්‍රද්ධාව නමැති
af9e6ee410	අනෙක් සාමාන්‍ය රෝහලක තියෙන
af9eb96bad	ජනකායක් ඔවුන්ගේ වාසස්ථානවලින් දැනටමත්
af9ec4ea5d	good morning photos
af9eeb8ffe	උන් මැරිච්ච දුකට හූල්ලලම මළා
af9ef7cad7	ආණ්ඩු පක්ෂ මන්ත්‍රීවරු විස්සක්
af9efdc85f	සැවොම ඊට දක්වන ප්‍රතිචාර
af9f01dc66	එක්සත් භික්‍ෂු පෙරමුණේ
af9f36878e	මේ ලිපිය තුළින් මැනවින් මතු කර ඇත.
af9f83115b	තාත්තව හොයාගන්න උදව් කරන්න කියලා.
af9f92a520	උඹ ලියනකොට කොහොමද ලිව්වෙ කියල හිතල බලපන්
af9fac46fc	korean drama jewel in the palace move photos
afa11c9ccf	සුපටිපන්නෝ කියන එක විස්තර වශයෙන්.
afa15a536b	අන්න ඒකෙ එක කොටසක් වෙච්චි
afa1f9b363	ඒක පළවෙනි කොටස බැලුවම
afa2b10d16	අතීතය සදහටම අමතක කරනන
afa31ae2b9	ජාන තාක්ෂණය මගින් ජානමය වෙනස්කම් කළ
afa37c511d	උඹට පල්ලියේ ලෙබ්බේ උගන්නලා තියෙන්නේ බාගෙට
afa3ab2851	එය පැවසිය යුත්තේ
afa42cc7d2	එබැවින් දානයේ ආනිශංස වටහාගෙන
afa532a7bc	සටන් වැදීමේ මාදිලි වශයෙන්
afa53d03d8	punjab news
afa5bf5951	එම ත්‍රස්තවාදීන්ගේ ම තියුණු ආයුධයෙන්
afa63cb305	කොමඩු පිපිඤ්ඤා දිවුල් කොස් කොළ සහ
afa6e74d13	මෙ චිත්‍රපටිය බලන්නම වෙනවා..
afa7406ca6	කියමින් ගෙදරට වී සිටී.
afa7cd7d35	hospital uk
afa834326e	ස්තුතියි මිහාන් සහෝ
afa8956e7f	මට තමුසෙ කියන ගොන් කතා
afa920bebe	දරුවන් උදෙසා සිරිත් මල්දම ලියවිනි.
afa93d8b0d	ඒත් මෙතැනදී ඔබගේ
afa9697389	එක් ගායකයෙක් හෝ ගායිකාවක් ගෙනත්
afa9bba48b	අනිත් කුරුල්ලෝ කියූ විදියට නම්
afa9f61e15	වර්ග කර ගන්න එක.
afaa3ef706	ඉල්ලීමක් කළහ.
afaa48539b	කුහකත්වය හා අත්තනෝමතිකකම් මත.
afaa94a93c	රංග ශිල්ප ශාලිකා පරිශ්‍රය භාවිතයට ගැණින
afaafcc422	ඇමට එල්ලන බල මාළු බොකු හාල්මැස්සන් ඉස්සන් බන්ට් එකේ තැන තැන දමා ඇත.
afab12e474	හැම තිස්සේම අනතුරක් තියෙන්නේ පාප මිත්‍රයාගෙන්
afab959118	එය චාරිත්‍රයක්, යුතුකමක් වශයෙන් මෙන්ම
afac16b640	මේ නිසාම හේතු ප්‍රත්‍ය බිඳීයාමෙන්
afac5b30cd	මෙහිදීද කතුවරයා
afac948b31	ඉතිං මම මීට වඩා කිව්වොත් කිසි ගතියක් නැති වෙනවනෙ
afacb0b5ce	එයට සහභාගී වන්නා
afacd4a490	outdoor products backpacks
afad2c89c9	උඹ කියන්නෙ එතකොට
afaf150205	එසේම භික්‍ෂූන්ට ද වදාළ සේක
afaf4087c3	කිසිවකු විසින් මෑත භාගයේ ඉදිකරන ලද බුදු කුටියකි.
afaf9240a7	සිතට අවංක වුනාම ඕනෑම දේක
afafd5de8a	තේරුම් ගත්ත නිසායි.
afb05be393	සමාජයේ පිරිහීම බව මනාව විදහා දක්වයි.
afb071d5a0	ගොඩ බාන්න නොදෙන හින්දා
afb0b29694	එම ස්ථානය බලනගල වශයෙන්
afb0ec2985	අපට කැලේ ඇතුලේ ඉන්න කියලා
afb17a5745	දැරූ තැතක් ලෙස පෙනේ.
afb1960bed	උන්දෙලා මේ මිත්‍යා දෘෂ්ටිය
afb2274a4d	game for girl
afb24ead0e	ඉතින් ජාතිකත්වය අත්හළ ඊනියා ලිබරල් පඬියකුට
afb2fffc5b	මම ඒවා කොළවල ලියාගෙන
afb5591d8e	මේක මත ගොඩක් දේවල් රඳනවා.
afb576dd11	අල්පයක් හරි අවබෝධයක් නැතුවද
afb5955844	ලිපිය පිහිටා තිබෙන්නේ
afb5c8e5f5	අන්ජන් තමන්ගේ ක්‍රමයට අභී ට උදව් කරනවා
afb6374bc2	බොහෝ සෙයින් යහපත්
afb66f560c	ඒ වෙනුවෙනුයි
afb73cb55c	මෙතැනදී වැදගත්ම දෙය තමයි පිළිගත් සැලැස්මකට අනුව නිපුණතා සංවර්ධනය සිදු කිරීම.
afb795822d	කැමති නැහැ කියන්න.
afb7a1b3a3	ඉටුවන ලකුණු පෙන්නුම් කරන අද දින
afb7cbb37a	මෙම බහිරවයන් යොදා ගෙන තිබීමයි
afb806e275	එතුමන් ගේ දෛනික ජීවිතය දේශනා ක්‍රම
afb824f42b	බුද්ධිමත් තරුණ පරපුරක් අපේ රටට නැතිවීම පමණයි.
afb8260a3d	ඒකෙන් බලාපොරොත්තු වෙන්නෙ පාඨකයගෙ
afb8d2b872	අශ්ව ගැටලුව
afb907cb2b	ගොඩනැඟෙන සන්නිවේදන ජාලාව
afb990d120	sinhala cartoon
afb9f51d0b	අවබෝධ නොකරන්නේ අවිද්‍යාවයි.
afbadd2864	මෝඩ කතා ලියලා අපේ වෙලාව නාස්ති කරන්න එපා.
afbade947a	වගා කරන ගොවියොත් දන්නවා.
afbae29efb	යම් සමාගමක් යම් චිත්‍රපටයක් කරලා නොමිලේ බෙදා හරිනවා
afbaf70d54	නම් කොට ඇති අතර
afbb18a4d2	අනික් ඒව මොනව උනාම මොකද
afbb206dc6	යෝග ශාස්ත්‍රය ලොවට බිහිවූයේ මේ හේතුව නිසාමයි.
afbb27bdbb	කෙමෙන් කෙමෙන් ගෙවිලා යන එකක්.
afbb53da8b	මොකද්ද මේ නිදහස
afbb84c122	ඉතින් මේ වෙනුවෙන් මොකක්හරි
afbbbcda4b	සිත තුළ බලාපොරොත්තු රාශියක් එකතු වී
afbbeeb5a6	ඔන්න මන් දවසක් රුපවහිනිය බලන කොට
afbc94ec4b	එහෙමනම් හින්දි හොඳේ?
afbc996c96	ඉර එන්න කලින් අහසට
afbca23c37	ඔබේ අධ්‍යාපන කටයුතු
afbcadbc61	සිදුහත් කුමාරය බුදු උනේ
afbcbddddf	දාන සංකල්පය ජනතාවගේ ආර්ථික තත්ත්වය උසස් කිරීම පිණිස
afbcd99383	මේ නිසා ධනය ලබා ගැනීමට
afbda95fec	එජාප කටකථා බලකායේ නායක
afbdc2a24c	page borders
afbe0c2df2	ඒ බොරුව බොරුවක්
afbe7c6cf9	විකුර්ති කරන්නෙත් ඔන්න ඔය පෑගීම
afbe8771da	එම වෙනස නැවතත්
afbe8a1c68	බීලා අනුන්ට වද නොදී ඉන්නවනං
afbf83f171	අනික මේ රේටින්ග්ස් ලබා ගන්න
afbfc7c4d6	ඇත්තක් තියෙනව.
afc1464574	මුන් කෑ ගහන්නෙ ඉස්සර කාලෙ හදපු වැව් ටිකකුයි දාගැබ් ටිකකුයි අල්ල ගෙන නෙ.
afc17e5cb2	ආදරය මේරූ පසු
afc180b33e	ඔක්කොම සුන්නත් කරන්න ඕන
afc1ef07ab	මත්පැන් පානයට ගිජු වීම
afc244641f	දේශනා කොට වදාරන ලද මෙම ධර්මය
afc245072e	නමුත් මුලික වශයෙන්ම
afc272dfa8	උන් වහන්සේ විටින් විට
afc3025048	දොර බාගෙට වසාගත්තේය.
afc3284071	අදත් හිටියා
afc3a6afed	එසේම අන්‍යාගම්කරණය නැවැත්විම
afc401e949	එවකට පැවති ඉංග්‍රීසි පාලනය බව යි.
afc41736b1	බෞද්ධ ශ්‍රාවකයාට තථාගතයන් වහන්සේ සරණ ගිහින්
afc427dbb5	ඉන්දියාව දහතුන් වැනි ස්ථානය ද ගෙන තිබේ
afc443b4da	එනිසා එහි දිගුවක් නොවී
afc46d19d1	කරපු පව් කැපෙන්නැ‍.
afc47cb9d5	සාමාන්‍ය සංචාරක වීසාව
afc53e683f	ශරීරයෙහි ගිනි හෝ, විස හෝ, සැත් හෝ නොවදියි.
afc5674a86	අලි ඇතුන් සහිතව
afc68aa902	teen 18
afc69aa470	තරහ යන බව තේරුම් ගනිමින්
afc6d67110	එනම් ගෑබ් ගබ්සාව
afc6fba201	බඩු කිරන කෙනාට
afc7188f68	ඊට පස්සේ මට මතක
afc780060d	නැති කර ගත්තේ නැහැ.
afc796fa50	ඊයේ උදයේ හේන්රි කල්දේරා ගේ සින්දුවක් වෙනස් කරලා
afc7a8d24f	මෙහි වචන භාවිතා වෙන්නේ.
afc80040b1	එය ලෝක උරුමයක්
afc880582b	අපේ හිටිය පිනා පල්ලා
afc8da2cf1	එයාගේ හතුරන්ව මරාගෙන
afc9377b9f	මොන දේකත්
afc9c9665b	අපි කවුරුත් කල්පනා කළ යුතු වෙමු.
afca36e38c	මාධ්‍යවේදී ප්‍රසාද් පූර්නිමාල් ජයමාන්න සමඟ
afca475ce6	මොකද එයාලා රටින් පිටවෙලා
afca607844	මෙහි ධර්මය යනු
afca62bea1	සුද්දන්ට යන තත්ත්වයකට පත්වෙලා තියෙන්නේ
afca669e85	ව්‍යවච්ඡේදකයාගේ දෙවැනි විප්ලවීය කරුණයි
afcba15a14	ගුණවර්ධන මහතා
afcbc3708f	උතුම් වූ නිවන් මඟට පැමිණිය හැක.
afcc07fce7	සැවැත් නුවර සිරිගුත්ත හා ගරහදින්න නමින්
afcc4812bd	ආගන්තුක වත් පිළිවෙත් සිදුකොට උපස්ථාන කළහ.
afcc7b8d6a	ඉන්ද්‍රිය යනු ඇස කන නාසය දිව හා සම සිරුර වේ
afcc952232	සිල් පද පහ රැකගන්න
afccbfdf8a	youtube downloader free download
afcccdd76f	අපි බොහෝ දෙනෙකුට ඒකෙන් සෑහෙන්න පුළුවන්
afccec8e59	ගුවන් විදුලි තරංග වැනි
afccf3fdef	රංගනයෙන් දායක වෙනවා.
afce2fdcfd	වෙනත්සයිට් එකකින් නේද?
afce5e68e4	මෝඩ ළමයි බියෙන් සැලෙන්නා
afceb921d3	අපේ උත්තමාචාරය හිමිවෙන්න ඕන.
afceeb7a7f	එබඳු ස්ථාන
afcf50e740	ලොකුම ලොකු කේක් ගෙඩියක්.
afd045acdd	පැමිණෙද්දී අප සියලූ දෙනාම නැගිට්ට යුතුයි.
afd0904c58	ළඟට ගියොත් බැරි වෙයිද
afd108cd84	ලෝක විනාශයක් කිසිසේත්ම සිදුවිය නොහැක
afd1348612	එතන තියෙන හැලඹ ගහේ
afd158869d	මොකද පස්සෙ දවසක හරි
afd17e423a	සත්ගුණ ධර්ම නොමැති බව
afd17e8f71	ළඟදීම තවත් සුපිරි චිත්‍රපටයකින්
afd1c5463b	ආසියාවේ මෙවැනි ගිටාරයක් හිමි එකම වාදන ශිල්පියා මමයි.
afd2904506	හැම පැත්තෙන්ම චෝදනා ගලා ගෙන එද්දී
afd2e9a7d0	විවරණයක් ලබා දී ඇති නිසා ඒ ගැන ලියන්නේ නෑ.
afd3a6b306	ඒක ඔහෙට කොහොම පේනවද
afd4245ccc	මැක්සා බයිස්කෝප් එකක්.
afd42b41f5	මුරගල කිසිදු කැටයමකින් තොරය.
afd44f460c	සත්පුරුෂ ආශ්‍රයෙන් චතුරාර්ය සත්‍යය ධර්මය අසන්නට ලැබෙනවා
afd5436a4a	රහත් භාවයට පත් නොවී
afd558891a	ජල ක්‍රීඩාවෙහි යෙදී සිටියේ ය.
afd5e61ea5	ඔබේ අදහස ඔබේ පැත්තෙන් හරිය
afd655b946	පින හෝ පව යනුවෙන්
afd7302da2	සියල්ලන්ගෙන් සපිරි දිවියක් ගත කළ නොහැක.
afd7b1a879	අනවශ්‍ය පමනට ඔහුව යොදා ගැනීම
afd7ef1c3e	මයිකල් බලකර ඇතත්
afd8bdecd5	දරුවන් පිරිහීමට පත් වන්නේ ඇයි?
afd8e90d30	දළදා වහන්සේ වැඩ විසීම
afd91f7dd9	රණවිරුවන් විසින් පාරක් තනා දී තිබීම සැබෑවකි.
afd922f4ee	එල කොල්ලෙක්නෙ
afd9329303	එල එල තුති සහෝ
afd99108a7	මෙයාට ප්‍රජා අයිතිය ලැබෙයි කියලා.
afd99b4753	මම දැනන් හිටියේ නෑ.
afd9e30be7	අංග ජනපදයේ භද්දිය කියන නගරයේ
afda00d8e0	ලියා තබන ඓතිහාසික මහනුවර පුරවරය
afda6ba5eb	මලට පොහොර මෙන්
afdaac1fa2	තව දවස් දෙක තුනකින් හම්බවෙමු
afdabd93ab	ඒකට විසඳුමක් විධියට
afdbde5003	ඉන්ග්ලිෂ් වත් කතා කර ගන්න බැරි එකෙක්.
afdc9d6008	ලෝකයත්
afdcbdce12	එය ජීවයක් කරගත යුතුය.
afdd06845f	නිර්මාණය සමග මුසු වෙලා තියෙනව
afdd160b12	අම්මට කියලා පෑන්කේක් හදාගෙන ආවා
afddc90af8	ඒ මරු සිරා ගැන
afde0816b6	තමන් මතු නොවී චරිතය මතු කරන එක
afde94a21c	ඒවා කැමති ලෙස භාවිතා කිරීම ගැන
afdec8881e	එතන ඉඳගෙන දවසින් භාගයක් පුහුණුවීම් කරල රූගත කරනවා
afdef27252	ගෙජ්ජිය බඳින්න මීයෝ කතා උනා වගේනේ.
afdf27ac2f	ලංකාවේ දී එම ක්‍රමවේදය
afdf5d7e9b	02.දේශපාලන අංශය 03.
afdf7f99f4	කෙරෙන භයානක අනාගතය හේතුවෙනි.
afdf8d2ba0	ගේ නම් තියෙන්නේ
afdfa53500	කිසි බයක් සැකක් නැතුව
afdfbc6317	මේ ඓතිහාසික සිද්ධිය වඩා විචිත්‍රවත් කරයි.
afdfbff5ee	නැති අයත් ඉන්නවා ඒ තැන්වල
afe011ab91	අද මොකෝ වෙන කවි ටිකක් ලියලා තියෙන්නේ
afe05467eb	හරිම තැති ගන්නා සුළුයි.
afe0fbd825	මෙම ජයමංගල ගාථාවලට අන්තර්ගත වී ඇත.
afe12c1c4d	සිව්හෙළයේ යක්ඛ කුම්භාණ්ඩනාග හා ගාන්ධාර්ව යන කොට්ඨාශ
afe150e0c4	ශාන් සහෝ සිංහල උපසිරැසියට.
afe192f597	දක්නට නොලැබිණ.
afe1b7b0ea	සිංදු තියෙනවා අඩුයි නේ.
afe1f75ec5	දක්නට ලැබෙන ශ්‍රද්ධාකාමී ගති ලක්‍ෂණ කිහිපයක් ඇත
afe21bf9b1	සීමාවක්‌ නෑ.
afe22b1419	මූලික අධ්‍යාපනය
afe2d11273	එකක් වගේ.
afe33bcfe6	අන්තිමට දෙන්නා හොදයි
afe3484dfb	එහෙත් එම බලාගාරයෙන් අහිමි වූ
afe3506abd	නිරීක්‍ෂණය කළ හැකිය.
afe401faab	මේ‍ක නම එලම එළ ෆිල්ම් එකක්
afe439ee87	දර්ශනයේ ස්වභාවයයි.
afe50e2f43	ඒත් දැනට
afe51d6698	උන්වහන්සේගේ කුටිය පිටත
afe5375ddb	බසයේ ගමන් කළ මඟීහු
afe5384f1b	අන්තිමට බලද්දි
afe5ab51fc	බද්ධ වෛරයකින්නේ ඉන්නේ
afe697f0b2	මනා සංවරයෙන් යුතු භික්ෂුන් වහන්සේ නමක් ලෙසයි
afe6e8fe5a	මේ නිසා අසත්පුරුෂ ඇසුර
afe801f162	ඊළඟ දිය බුබුල ඇති වෙනකොට
afe80e4df9	මේ වෙළෙඳ දැන්වීම නම් ගැළපෙන්නෙ රූපවාහිනියට කියලා
afe85a5ea2	එවිට හාමුදුරුවන් ලඟින්ම සිටි සිටින රෝගියා
afe8d59976	වෙනත් තැනකට වඩා භයානක වීම
afe9e76196	මේ වනවිට අල්ලස් කියන දේ ගත්තොත්
afea46e342	මවිසින් ඔබ ට භාර කිරීමට කැමැත්තෙමි
afeae688bc	උන්ව මාකට් කරනකොට
afeb4ad1e7	ඒවා තිබුනේ කොහෙද?
afeb4ecce9	ආඩම්බර වීමට හේතුවක්.
afeb846589	එමෙන්ම දන්දීමෙහි ආනිශංස පිළිබඳ
afeb97e979	ඓතිහාසික ''වීදි නාට්‍ය'' රඟදැක්වීම සිදුවිය.
afebc997ba	මොකක්ද උඹලට තියෙන ප්‍රශ්නය.
afebece4aa	සිදුවන බවට හේතුදක්වයි.
afec9e1633	එක්තරා භික්ෂුවක් බුදුරජාණන් වහන්සේ බැහැදකින්නට ගොස්
afecf149e9	එකළ පැවති රෝග සුව කිරීම
afed8ef052	එතන ගිහින් බැලුවත් අපේ ඉන්න ටික දෙනාම තමයි
afedab7410	තේරුම් ගන්න එයා ඉඩහැරියා.
afeddf4ea2	මිනිස් අයිතිවාසිකම් කිසිවක්
afee2073ee	ඊයේ රාත්‍රියේ සිට වහාම ක්‍රියාත්මක වන පරිදි
afee29833d	ඔන්න මං උපෙ කරද්දි
afee599a8e	ආහාර සොයා ගන්න
afee8039d4	ඔය වගේ වැඩ
afeed58bb3	මුල් කාලේදී කළා වගේ
afef4f9f52	උසාවියකදී වුවත් කියන කාරණාවක් ඔප්පු කළ යුතුය
afef9567a7	රොයිලි සහෝ.
afefa9f60f	ඔබට පෙනීයාහැකිය.
afefadd77f	යනුවෙන් ජීවක උපාසකතුමා බුදුරජාණන් වහන්සේගෙන් විමසුවේය.
aff00209ec	ඒකට කරන්නේ මොකද්ද කියලා හිතන්නෙ.
aff0214b68	එම නිසා වී වැපිරීම කරන කල්හි
aff035d132	බාහිර වශයෙන් පුරුදු පුහුණුවන සෑම දේකම
aff0602f8b	ධීවර වගා කටයුතු සුලු වෙළඳාම් වැනි
aff0af0f27	තිබෙනවා වගේ ලක්ෂණ ශාස්ත්‍රයත් නිපදෙව්වා.
aff0b3aa73	උන් දවසින් වැඩි කාලයක් ගෙවන්නේ
aff0cb22db	එයින් ලැබෙන ආදායම ගැන
aff0eb6fe8	බුද්ධ චරිතයේ එක් සුවිශේෂී අවස්ථාවක් නිරූපණය කර තිබීම
aff110978f	පසුගිය සතියක රාවය පත්තරේ කතා කරලා තිබුනා
aff14ac49c	යහපත්සේ සලකන මේ ශරීරය දෙස බලන්න.
aff184d594	සුනිල් ආරියරත්නට සලකපු විදියත්
aff1e40195	බුදුරජාණන් වහන්සේ දේශනා කළහ.
aff209879c	අශෝකමාලා චිත්‍රපටිය තුළින්ම නේද?
aff287d52f	බොහොම ස්තූතියි දනා සොයුරට
aff2dac7c1	අශෝක අනේ
aff30b3d89	එයා ඒක එවනවා පළ කරන්න
aff30c7987	අච්චර ජන සන්නිපාතයක් සිටිය ද
aff3512984	අන් අයගේ අයිතීන් ට ගරු කරන සමාජයක් බිහිකල හැක්කේ
aff3f48ed9	පරම ආයුෂ බුක්ති විඳීමට
aff436c39a	මේ වී ඇට ප්‍රමාණය ගන්න
aff5fcbb1c	නායකත්ව කුසලතාවයන් වැඩි දියුණු වනු ඇත
aff6bb87ed	මම සුරා පානයෙන් වැළකීමේ
aff714340d	කිමිඳුම්කරුවකු කිමිදෙන කවි ද
aff747a484	ආපහු වැඩවසම් තැනට ගෙනයන්න.
aff80aa4ba	නොබෝ වේලාවකින් හිස් කුටියකට පිවිසි සේක
aff835f50a	එනිසා ඔහුට මොනරාගල දිස්ත්‍රික්කය
aff8384f9d	බොරු පැමිණිලි කිරීමට ඉඩ ඇති බැවිනි.
aff866afae	මංගල ශ්වේත රාත්‍රිය පැවැත්වුණා.
aff9b6268c	ලෝකයෙ ඇති අමාරුම
affa15cac6	මෙසේ කය අතහැර යන සිත
affa4322a8	ගල්ගමුවෙනුත් කිලෝමීටර කට වඩා දුරින් පිහිටි මහකත්නෝරුව
affa49dc99	ඒවා වීඩියෝ කරලා දැම්මොතින් කොහොමට තියෙයිද?
affa63bb81	හැඩ වැඩ නොදා
affa67c88b	ඊළඟ එක ලැබෙනවා
affb1b0340	සල්ලි කොට්ටේ යට හංගාගෙන ඉන්නවා.
affb507435	ඇමතිවරයා කියා සිටින්නේ
affbb162a3	අප අමතක නොකළ යුතුයි
affbbcd2f6	මේක ලැබෙන්නේ හේතුවක් නිසා කියලා.
affc63c20b	අවසානයේදී ආදරයෙන් බැඳුණු
affc7e975e	එවැනි අයට එරෙහිව කටයුතු කරන්න
affc85e98f	භගු මහරහතන් වහන්සේට
affcd9865c	මෙම මතය ගොඩනැඟීමට හේතු වූ
affd195283	එතුමාගේ මව පෙන්වීමි.
affdacf921	ක්‍රියාකළ යුතුයි.
affe2bc4f5	සියදිවි හානි කර ගන්නවා.
affe8bf34f	මීදුමෙන් වටේම වැහිලා.
affeb4f722	තාම විස්තරයක් නැද්ද?
afff8370b5	වනජීවී සංරක්ෂණ දෙපාර්තමේන්තුව මේ වනවිට
