b50071267b	හඬ නගන්නෙමු.
b500b9eeb5	මෙම ගල මොණරුන්ගල යන නම ලබා
b501cf3129	නිසි පරිදි ක්‍රියාමාර්ග ගෙන නොමැත.
b502bfaf68	පවිටු මාර තෙමේ එතැනට පැමිණියේ ය
b503086722	හුදෙක් අගය කිරීමක් පමණි
b5030e3c3d	ළමුන්ගේ කුතුහලය වැඩිම පාඩමනේ.
b503d1898b	එවගේම මේ සරත් ස‍මයේ ඇරඹුණු
b504206212	ඇයි අප්පා මේ සේනාවක් හදන්න යන්නේ.
b504667a98	එතකොට එක ගහද්දි තමයි
b504e0584d	සෑහෙන අවබෝධයක් ඇති කරගන්නට පුළුවන්කම තියෙනවා.
b50502bf7e	අපගේ විරෝධයක්, ඊර්ෂ්‍යාවක්, එරෙහිවීමක් නැත.
b505783d74	වහාම කල යුතු වැඩකට තමයි.
b505d2b669	ඉතිං කියන්න තියෙන්නේ රොයිලි මහේෂි දෙන්නටම ටැන්කූ කියන එකයි
b5065b9b72	එම අවවාදය අනුව පිළිපදින පුද්ගලයා
b506610716	එල!බොහොම ස්තූතියි
b5067ef228	අපේ ගෙදර වලට හැදෙනව
b506b73a9c	එමගින් එම අතේම මැද ඇඟිල්ල කැඩී තිබුණි
b5077edf7e	මම ඔවුන් කරන හැමදේම
b508897139	මහා වංශයත් දීප වංශයත් යන වංශ කතාවල
b508c89482	නීතිවේදීහු පවසති.
b509438223	මූණු පොතේ 'පොත් රාක්ක' බලලා
b509535a8c	ඔබගේ නොමනා ක්‍රියාව
b50a96b6a6	කාලයක් බලා සිටීමට සිදුවනු ඇත.
b50b6e6c72	වෙනයම් භාෂා නම් අවශ්‍ය නැත
b50bbb5a6b	ලොව කිසිදු නායකයෙකුට,
b50bcff7ab	මිරිසවැටි දාගැබ
b50bda11bf	ලේක්හවුස් ආයතනය
b50c4a109b	අධිකරණය මගින්
b50c4b654e	අනේ පුලුවන් නම්
b50ca13993	ඔයා මේ මගුලක් කතා කරනවා.
b50cd7da72	අපේ පාලකයෝ ඔනව හරි කරන්න ඕන..
b50d027c65	පාපන්දු තරඟෙන් අපි දිනුව.
b50dae6066	අපි ඔබලට
b50dbc7000	හැබැයි ඉතිං එකක් ගත්තොත්
b50e3e8319	ඒත් සමගම මේ පණිවුඩය ගෙන ඒමේදී
b50e6c364a	එන්නට ඇතැයි පොලිසිය සැක කරයි
b50f19eeac	එය අද්‍යතනය විනිවිද දැකීමට පහසුවක්
b50f66d08e	සංකේතයක් හැටියට පාවිච්චි කරන්නෙ
b50f81baaf	ඉන්ද්‍රියන් පහ සහ මොළයද පවතී
b50fbd089c	අධියථාර්ථවාදය යන වචන වලින්
b50fe548bc	හදල නෑ කියලා
b50ff42e9e	රජයට හැකි වීම
b51024bb2a	ඇයි දෙයියනේ වෙඩි තිබ්බම කඩාගෙන යන්නෙ පිට පැත්තෙනේ
b5104fe271	අපේ රටේ පවතින විලාසිතාවක් තමයි
b51065ce77	පැමිණිලි විමර්ශනය කිරීමේ ජනාධිපති කොමිසමේ නිල වෙබ් අඩවිය
b5113986d3	හෝමෝ ෆෝබියාවෙන් පෙලෙන අය
b5115c28fb	usb disk security license code
b51229a8c5	එම ස්වභාවික සාධකය
b51287dfdd	නමුත් ඒ සිංහයෝ කවදාවත්ම
b512b99733	ඒත් තමන් අපේක්ෂා කළ
b512be03dc	එතකොට මේ බය
b512c45c73	කිසිවෙකු තමන් තුළ අවබෝධයෙන් ඇති කරගත්
b512c6796e	එවිට තරාදියෙන් පෙන්වයි
b51352a47b	ගම්මන්පිල මහතාට නැවත අවස්ථාව ලබාදී තියෙනවා.
b51377314b	එතුමිය කියනවා මෙහෙම ප්‍රශ්නයක් වෙලා
b513b93723	මගේ ෂර්ට් කොලර් එක
b5145d7ba7	මහණ වුණ තැනැත්තාට දුෂ්කරම කාර්යය තමයි
b5149d2878	නම් විශ්වාස කළ හැකි ය
b51569c316	ඉතින් මට නම් හිතෙන්න්නේ
b516179394	අනික උදේ පාන්දර නැගිටලා
b5168f715b	සියල්ලෝම විමසිල්ලෙන් බලා සිටියෝය
b516b2c514	මාධ්‍ය බබාලට කියන්න සිදුවිය
b516b4b26f	දැන් මට හිතෙනවා.
b516b4fd12	එදා දශක හතරකට පෙර
b5175b7c3f	අවනඩුව කියන්න වත් ඇහැකිනේ
b518030baa	මාලිගයේ දානය පිළිගන්වන දිනයට
b51821b0bc	ආදර කතාවත් නාට්‍යයට ඇතුළත් වේ.
b518b5060e	අයි ටි එන් නම් කොහොමත්
b5194a65c6	රටේ සංවර්ධන ක්‍රියාදාමයට
b519aba392	ත්‍රස්තවාදය නැතිකරලා
b51a1b9cb3	වහා ධර්මය අවබෝධ කරගන්නවා.
b51a9f0750	එයටත් වඩා දේශීය විද්‍යාවක්
b51acb6fd9	සේවා දායකයින් මේවා ගන්න ගනේ නෑ
b51b3b48ec	duck picture
b51b8f1ac5	මෙතනදී ලොකු හැඩයක් හිටින්න ලොකු බැස්මකට බට දැම්මේ.
b51c43d321	ඔබ ටියුෂන් පන්තිවල තියෙන වැදගත්කම
b51c553086	එම ප්‍රකාශයෙහි
b51c6d32e1	අඹුසැමි භේද හෝ එක් අයෙකු
b51cc04140	හොයා ගන්න බැරි වෙලා..
b51cd6b0b8	අපේ සීය ගැන
b51d75e252	එන අතරමගදී වෙන අනතුරු සහිත බව
b51db21fbc	සිතුවිලි අවදි කෙරුමෙහි
b51f916a53	හැරී පොටර් වාගේ
b5200cb6a1	ikman.lk car audio
b5206b7079	agriculture of india
b520d1588b	අදාල චිත්‍රපටය මෙරට තහනම් කිරිමට අවශ්‍ය
b520d77c22	ඉතුරු ඇත්තේ හදිසි අවස්ථාවලදී
b521362bbb	ගැහැණු සහ පිරිමින් සතු
b5223bf5c4	මෙම පේසා වළලු තුන් මහල් පේසා ලෙසද හඳුන්වන්නේ
b523dcb481	හරි විදියට සළකනවා නම්
b52489d44d	කරලා බලන්න ඕනේ
b52540d017	භික්ෂූන් වහන්සේලාගේ උපසම්පදාව යනු කුමක්දැයි පැහැදිලි කර
b5258a6f86	ඔහුව ටෙස්ට් තරඟ සදහා යොදාගැනිම
b525954024	මත්කුඩු සිද්ධිය සම්බන්ධව
b5260fae86	බාහිය මහපාරෙම හිටගෙන
b526b827c9	ගීයට එක් කරන රමණීයත්වය
b52713c880	ඕනෙම පාරක බයික් එකේ
b52762903d	මේකට උත්තර දෙන්න ගියොත්
b527b320be	හැබැයි මම අකමැති දෙයක් තමයි
b527f20ead	එහෙත් සමහර අවස්ථාවල දී
b528179659	ඒ වෙද්දි
b5285b2557	මොන තරම් නූල් ඔතන්න ද?
b528cb7355	කැලෑවට එන මිනිස්සුන්ව මරලා කන බව දැනගන්නවා
b52980b798	තමන්ගේ බ්ලොග් එකේ කමෙන්ට් දාල
b529b4a8b0	මේ තරහ ඇතිවුණේ පටිඝ නිමිත්තයි අයෝනිසෝ මනසිකාරයයි නිසා
b52a1465d8	මේක දෙන්න ටිකක් කල් ගියෙ
b52a32d384	මෙම කෘතිය තුළට
b52a4c2195	අර ගිනි තබාගෙන මියගිය පුද්ගලයාගේ එක ඉල්ලීමකි.
b52ad09a05	ස්වාමීනී නාදිකාවෙහි සිටි
b52bfddf9c	ආදරේ කියන්නේ පරිත්‍යාගයක් කියලා කියන්නේ හිත හදා ගන්න දුකා.
b52c4ba2c0	ප්‍රදක්‍ෂිණා කරමින් චිත්‍ර වින්දනය කිරීම සඳහා
b52c612857	ඒත් තවම ඒවා කිසිවක්ම
b52d85ad68	ඇත්තම සීන් එක උගේ තාත්තට ත්‍රීවිලර් ගැරේජ් එකක් තියෙනවා ගෙදර
b52d8c5b52	නිපදවන ජංගම දුරකථන වල ද
b52e049cb8	මෙවැනි පාහරයකුගෙන් ඊට වඩා මොනවා බලාපොරොත්තු වෙන්නද
b52ed63e7c	කරුණු කාරණා පැහැදිලි කරනු ලැබූහ.
b52eebb850	අපට දක්නට නොලැබේ
b52ef8a816	ඒක නිසා කට වහ ගනින්
b52f39996c	පලතුරු යුෂ පානය කළ හැකිය.
b52fd618e1	මේ බෞද්ධ ලංකාවක් ඇති කරනු සඳහා
b52fdc8cb8	එලෙසම ජීවහත්ත හා දිසාලා එකතු වී
b5304e1f67	මේකෙන් එළියට එන්න නම්
b5305ef539	සැම්සන් මහත්තය හම්බ වෙන්ඩ
b5307afaf1	අහ් අද කතාවෙ අපි හොඳට අඳුරන
b530c8f69d	අත්‍යවශ්‍යම කාරණයක්.
b5318ee7fe	ආනන්ද දිරාපත් වූ කරත්තයක්
b53193f094	දේශපාලනේ ගෑවිලා තියන නිසා.
b53287d787	ගුවන් නියමුවන් දෙදෙනා
b53315e220	කාගේත් සිත් පහදින ආකාරයෙන් මියුරු වචනයෙන් කතා කිරීම,
b5335203e2	අප්පා ලොවෙත් නැති කථාවක් නේ ගෙනෙල්ලා තියෙන්න.
b5336214c3	දිස්ත්‍රික් ප්‍රාදේශීය ලේකම් කාර්යාල වලට
b53406cf1b	මෙම ආරාමයේ ය.
b534393d36	රස වින්දනයක් තියනවා.
b5346887d3	එම භික්‍ෂූන් වහන්සේ
b534b27ec4	ජාතියේ කරුමෙට.
b534b4eb17	දැක්වීමට හැකිය.
b5353f378e	විනාශ කර තිබුණි
b5355ffd4e	අනික හොඳම එක තමයි
b5364b23ae	දැනට මෙය නැරඹූ අය වගේම
b5370ec881	එකළ ඕහට ඒ ප්‍රශ්නය විසදා වදාළේ ය.
b537468d4d	කුඹියෙක්ගෙ ඇඟ උඩට වැලි කැටයක් හරි පෙරලෙනවනෙ
b53747679b	වෙනත් විකල්ප විකල්ප සරත්ලාට නැතිවන
b53750c427	අපිව අඳුරන්නෙත් නැහැ
b5375fa282	ප්‍රාර්ථනා කළ බැවින්ය.
b5379b6802	ඉන්දියාවටත් රහසක් වෙන මේ මෙහෙයුම
b537c17177	යලි මොහොතකින් ඇස් හැරි
b538b661bc	හිඟන්නා නිදි වර්ජිත රාත්‍රී ගණනාවක් පසු කළේය.
b538caff8f	කීරවැල්ලේ හිරිපිටිය නිලමේ තුමා ය.
b5397b19eb	පවත්වනු ලැබේ.
b5399f2d1e	ඇඟෙන් මොකක්ද යන්නෙ?
b53a18e959	එයා ඒක එවනවා පළ කරන්න
b53a8500d6	දෙවි, මිනිස් ලෝකවල ඉපදීම
b53ac3eaa8	අනුර කිව්වා මේකේ පොත තියෙනවා
b53acd02cd	ඇඟිල්ලෙන් ගිලිහී කොරල් අතරට වැටිණ
b53af8d11b	කලවන් වචනයක් වගෙයි.
b53b2f24d3	ඒවගේ මායිම් වල නිතරම
b53bab20f3	එපා එපා මස් කන්නට කිරි අම්මාගේ
b53bb1e14c	කොහොම කීවත් සින්හයෝ උඹටත් මේක
b53bbaad76	මෙහි නිදන් කර ඇති
b53c217544	ජීන්ස් කලිසම් ඇඳීම තහනම් කෙළේය.
b53c527968	පවසන්නේ අවබෝධයෙනැයි කීමට
b53c9406a0	එමෙන්ම කාමයෙහි වරදවා හැසිරීම ද
b53d2dd2a4	එහිදී අධිකරණයට පැමිණ
b53d42c078	බොහෝ අවස්ථාවල
b53dbdc001	එය කරන ලද්දේ
b53e373371	ගල් ‍පොතු කෑලි දෙකක් අතරට තියලා
b53e4506ea	අමනුෂ්‍යයන් ඉවතට පලා ගියා
b53e4ffed4	ඒක තමා අල්ලාහ් දෙවියන්ගේ
b53e70526f	ඉතා විශිෂ්ට අන්දමින්
b53ebed486	දික්හේන ස්ටේට් ප්‍රදේශයේ ඇයගේ සොයුරියකගේ නිවසේදී අප හමුවුණේ.
b53eec4d41	එයට ඇතුළත් නොවන
b53f78b882	මෙම පූණ්‍ය කටයුත්තේ යෙදීම සුදුසු බව
b53fb42c42	මේ මැතිවරණය දිනා ගැනීම සඳහා
b53fdbdd5d	අමතක වූයේ නැත
b5400eac30	ඊට අදාල ප්‍රශ්නය පසුව මගෙන් අහනව
b54024a269	බෝමුල කරා ගිය බෝධිසත්වයන් වහන්සේ
b54152d04c	එම පුද්ගලයා සිහි කොට
b541dc5e58	ශරීරයට ලැබෙන්නේ දවසට බත් පිඬු තිහකි.
b541f6cfcc	අනික මචෝ මට මතක හැටියට
b542823078	මෙම පුහුණුව හෙදියන්ට දුන්නොත් එය වෙනස් වෙයි.
b542c82987	ඔන්න දීලා කලින් කොටස නම්
b54336f92a	එදාට සැබෑ දහම ඉතුරු වෙයි.
b543998e14	ගස් ගැන කතා කරද්දි
b543ddb534	මෙම චතුරාර්ය සත්‍යය
b54432401d	උත්සවය පැවැත්වන ශාලාව අලංකාර ලෙස සැරසීමෙන්
b54463175d	එම ඉදිරිපත් කරන විදිහ නිසා.
b54475d0b6	ඔය අතරේ කී දෙයක්
b5448bdf57	ගුරුවර ගුරුවරියන්
b545673b31	හැකි තරම් කාලය ගත කර
b545c54469	සැලසුම ප්‍රශ්න කරන කෙනෙක් ඉන්නවා.
b546340c3a	තමන්ගේ මතවාද දානවිට පරිස්සම් වෙන්ට.
b5479a8929	සෝම හාමුදුරුවෝ පෙන්වා දුන්නා.
b548176acd	අවුරුදු උළෙල අවසානයේ
b5482a34db	එම නිසා දානය වැළඳීම
b548453d68	මේ අයවැය යෝජනා ගැන
b548b2a45c	ආක්‍රමණිකයාට විරුද්ධ වෙනවා විතරක් නොවෙයි
b548b76f5c	බොහෝ සෙයින් තිරිසන් අපායෙහි උපදිති.
b5494a1901	එවිට නින්දේදී මැරුණොත්
b549bdaed5	හැඩ වැඩ නොදා
b549e1bc4e	ඒකනේ අපි කියන්නේ
b54a18a8e5	ඔබට යමක් දුන්නොත්
b54a3f7120	ආවොත් බයට පාරෙන් පිට පනිනවා
b54a56bdf3	උඩ පනිමින් පිඹින්න පටන් ගත්තා
b54a7dd256	තමන්ගෙ තොප්පිය රතු කියල
b54b9e66bc	පරීක්ෂණ වලට අනුව
b54be39aca	කියා මානුෂික මුහුණුවරක් දුන්නේය.
b54d23f0f2	rolls
b54d418697	ඔහු හුදෙක් තොල් සෙලවීම පමණි.
b54da2b207	ලංකාවේ අද පවතින
b54de91e08	අපිව කපනවා යැයි පවසමින් එළියට පැමිණ
b54e3d9f46	මේ කාලයේදී ම විදිසා නගරයේ විසූ
b54e8111d4	බොදු බලු සෙට් එකයි
b54ee1bf30	මේම ස්ථානය ගැන දැනගත්තේ
b54f220028	ගියා පැය දෙක තුනක්ම
b54f8ba4b0	එම සෑයට තුන් දහසක් පමණ වූ
b54f913e25	බක් මාසය වැදගත් වෙයි.
b5502afbfb	රට වැසියාට ආදර්ශයක් දී ඇත
b5507d804c	මොකද වුනේ කියලා දන්නවද සහන්?
b55090a667	මෙය අති ප්‍රසිද්ධ අග්‍රබෝධි විහාරයට නුදුරින් පිහිටා ඇත.
b55106cf4b	සිංහල බාසාව විතරයි
b5510f7d0c	ඉදිරිපත් කරන්නේ නැත්තෙ?
b5519e01e9	ගෙවල් දොරවල් දාලා ගිහින්
b551e18ad2	ඊට කලින් හින්දූන් සිතුව
b55242b0c7	අනේ නමුත් මේ අහිංසක සිංහලයා
b55273dac9	ඌට උන දේම තමයි වෙන්නෙ
b552947054	මට ඕනා දේවල්ය
b552b1b973	රටේ ප්‍රජාතන්ත්‍රවාදය අනුව
b552bb56be	fun games download free
b552ca0fc3	නැති එක ගැන මම කනගාටු වෙනවා.
b55301e8a3	පටිගත කෙරුණේ නැත
b553e9071b	හොඳයි එහෙනම් මෙන්න
b553f60911	මේක මගෙ වරදකින් වෙන දෙයක් නෙමෙයි
b5546b570f	විමසා බැලිය යුතුමය.
b554c82325	එතැනින් පිටත් වී
b554f128d7	නැග්ගාම තමයි පිහිනුම් තටාකය තියෙන්නේ
b554f6916a	අනිත් එක සත්‍ය කතාවක්නේ
b554fc1369	මනුෂ්‍යයෙකුටම තමයි
b554fd44a2	කාලය එළඹ තිබේ.
b5557811c1	ඒත් සිකුරුගේ
b555783036	වැඩි දුරටත් සංගීතය විධිමත්ව හදාරන්න උපදෙස් දුන්නා
b555b96e15	පිරිපුන් ආර්යයන් වහන්සේ දෙනමක්.
b555cc2a14	ඇහුවට වැඩක් නෑ
b555e66f77	එල්.ටී.ටී.ඊ.යට විරුද්ධ දැවැන්ත සමාජ මතයක් ගොඩනැංවීමටත්
b555f89d61	එම නිසා දුක් සහිත ආත්මවල
b55696a914	බුද්ධ දේශනය අනුව
b556d02d34	මේ සුන්දර යුවතිය සෙනාලී ෆොන්සේකාය
b556d52636	එබඳු අවස්ථා ඉලක්ක කර ගෙනය.
b556ed5dba	පළමු අරමුණ.
b556f2a37d	මුහුදු වතුරේ ගෑවී නොගෑවී
b557cf55e9	මාගන්දියා විසින්
b559276468	දැරීමට සිදුවෙයි.
b55a180c5e	අපේ මල්ලි ඉස්කෝලෙන් ගියපු
b55b07ab28	තේරෙන සරල භාෂාවෙන්.
b55b2e7920	ඔබ මොළය ගැන පමණක් සිතුවත්
b55bac80bb	ආණ්ඩුවෙ බැංකුවෙන් ණයක් දෙනවා.
b55bd56ce6	මම තමයි කරන්නේ.
b55c56c226	අවදානයෙන් හිටියොත් හොදයි ඒකට.
b55c5af3fb	එමෙන්ම මොස්කව් මත
b55cb606d2	වාණිජ අංශ තුළ කැපීපෙනෙන වර්ධනයක් ඇති වේ.
b55cfa1205	නෑ කියන්නෙ මේ වගේ දේවල් නේ.
b55e2c0907	මගෙ පිලිවෙතයි
b55e51ba53	එහෙනම් බඩ ගාගෙන පලයන් කීවා.
b55eec1418	මේ හේතුව නිසා බුදුසමය නිරන්තරයෙන්ම
b55f0aa889	යටත් නිලධාරියට කනේ පාරකුත් දීල
b55f719842	මෙදින අලුයම
b55fa8a529	ජෛව විවිධත්වය කොයිතරම් විචිත්‍රද.
b55ff1652d	පිරිසක් තමන් සමඟ සිටීම
b56056dd1b	sinhala joke sms
b56072e164	ලන්දේසීන් අප රට පාලනය කරන අවදියේ
b560d20787	මේකේ එකත් එක්ක
b560ea19ad	පර්යාය පද රාශියක්ම භාවිතා කොට ඇත.
b560f43662	යාන්තමින් එලිය වැටීගෙන එනවිටම
b5612af24d	පෞද්ගලික ඉඩමක් අසල
b5617f64ea	නියම ශ්‍රී ලාංකික ජාතියක් හැටියට
b5624b9978	ඊට පස්සෙ සත්සිරි පත්තරේ
b56389ca51	නොබැඳි සමුළුව ආසන්නවත්ම
b563f6d94e	යුද්ධය අපිට කොයි තරම් නම් දේවල් අහිමි කලාද.
b5640788f4	රටට ජනතාවට අනාගත පරපුරට
b5642bd609	දැඩි විශ්වාසයකි.
b56496985b	ඒත් නැහැදිච්ච
b5659bad99	බුදුහාමුදුරුවෝ කියල කෙනෙක් හිටියේ නෑ කියලද?
b5659f571b	එහෙම කල්පනා කරනකොට
b565b5ff11	වඳ වෙලා යන එක
b565f8b827	එක් පැතිකඩක් චිත්‍රණය කරන්නකි.
b5681191f1	ඔහු එකපාරටම
b5683e2366	ඊට එරෙහිව දකුණේ සිංහල තරුණ කැරලි මගින් ඇති කරන
b5685aaf69	එහිදී සාක්ෂිදුන් අයගෙන් සියයට අනූපහක්
b568af916d	එම ගාස්‌තුව හැර
b5691868ee	live cricket watch
b569b36c63	අක්කියාල වෙන් කිරීම යනුවෙනි.
b569dc688e	අපි දෙදෙනා කාශ්‍යප බුදු සසුනේ රැස් කළ පිනක්
b56a4833c3	එක්දාස් නවසිය හැටතුනේ මාර්තු මාසෙ තිස් එක් වැනිදා
b56a78f4f8	උද්දමනයෙන් බේරෙන්න.
b56a8f2eb9	ඒක කියවන්න ලැබීමත්
b56b0cfada	ඒක අමරසිරි ගෙ සින්දුවෙ ඔපොසිට් වර්ෂන් එක
b56b928859	අන්තිමේදී මේ ගණිකාවත් අර පුරුෂයාත් අතර
b56bd989f5	අනිවාර්යයෙන්ම අර විශ්ව විද්‍යාල ශිෂ්‍යාව
b56e68a12e	එකී තනතුර දඩමීමා කර ගනිමින්
b56e6de0ef	විවිධ ගැටලු වලට මුහුණ දෙති.
b56ea17a96	ඒත් ආණ්ඩුව.
b56ed34eaf	ඉදිරිපත් කර තිබේ.
b56ee02660	එනිසා නිවාස පෙරකී ආකාරයේ
b57016ba4a	මට තිලකව මුණ ගැහුනා.
b5703670ca	which size have ipv4 addressed?
b5705aa798	සිංහල කලා අතර
b5714974d4	සිංහල සේවකයෝ දාන්න ඕනේ.
b57197fdc0	මෙහි සදහන් කලයුතුම තවත් කාරණයක් ද ඇත
b5719e97ec	ඒත් කවුරුත් නර්තනය කරන්න කියලා
b571c20193	නමුත් උපරිම විදියට
b571c94c96	ප්‍රවාහනය කෙරේ
b571d4e1c5	ඔවුන් කරන හොඳ සහ නරක දෙකිනි.
b5726b7191	කළුවර තැන් වල
b57270b207	නූගත් දේශපාලකයකු
b572e87b12	අපේ හාමුදුරුවෝ මොනවා හරි කියන්නේ හේතුවක් ඇතුව.
b57309fe1f	ගමක් සංචාරකයන්ට තහනම්
b573781e34	සිදු වූ අකුසල කර්ම එකොළහක් ගැන ද කියවේ.
b573e403d8	සසර කතරින් එතෙර වීමට ශක්තිය උදා කර ගත හැකිය.
b573ef5d6c	භාවිතා කර
b5742714ed	මහා හිමාලයේ වෙසෙන
b5747ad419	උන්වහන්සේ වාඩි වූ පසු
b57535cad1	චන්න කැමැති වුණා
b575841850	මෙතන ඉඳන් අපි පියමනින්නේ මාතලේ දිස්ත්‍රික්කයට.
b575a54212	තාම ඉතුරු වෙලා ඉන්නේ ටික දෙනයි.
b575a97808	දාන මාන දීලා අනුකම්පාවෙන්
b575e50121	තනියම සැලැස්ම අඳිනවා
b575e77fc4	කරලා මේක ගෙනාවට
b5764438eb	මේ දරුවන් අඩු වයසින් විවාහ වෙන
b576945584	බලවත් පාපයක් බව අප තේරුම් ගත යුතුය
b5769a6630	එම නාට්‍යයන්හි දක්නට ලැබුණු
b576c03293	ආරක්ෂා වන ලෙස ‍පොලී අඩු කිරීම
b576d16fdc	පුරුෂයන් දස දහසක් යොදා ගනිමින් මෙම සමීක්ෂණය සිදු කර තිබේ.
b5770eb03c	මේ රටට සිඳුවූ කරුමය.
b5771941b2	ඇත්තම කියනවනම් මේක හවුල් උපසිරැසි ගැන්වීමක්.
b5774d9dc5	එම්බෙඩ් කරන්න නම්
b577b216f4	මොකද හේතුව
b577bec63a	ථීනමිද්ධය නිසා බලවත් ලෙස පීඩා වින්දා.
b578081b2f	පෙන්වීම මෝඩ කමයි
b57822d3e0	එම අදහස පිළිගෙන මරණය
b5782e4a71	සිතුවත් එය එසේ නොවීය
b5786a1c8a	තුති නියමයි යාළුවා ස්තුතියි
b5786fe63e	ඒවා රටේ
b578b81efa	අතිශයින්ම දේශපාලන මුහුණුවරක් සහිත
b5799339e4	මුගලන් තෙරණුවෝ එම වැසියන්ට දහම් දෙසු සේක
b57ab60e9a	එල්.ටී.ටී.ඊ. සංවිධානය පරාජය කිරිමෙන්
b57b0de419	මිලියන ක ප්‍රේක්ෂකයෝ පිරිසක්
b57b251ebc	මේ වන විට කුඩා දරුවන්ගේ සිත් සතන්
b57b92443f	වෙන නම් වලින් කමෙන්ට් කරලා
b57bdc64c0	පාද යාත්‍රාව හම්බන්තොට දක්වා ගමන් කරවීමේ ගෞරවය
b57c554e31	මේක නිර්මාණය කරන්න
b57cb2df7d	ස්ථාපිත කිරීමේ අරමුණින්
b57cecab45	ඇති කිරීමයි.
b57d3d1832	සතියක් පමණ කල් වුවද
b57d3eb3c1	මේක ඇතුළෙ තියෙන බවක් දැක්කා.
b57e1fcff0	ව්‍යුහවාදය කියන්නේ ඒකයි.
b57e45b2d9	මෙම සිද්ධිය වූවේ බුදුන් වහන්සේ ජීවමාන කාලයේදීමයි.
b57e6729a5	වෙස් මුහුණු දාගෙන
b57f34a1a7	ගෘහ ජීවිතයේ ගැටලුකාරී බවක් පෙන්නුම් කරයි.
b57f9f91e2	නායකත්වය දුන්නේය යන අර්ථයෙන්
b57fca5c97	බල්ලෙක්, බළලෙක් වුවද
b5803f4b63	උත්කර්ෂයට නංවන සිද්ධියක යටි පෙළ
b580594364	චතුරාර්ය සත්‍යය අවබෝධ කරගැනීමට
b5805f45f4	දිරියෙන් කටයුතු කිරීමෙනි.
b5807e0a14	එසේම ටේලර් දැනගන්නවා
b580e0a323	ඇත්තටම බලාගෙන ඉන්නවා වගේ
b5819c3c2e	දෙවැනිවට බිහිවූයේ
b581a36870	එය සතුන්ගේ ලැගුම්හලක්
b5825bb488	ආසාවෙන් කියවීමට අපහසුවක් හෝ
b58284c478	පත්‍ර දාරයේ සිහින් බූවක් දැකිය හැකිය.
b582864b65	අනික අර බෝඩිමේ නොවෙන අයියල
b582b5565b	සැළසුම් සකස් කළේ ය
b582cca598	නිම කළබව සඳහන් වේ.
b582dbbb59	බිරිඳත් සමඟ රාත්‍රියේ එසේ කීවේ
b582e4f01a	වහා තීරණයක් ගන්න.
b5834c5342	මම නම් හිතන්නේ
b584d98fc9	මං දවසක් කෙල්ලව හම්බවෙන්න ගියා.
b5850852fe	ඔවුන්ට දඩුවම් නොකර හෝ ඒ ප්‍රශ්නය නොවිසදා
b5857d00eb	මොකද මේකට බලාගෙන හිටපු ඉඳිල්ල අපිනේ දන්නේ.
b586d65bdf	කරන්නේ නැහැ.
b58758b011	බිරිඳත් සමඟ රාත්‍රියේ එසේ කීවේ
b5879d31c6	ඔබව දීග දෙන තෙක්
b5888225e8	ඔවුන් රසිකයන්ගෙන් හුදකලා ව
b588879504	විද්‍යෝදය පරිවේනාධාක්‍ෂ ආචාර්ය
b588ebc7e2	ඔබ ඔය දාන ලිස්ට් එක
b5894e6adb	වයසක දෙපළක් පාරේ ගමන් කරන විට
b5895b8908	අප එක් රැස් කර ගත යුතුයි.
b589b91dcf	මේකේ මම දැක්ක දේ තමයි
b58a0dd937	මොකක්හරි කුප්ප කතාවක් කියන්න විතරයි
b58abf2c28	පින් රැස් කර ගැනීමෙහි කැමති
b58ad16018	ඔබ මේ ගැටලුව දිහා බලන්නේ
b58adf418d	crochet stitch chart
b58af0e31a	දුතකයාට අවැසි පරිදි
b58b0e5747	බෞද්ධ මාපියන්ට දාවයි.
b58b5485e7	අපි එහෙනම් හයවන කොටසත්
b58c7a1ac3	හොඳට සිහිය පිහිටුවාගෙන සිත ගැන නුවණින් විමසා බැලීමක් ගැන.
b58d561851	ඔවුන්ට පමණි.
b58e165dba	කොල්ලෝ දෙන්නෙක් ගැන.
b58e67048f	සිත කෙසේ වෙතත්
b58f23ab04	සිංහල දෙන්න කියන එකයි
b58f323f18	ඉතිහාසයේ ඉඳලා බලන්න
b58f402fd1	බදුල්ල ප්‍රදේශයේ මීගහකිවුල ආසන්න පිහිටි
b59004cb2e	බැරි නම් නොබලා ඉන්න
b5904ce72c	සඳහන් වූයේ මෙය පැරැණි කාලයේ
b590595f02	දැනගත් සේක.
b591393bce	යාචකයන්ට බොහෝ දන් දුන්නා.
b591ba4f41	මුස්ලිම් ජනතාවට.
b5920ecfa5	නමුත් මා සිතන ආකාරයට
b5922bf9f5	එනම් දශක තුනක පමණ කාලයක
b592780cff	වංශ කථා සියල්ලම කියා ඇත
b592b2a0e6	සාධාරණීකරණය කරන්නෙ කොහොමද කියලා.
b592cff52b	සැත්කමක් නොකර
b592eb2832	ඔවුන්ට ගොඩක් සතුටුයි.
b59392ee79	අද ඔබ ඊජිප්තුවේ දකිමින් සිටින්නේ
b593a47662	අප කලබල විය යුත්තේ
b594095a9d	මේක තමයි නිරාමිස දුක් විඳීම
b5942505d1	රජතුමා දානය පූජා කරන විට
b5950bc4fe	හිගන ටොක්ස් ගැන.
b595630308	මගේ ජීවිතය ගැන හිතන කොට
b5959196a6	ඒක හොයන්නත් ඕන
b595ac05f2	තෙල් වලින් පහන් දල්වා
b59677c737	එයා ඇහුවෙ නෑ
b596cf357d	අක්ක‍රේපත්තුව මුහුදේ දී
b596ecad24	ඒකටයි උජුං කායං පණිධාය
b597156d5e	ගෑවිලාවත් තියෙන සමාජ ව්‍යාපාරයක්
b59752abc0	සඳහන්ව ඇති බැවින්
b599844e8d	ශ්‍රද්ධාව ආර්ය අෂ්ටාංගික මාර්ගයෙහි අංගයක් නොවූවත්
b599a0ff0c	ඉංග්‍රීසින් විසින් ඝාතනය කිරීමෙන් පසුවයි.
b599f4904c	අපට තියන ප්‍රශ්නය වන්නේ පේරාදෙණිය සිසුන්ට
b59a158cd3	අජිත්ගෙ කටේ රන් කහවනු දාන්න වටිනව කියල තියෙන ටිකට
b59a175afd	ගෙදර එකාගෙ ගානෙ
b59a2882d2	ඒ ගැන හිතන්න දෙන්නෙ නෑ.
b59a9588bb	උගත් කමක් ලැබෙන්නෙත් නැහැ.
b59b131493	උඹට පිස්සුද බං
b59b284ea2	නාවන ලෙස උපදෙස් දුන්නා.
b59b2e98bc	ඊට පස්සේ තියෙන්නේ
b59bf5247e	බුද්ධ චරිතය නමැති ග්‍රන්ථය
b59c90b627	කාමභෝගි ජීවිතයෙන් මඳකට හෝ ඉවත්වී
b59ca7880d	එනිසා නුවණින් සහ නිදහස්ව කල්පනා කොට
b59cda6492	ලෝක රූ රැජිණ තරගාවලිය
b59d0a1630	ඔබේ වෙබ් බ්‍රවුසරයේ මෘදුකාංග
b59d3f56ae	ඒව ලේසියෙන් කරන්න පුළුවන් දේවල් නෙමෙයි
b59d78fb28	සෑහෙන්න ගොඩදාගන්න පුළුවන් වෙයි.
b59de64165	මාළු පීනනවා දිය මල් සෙලවෙනවා
b59e1cd919	අධිකරණ වලිය ගැන වෙනස් කියවීමක්
b59e4b0812	සතර අපායෙන් මිදෙන්න බෑ.
b59e783c94	ශ්‍රද්ධාව ගැනයි.
b59eb25167	එහෙම නැති උනොත්
b59ec9d7eb	එක අපිට ගොඩක් බාදක යෙදීමත් නිසා.
b59f084e80	බුදු හිමියෝ බිය නොවූහ.
b59fa3ead2	rose gif
b59fed48b0	මට ඒ ප්‍රශ්නයට උත්තර දෙන්න බැහැ.
b5a0927676	එම සිද්ධියෙන්
b5a1116367	ඒත්තු ගන්නනවට වැඩිය.
b5a1bf1a0b	රටේ ලෝකේ ෆේක් ගෑනු
b5a1df53e7	හෑබෑයි ගිහියා පාලනයට නීති පෑනෑවුයේ නෑහෑ
b5a280ee68	ඉතා කලාතුරකිනි
b5a284f323	අජටාකාශ චාරියෙකු වශයෙන් ඔහු බැඳුනේ නේ දීය
b5a298cddf	එක නළුවෙක් හරි නිලියෙක් හරි ටෙලිනාට්‍ය විස්සක හිටියත්
b5a299a14b	ඉෂ්ඨ කරගැනීමට උත්සාහ කරන
b5a2d29a10	තම මතවාදය පළ කළ යුතු බවයි
b5a34072ac	එතුමා රාමා මහේෂ්තුමාව ඉගෙන ගන්න
b5a34d9fba	ඔයා නම් ඉතින් හැම දාම
b5a365c8dd	ජෝෂප් ෂොන්ටෙයා මහතාද
b5a3e4bf86	බෞද්ධ සභ්‍යත්වය හා සංස්කෘතිය අනුව
b5a4d5b668	අවාසනාවකට වගේ කියලා නෑ
b5a50dc134	හොරකම් දූෂණය කරන අයත් ඉන්නවා.
b5a653cbc5	වීසා නිකුත් කරන රටවල්
b5a671aaed	එවන් සංවාදයක් අරභයා
b5a6d39258	අඩු වෙන්න පුළුවන්
b5a6fcec64	political party quiz
b5a762014a	ආණ්ඩුවේ තර්කය වී තිබෙන්නේ.
b5a77b7a5b	ඉදිරියේදී මම තිර රචකයෙක්
b5a7c9ee6c	ඔක්තෝබර් මාසේවනදාම තමයි ඉතින්.
b5a9332c72	රොෂාන් ඉඳලා තියෙන්නේ
b5a957cb54	එම පිරිවැය සැබැවින්ම බැරවන්නේ
b5a9693c4c	හොදට හොයලා බලාපියව්.
b5a9ca75a8	කාම සම්පත් කෙරෙහි
b5a9f3d17a	ඇය දැඩි ලෙස ආදරය කළ
b5aa4fa51e	අද සමාජයේ හුගක් ඉන්නේ
b5aa57c781	නවලෝක රෝහලේදී මහ රෝහලේ වෛද්‍යවරුන් විසින්.
b5aa78562f	ඒවා කල්පනා වෙලා
b5ab7952cd	රජතුමා විසින් මහාස්ථූපයට වෙන්කරන ලද්දේ ය
b5abdf7f38	ඒත් ඒ තරම් බැඳීමක්
b5ac09063b	ගමන වගේම
b5acea89f4	නගුල් හයිකරලා පෝස්ටර් ගැහැව්වා.
b5acf347dd	අතහැරීම කියන කරුණ.
b5ada7193c	විශිෂ්ටත්වය උදෙසා ගැසෙන්නක්ද?
b5ae09b6b4	එන විදියට වෙන් වෙන්ව තමයි ලියන්නේ.
b5afb5540d	විශ්වාස නොකිරීම ආදිය
b5afb9ddfc	user image
b5b0751b64	ජෝඩුව යස අගේට හදා ගෙන තියෙන්නෙ.
b5b14d94eb	එයන් සතුටට පත් වුණු
b5b1d76439	ඇතුළත බිත්ති
b5b26a3e74	බුද්ධ දේශනාවට අනුකූලව
b5b2e21fbc	hiru top 20
b5b385d4bc	අපි බනින්නේ මේ අලුත් අන්තවාදින්ට
b5b4ebdaef	එහෙත් ඉංග්‍රීසි භාෂා දැනුම නිසා
b5b544b3d8	එය උසස්ම ස්වභාවයකි.
b5b5be1312	නමුත් ඒ කිසිවෙකුත්
b5b64c809d	අවබෝධ කර ගත්තා
b5b6df7f14	අපේ ගොන් හරක් .
b5b7906258	බැහැර කළ යුතු දේ බැහැර කිරීම
b5b7af1152	ඉගෙනීමේ වටිනාකම
b5b7d67a1f	එන්න එන්න තරුණ වෙනවා
b5b7df17c9	ඒ කිව්වේ මැයි මාසයේ නිකුත්වෙන
b5b7ff558e	මේ පූජාව අප පමණක් නොව
b5b81dddf0	පසේබුදුවරුන්ගේ යුගයක් ඇතිවුණා.
b5b828c908	ඔයා කියන හැටියට හුගක් වටින දෙයක්.
b5b8bdbcf4	මේක මෙතන්ට කොච්චර දුරට අදාලද
b5b8cdadcf	ඉස්කෝලේ ගිහිල්ලා ආපු ගමන්ම
b5b8e0b4ad	මොනා වුනත් ඉතාම නිර්මාණශීලී පෝස්ටරයක්
b5b8e7de6b	එදා රජවරු හිටියා
b5b93f2ec2	අප කතා කරන්නේ
b5b9472bfa	රුපියල් මිලියන ගණන් වැය කරමින්
b5b97ef2fb	විශේෂයෙන් සතිපට්ඨාන ධර්මය නිවන්මග
b5b9e68fe6	මේවැයින් අපට සෑහෙන දේවල් තියේ ඉගෙනගන්න.
b5ba807835	එහෙත් එම දර්ශන
b5baa5ca60	අද අපි අවතීර්ණ වී සිටිමු.
b5bae55387	කෙසේ වාද විවාද කරන්නද?
b5bb3c5701	පාර්ලිමේන්තුව වගේ වෙලාද?
b5bb405287	රුපියල් ලක්ෂ අටසීයකට ආසන්න මුදලක් උපයා ගත හැකි
b5bb77a73f	කලබල නො විය යුතු බවයි.
b5bbd3489e	ජනතාව සතුවන බව
b5bc698fbb	ඒක පැත්තකින් තියාලා
b5bcc657f7	ඔබ සිටින කාමරයේම
b5bcf531e0	කටයුතු කිරීමට
b5bd693c6a	බුදු දහම අවබෝධ කරගෙන
b5be1e0b28	ගෙවල් බිඳලා නොවෙයි
b5be40a5df	ඔබ මනංකල්පිත දෙවියෙකු අදහන්නෙකු
b5be5c9846	sirasa sapna
b5be6ef3a8	බං අපි නාකි වෙනවා ගෙදට්ට
b5be85d658	බණ ඇසීම
b5bf078e74	යතුර භාරගත්තෙ?
b5bf091c11	බුදුරජාණන් වහන්සේ වැඩ වාසය කළ
b5bf380878	එය වෙනත් දෙයකින් කපල
b5bf833552	රොයිල් සරදියෙල් කොල්ලනේ.
b5bfbb2a05	මේ දීර්ඝ සසරේ
b5bffe9267	bus
b5c0212b5e	මම එය හැර නොයමි
b5c0435afd	කැම්පස් එන්න කලින්ම අදුරාගෙන තිබීම.
b5c18dedb9	අපි ස්වයංවිවේචනයක් සඳහා යා යුතු බවට
b5c19f4d2a	ඊට පස්සේ මේ ධර්මය ටික
b5c1de94b4	මට ෆේක් බුකියේ වෙච්ච අල කලංචියක් කියාගෙන
b5c2a205ee	පුරුෂයෙක් එනවා.
b5c2b00f93	අපරාධ පරීක්‍ෂණ දෙපාර්තමේන්තුවට
b5c2d983b0	මොනව නැතත්
b5c2e5910d	එනමුත් සාහිත්‍යකරුවාගේ තත්වය
b5c2ef0077	කැමති නම් අරන් බලන්න.
b5c2f06406	කන්ද පාමුලම වැළලූවා.
b5c37d8ee4	එසේත් නොමැති නම් සිය රදළ භාවය
b5c3a058f4	ඔය පච ගහ ළඟ
b5c3edc783	යන්න කලින් අකුරු කරල යන්න
b5c3fc737f	කිව්වට පිලිගත්තෙම නෑ
b5c408d6e4	සෙත් පිරිත් සජ්ඣායනා කර
b5c41990c0	පමණ දැන ආහාර ගැනීමත්
b5c420de93	හයියෙන් දුවන්න දෙන්නේ නෑ
b5c42b16cd	මෙම දෙසුමෙන් මැනැවින් ප්‍රකට වෙයි.
b5c46c38d0	කළ යුතුමය.
b5c4b14d0d	උපාධියක් කරන්නට සති අන්තයේ පන්ති වලට සහභාගි වන්නට තීරණය කළේ
b5c4d79550	පුද්ගලයන් ද සංවර්ධනය කොට
b5c525a802	දරුවන් කියන එක පැහැදිලියි
b5c559ccbc	ඉතිහාස කතා තුල නිර්වින්දනය ගැන අසන්න
b5c58bf7f5	සිංහල දෙමළ හින්දු යන වචන තුනේ
b5c59cccd3	මෙත්තා යනු වෛරයෙන් තොරවීමයි.
b5c6d8501a	දන්නා බවද ඔහු පෙන්වා දෙයි
b5c6f26751	සිතට ඇතිවෙනවා නම් මධ්‍යස්ථ බවක්
b5c6f52581	ඉතින් මේ කොටස ගැන කියනවා
b5c7175ebf	එලෙසම ඇළට අනවශ්‍ය ජලය එක්වීමට
b5c75d3133	මෙම මහා සෑය පිහිටුවන තැන
b5c791b506	අනිත් කාරණේ තමා අපි මේ වගේ
b5c7f53688	බාහිරින් පැත්තක යොදා
b5c8a902d5	මා ඇතුළු අප බොහෝ දෙනකු
b5c8dd464f	සමහර විට මගෙ අදහස
b5c8f01686	එම ජලය පානය කිරීමට
b5c9160a0f	දක්ෂ නිරූපිකාවක් වෙන්න ඇයට
b5c9aeee83	සූත්‍රවල දැක්වෙන රූමත් වීම
b5c9efe8ad	අමරදේව නන්දා මාලනී විතරක් ඉන්න ලංකාවක් තිබුනනම්
b5ca3d6c17	එනම් අනුපවාදො, අනුපඝාතො, පාතිමොක්ඛෙ සංවරො,
b5cadcbaa7	අර කවුද කිවා වගේ
b5caf92b7e	එකම මිම්මෙන් නොබලන්න.
b5cb09c953	සලසා ගැනීමට හැකි වේ
b5cb768841	කොළඹ නගරයේ වීදි වල
b5cba34a9e	අයත් නොවන වෙනම අර්ථයක්
b5cc10e939	අප කුඩා කල මොන්ටිසෝරි සමයේ
b5cc4f8905	ඔබලා සිහින මවන
b5ccd5691a	කෝටි නවයක් වියදම් කොට
b5cd1f5b66	දහස් සංඛ්‍යාත පිරිසක් සමාධිය වඩනවා
b5cd297a0e	හැබැයි ඉතින් චිත්‍රපටියට කලින්
b5cd689f53	මහාමායා දේවියද පෙහෙවස් සමාදම්ව සිටි බව
b5cd8caea9	ඒ කෙරෙහි බැඳෙන්නෙ නැතිව යනවා.
b5cd9bfca7	ජිවත් විය යුතු ක්‍රමයක් තියෙනවා
b5cde76feb	පිහියකින් වගේ දෙයකින්
b5cf2bacbf	gossip lanka news room
b5cf33112c	මෙම ගැටළුව විසඳීමට තරම් මැදහත් බවක් ඇති අචාර්යවරුන් මොර‍ටු සරසවියේ ඇතත්
b5cfb72238	අද කි්‍රයාත්මක වෙමින් පවතී
b5d0be8b09	ඔය පත්තර කාරයන්
b5d18d8cd6	කියල වැඩක් නෑ.එළ කිරි
b5d1db3fe8	ලොව තුළ ව්‍යාප්තවීමට ඉඩ තියෙනවා
b5d220264a	ඉතින් ඉන්දීය අගමැති මන්මෝහන් සිං මැතිතුමා
b5d2a40480	අසන්නට ලැබිණි
b5d2ce16bb	ගොඩනගා ගන්නවා
b5d2e2f020	අපිට හොඳ භාර්යාවක්
b5d2fdae59	අදහස් අපට දැකිය හැක්කේ
b5d4357070	දිනයත් ගෙවී ගියේය
b5d6701b68	අදටත් බුද්ධාගම තියෙන්නෙ
b5d70452ba	වන සතුන් වැනි කරුණුය
b5d724a12c	දිනකට වීදුරු පහක් බොන එකනම් ?
b5d733336a	එම අවස්‌ථාවේදී මෙම සිදුවීම වී ඇති අතර
b5d76ab69d	නිවැරදිව දෙසනා කර තිබෙනවිට.
b5d808cbdd	නිතර ගලා ආවේය.
b5d8e12fd7	paparasi
b5d9e3df1e	එතකොට මේ අෂ්ඨ ලෝක ධර්මයට කම්පා වෙන්නෙ නැති විදිහට
b5d9ef62fb	ගෙට ඇතුල් වෙන්න
b5da09192b	මෝඩ සිතුවිලි තිබීමෙන්
b5da2a6789	උද්ඝෝෂණය කරන්ඩ
b5da5096a9	mountain breeze kandy
b5dac4d369	හැකි සෑම වසරකම
b5dbc1fafc	දක්වා මෙය රැගෙන යමු
b5dbf38a49	මෝටර් රථ තුනක් ද
b5dc02161f	"ගොඩක් කාලෙකට කලින් ""අරලිය"" පත්තරේ"
b5dc7e6573	ජංගම දුරකථන ඔස්සේ
b5dce3e6e3	ගමේ ලොක්කියෙක්.
b5dd92ced9	අසීමිත බලයක් සහිත මේ සංගමය විසින් තමයි
b5ddca7d0c	එහිදී ඔහු සිය පුතාගේ චරිත ස්‌වරූපය
b5de200fa8	එක්තරා ව්‍යාපාරිකයෙක් ඉන්නවා
b5de430a56	ඒත් මට හිතාගන්න බෑ
b5de502b11	ඉතිං කොහොමද මේ දවස්වල ලැබෙන ප්‍රතිචාර
b5de51ed0c	එනිසා එම කතාව මතුවන විට
b5deddd01d	සදාචාරසම්පන්න, ගුණගරුක
b5df431fb2	රට්ඨපාල තෙරුණුවෝ තවදුරටත්
b5df43af22	මටත් තිබෙන ප්‍රශ්නේ.
b5dfcd3e2c	රජයෙන් අනුමත ප්‍රතිපාදන තිබුනත්
b5dfe50d9b	මිනිස් සිරුර තුළ චිත්ත රූප
b5dff2ec44	ආදරයේ බැ‍ඳෙමින්
b5e019f627	ආසියාවේ අන්තර් ක්‍රියාකාරිත්වය හා විශ්වාසය ගොඩනැගීමේ ක්‍රියාමාර්ග පිළිබඳ
b5e054994f	ඇමරිකාව යුරෝපා සංගමය
b5e0663bb0	ත්‍රිරෝද රථයේ සිටි අය
b5e16a1088	බලන්න යන්නයි ලෑස්තිය
b5e27cf970	ඔබට යම් තර්ජන එල්ල වී ඇති බව ආරංචියි.
b5e30d5b93	බොදුනු ඔබට
b5e3577a94	මුහුදට නොවැටී ඉන්නට සිය අත්තටු වාතයේ අසීරුවෙන් හසුරුවමින් සටනක යෙදෙන
b5e3c8a410	බිහිවන මෙබඳු නිර්මාණ
b5e3e7ef6f	හැබැයි මේක බලද්දි නම්
b5e42bb0e5	මේ සඳහා කදිම උදාහරණයක් ලෙස
b5e4701966	ජුලියස් සීසර් නමින්
b5e49ddafd	ආර්ථික විශේෂඥයින් පෙන්වා දෙන ආකාරයට
b5e4bb827b	අපිට මීට වඩා කවදාවත් දියුණු වෙන්න බැහැ.
b5e54505e3	ගොයමකට හානි කිරීමට
b5e54fa918	ජුඞ් පුතාට හැදුනේ
b5e558560b	ශාවක ශ්‍රාවිකා දෙපිරිසටම අවැඩ කළ බව
b5e5806a60	ඊයේ රාත්‍රියේ සිට අපි උත්සාහ කරන්නේ ඒ අරමුණ
b5e5cd54bb	funny cricket
b5e695485f	යෝනිසෝ මනසිකාරයෙන්
b5e6c35c09	අදක්ෂයින් තනතුරුවලට පත් කරති.
b5e7120ffb	දැන් මෙය මේසයට යවන්න.
b5e73a1a13	ඕන එකක් කියමු.
b5e7519936	විලාසිතා ලොව වෙනස් වීම
b5e766b46d	හරි හරියට එදා වැඩ කොලා.
b5e76e167e	මීට වසරකට පමණ පෙරද මෙවැනි සිදුවීමක් පිළිබඳව වාර්තාවේ.
b5e7d72b72	අම්මා ගැනනම් කියන්න වචන නෑ !
b5e838f739	එයා කියනවා
b5e83bf943	gossip lanka news
b5e99a6159	ඔය විදිහෙ පහත් හැසිරීමක් දක්වලා නෑ.
b5e9aa728d	හිඟුරාණට යන්නෙ
b5e9e2f180	bass reflex bin
b5ea06c64a	මගේ අම්මා
b5ea15b203	හික් හික් හික් හ්ම් හ්ම් දාන්න
b5ea261135	ඔවුන් ඉල්ලා සිටින්නේ
b5ea2980e3	පින හෝ පව යනුවෙන්
b5ea4c6ff6	ඵලදායිතාව වැඩි කිරීමේ ක්‍රියාමාර්ගවලට පෙලඹවීම
b5ea7ce59e	ප්‍රතිඵල එන්නත් කලින්
b5eb6b7128	වැව් කන්දේ හෝ වෙම්බුපිටියක සිටය.
b5eba56e77	රත්ගම චූල සුමන නා හිමියන් වෙතින් ය.
b5ebb05750	මෙම දෙපාර්තමේන්තුවේ වැඩකටයුතු සිදුවීමට නියමිතය
b5ec183922	අර මොකක්ද වචනයක්
b5ec78dede	මේවා දකින කොට.
b5ecdd6c85	පැමිණි අමුත්තාට ඉඩ දීමට ය.
b5ed279d6a	'එහෙම අල්ලන්නේ ආදරේට නෙවෙයි.
b5eda036b9	අපි කැමතියි කෙන්ජි මාමෙ
b5edc20061	හතරැස් කොටුවෙන්
b5edcf10d3	කෙළින්ම සිටීමට
b5ee1ab211	යන්නාක් පරිද්දෙනි.
b5ee5cc135	රජතුමා මට මේ රාජ කෘත්‍ය පැවරුවේ
b5eee05051	සහභාගි වූයේ පුරුෂ පක්‍ෂය පමණි
b5ef181d6e	අවසන යන්නෙත් නරකාදියටයි.
b5efa849ee	ඒ අනුව
b5efa9fa3a	කොන්ත්‍රාත්කාරයෙක් නෙමෙයි මහත්තයෝ.
b5efd94e16	මෙම ධර්මතාවයට අනුව කල්ප විනාශයක් සිදු වීමට අදාල වන්නාවූ හේතූන් මෙ වන විට සකස් කර අවසන්ය.
b5f06abef2	මේ දවස්වල හැමෝම ඕකමයි කතාව
b5f26b5a94	බුද්ධ ශාසනයේ ආරක්‍ෂාවට පියවර ගත්හ.
b5f36ec54b	ඉංග්‍රීසි බැරිය
b5f3b38f14	තියේනම් අපිටත් කියහන් බං
b5f3b572b9	තරමක් සුවිශේෂී වේ
b5f411e450	ඉතින් ඇය කල්පනා කළා
b5f4216a4e	ප්‍රකට සංකේතයයි.
b5f471a3dd	විපාක දීමට සුදුසු පරිසරය ඇති තැනකට යැවෙනවා
b5f527cff3	මේ මහපුරුෂ ලක්ෂණ තිස්දෙකම තිබෙන කෙනා
b5f594735c	හැබෑ ලෝකයේ දී ද සිහින ලෝකයේ දී
b5f5ba4487	අභිනව මහා නායක හිමියන්ට අක්තපත්‍ර පිළිගැන්වීමේ උත්සවය
b5f637af50	 කට වාචාල කම  කියන මාතෘකාව
b5f6bff92d	ජයග්‍රහණය කර තිබෙනවා.
b5f74f4428	නමුත් අඩුම තරමේ මම දන්නවා
b5f764415a	පිටස්තර පුද්ගලයන්
b5f784953b	දෘශ්‍යමාන නො වේ යෑයි කී විට
b5f7a051c2	බෞද්ධ දර්ශනය තුළ හඳුන්වා දී ඇත.
b5f7adbe66	නිරන්තරයෙන් සිය අදහස් උදහස් එක්කරමින්
b5f87068a7	මම කළ වැඩසටහන
b5f88a0f5f	itn tv
b5f8d5473f	කෙස්ටෙවන් හා ග්‍රැන්තම් කාන්තා පාසැලයි
b5f8ef2f06	ලෝකය පුරා ව්‍යාප්ත විය.
b5f9165966	කිසිම තේරුමක් නැහැ.
b5f96a1fe9	ආඩම්බොරකාර තාත්තා ඒකට උත්‍ර දෙමි.
b5f9a080af	ඕකට රින්ග ගත්තට පස්සේ තමයි
b5fa7f0316	ගඩලාදෙණිය විහාරයේ බෝසත් පිළිමය
b5faff0898	ඒත් එහිදි
b5fb63ad81	මෙකී පිවිසුම් මග හඳුනාගැනීමට අසීරුව ඇති අතර
b5fb874030	අනුරාධපුරයේ අවසන් පාලකයා වූයේ
b5fbb1b334	අනිත් අය කියන දේවල් වලට
b5fc263f44	ඒත් උපදින දවසේ ඉඳලා.
b5fc7f79ba	විජේවීර සෝවියට් දේශයේ වැරදි
b5fcb54908	ඒක මං බොහොම.
b5fcdc25e9	අනුරාධපුර ජය ශ්‍රී මහා බෝධියට
b5fd1af8ab	මම පසුතැවෙන්නෙ නැහැ.
b5fd254abb	ආගමික උත්සව රැසක් ද
b5fd9ba9df	අවස්ථා මටත් තියනවා.
b5fdddba56	හරියට පහල උසාවියක දුන්න තීන්දුවක්
b5fe653278	පවුල් පන්සල් වෙලා
b5fe9152c5	our world
b5fe96f911	nice
b5febbd0f7	එතකොට බන්ධුල සෙනෙවියා තව එක ඊතලයක් විද්දා
b5ff1c29ec	තීරණයන්ට යටත් වාර්තාකරණයක්‌ ලෙස
b5ff3f0efa	සම්බන්ධ වෙන්නේ කොහොමද?
b5ffa6e95d	ප්‍රයෝජනයක් ගන්න පුළුවන්
b5ffab41cd	සැමුවෙල් බෙකට් ඉයුජින් අයනෙස්කෝ
b5ffadfed4	බොහෝ විට පුරුෂ පක්‍ෂයට වඩා
