bd0066e247	මෙයින් පසුවයි.
bd00765e39	මා රජයට යෝජනා කරනවා
bd0088eef4	ඔප දැමූ හක්ගෙඩියක පෙනුම ඇති
bd00e7c2f4	ඔය එක්දාස් නවසිය බර ගණන්වල
bd01ae409b	අපි සනාථ කරනවා.
bd0205277a	ඒත් මේ සෝමවංශ
bd022b1cfd	මාව පරීක්‍ෂණයෙන් තේරුවා
bd024c20e2	පොළොන්නරුවේ ඇතුළු නගරය කැණීම්කර,
bd02b1d67e	ලක් ඉතිහාසයේ සියලු රජවරු අතරින්
bd02b8f4c8	මේ කතාව එකදිගට බලන්න.
bd02cd6b45	එතකොට මොනව හරි බිස්‌නස්‌ එකක්‌ කරන්න පුළුවන්නේ
bd037e3a26	ඌරු හිසක් සහිත, මිනිස් සිරුරක් ඇති පේ්‍රතයෙකි.
bd03a58971	වහා මැන දෙයි.
bd03d77aae	දොරක් නැති ටොයිලට් එක මෙහා පැත්තේ
bd03d7adf0	තට්ටු කරන සද්දෙ ඇහෙන්නේ නෑ”.
bd03e492f6	එහෙමනම් මේ පොස්ට් එක
bd049b1535	භාර්යාවෝ ටෙලි මාලාවට සමීපව කතා කරන්නට
bd04a552d7	මෙහිදී වැඩි වශයෙන්ම භාවිත වූයේ
bd04bc2366	අවුරුදු තුනෙන් පාඨමාලාව නිමා වෙලා
bd051b7d47	hindi films
bd058ace72	එදා ලංකාව හිටියේ
bd059e8622	ඉතිං අපි කළු පාට අඳිනකොට
bd066e166d	දරණ බව පැහැදිලිය
bd067c1b79	බුදුරදුන් ජල ස්නානය කළ ස්ථානයේ
bd06d23958	උබ උත්තර දුන්නේ නැහැනේ.
bd07f470ac	චිත්‍රපටය නරඹන්නේ නැතුවද?
bd085c653c	ඉන්න බව අහලා තියෙනවා.
bd088d41c4	මෙහි පුළුල් අදහසයි.
bd08d4f108	එක නමක් ඉතාමත් ශ්‍රද්ධාවෙන් වත් පිළිවෙත් කළා
bd094a8fea	උපසිරසට එක් කරලා තියෙන විදිය නිසා
bd0976536a	නෙළුව කඩිහිංගල දංගහහේන ප්‍රදේශයේ පැවැති
bd0a46f50c	ඔක්කොටම එක විදිහට
bd0a55d5f7	උඩ පනින කෙනාට සමට දැනෙන තෙරපීම
bd0b0b97a9	එකත්පස් ව සිටගත්තාහු ය.
bd0bd2cafe	මම සම්පුර්ණයෙන්ම කරලා දෙන්න
bd0be96be2	ඒවායේ විවිධ රටා දක්නට ලැබේ.
bd0c27cf8a	තිසර පෙරේරාගේ අනගි ඉනිමෙන් ගොඩනැගුණු
bd0ce1d613	animations
bd0d5afd6a	දිනන්න බැරිවුනු නිසා
bd0d6e496b	ඒත් ඔහු මට කිව්වා
bd0dbc5a1d	තවත් ඉදිරියට මේක අරං යන්ඩ හිතුවොත්නම්
bd0de0ca9d	ඔය හැටි වර්ණනා කරන්නේ.
bd0e284fe5	මෙවැනි සුන්දර නිමවුමක් රටට දායාද කරපු එක ගැන බොහොම ස්තුතියි
bd0e6333ef	අපි මේ මනුස්ස ලෝකයට කී වතාවක් එන්න ඇද්ද
bd0e8f0288	ගමන් බිමන් නවතා එක් තැන් වී සිටිති.
bd0ebcc8c0	චතුරංග වීර්යය ඉපදවූහ.
bd0eda1be3	පත්තිනි දේවියට පූජාවක් පැවැත්වූවා ය.
bd0f9a679d	මගේ ක්‍රිකට් නවත්තන්න කලින්
bd0f9c65c8	එකී කරුණු කෙසේ වෙතත් ලංකාවේ ආණ්ඩුව විසින්
bd1095934d	පක්ෂය හරහා ගලා එන දැනුමට පමණි
bd1096e91b	මේකට සිංහල දාන්නේ කියලා
bd109b36ec	වතුර දෙන්න එපා කිව්වා
bd10faab78	ක්‍රියාකරන අර තරුණයාට
bd110fb482	හෘදයාබාධයක් වැලදීම හේතුවෙන්
bd113c092b	ඇති බව අනාවරණය වී තිබේ.
bd1154f63f	උන්වහන්සේටත් මතක ඇති..
bd11aedb00	මේකේ සින්දු ටික ඉතාමත් ලස්සනයි
bd11b5c1e4	එළ එළ සහෝ
bd12369d0e	අතවැස්සෝ ඒ වෙත එතුමන්ගේ අඩුම කුඩුම ඔසවාගෙන ගියහ
bd130693f4	ඕක ගත්තේ අපෙන් නෙවෙයි නේද කියලා..
bd1382f656	ප්‍රධාන පෙළේ විහාරස්ථාන රැසක්
bd138ef62f	තමා අවසන් කොටස සඳහා සාධක සපයන්නේ
bd144710de	පරුෂ වචන කිසි විටෙක නො කී සේක.
bd1598c34c	ඒත් උන්ගෙන් සමහරක් .
bd16081c2d	මේ භාවනාව කෙරෙහි
bd162fd07f	කල්පයක් කියන්නේ.
bd171d9e71	ඉල්ලා සිටියාය.
bd17291edd	යන ක්‍රම විමසීමේදී
bd172be119	මින් පසුව බුද්ධාගම ව්‍යාප්ත වූ
bd1795e8bf	තාමනම් ඔය තත්ත්වය උද්ගත වුනේ නෑ
bd17f2f1e4	ස්පාටකස්ගේ පිරිස
bd1800f095	ඒවා පොදු ජනතාව වෙනුවෙන් යෙදවෙනවා.
bd18574ac9	එහෙමයි ජනතාවට ආදරේ නම්
bd1862f323	ආරම්භ කළේ මාධ්‍යවේදියකු ලෙසය.
bd196fe742	ඇය සුපිරි ගායිකාවක්
bd19fb6179	ඉන්ධන මිල අධිකව ඉහළ දැමූ ආණ්ඩුව
bd1a31bb3d	එනම් ඔවුනට අනුව
bd1b523520	බෞද්ධ වූ අප
bd1b6069c3	හිතුමතයට අරුත්දැක්වීම වැරැදිය.
bd1b9f10cc	අභ්‍යන්තර ගැටළුවේ වෙනසක් නෑ
bd1baa1efd	ඔයාගේ මොළේ පෑදිලා තියෙන්නෙ.
bd1bca1f58	සසර ස්වභාව වටහාගත යුතු ස්ථානයෙකි.
bd1bcd7e77	හැකියාව ලැබෙනවා.
bd1beaf70a	හැමදාම හරක් මස්
bd1c2501ab	සිංහ වෙළෙඳාම් ආදියෙන්
bd1c29b70a	විනාශ වෙලා ගිය ජාතියක් හැටියට
bd1c36652b	සම්පත් බොහෝ වාරයක් විඳින ලදහ.
bd1c4628cf	පිළියන්දල ‍පොලීසියට ලද තොරතුරකට අනුව
bd1c79debb	එන්නත දෙන්නා සහ එන්නත ලබන රෝගියා අතර
bd1d5cef24	මල්වතු මහා විහාරයේදී
bd1d61f022	ඔයා දන්නවද
bd1db77386	මතකය මෙනෙහි කිරීමට පවා මා බියවෙමි
bd1dfb217b	අලුත් නාට්‍යයක් එන්නේ කවදාද කියලා තමයි.
bd1e0e986f	රොයිලි කොච්ච‍ර මහන්සි උනාද කියල
bd1e8be0e1	ඒත් තිලකා
bd1f027a4d	අනික මේ උයන පිහන වැඩ වගේම
bd1f89e01b	චමින්ද මහත්තයා කියලා දෙනවා
bd1faaabb1	හසිත කැලනියේ ඉගෙන ගන්නා පොරක් බව
bd1fca8661	හා දළදා මාලිගාව එක්ව
bd1fefeff9	හේ දක්‍ෂයකු වෙයි.
bd1ff0bd83	පිරිස එදින මෙහි සම්ප්‍රාප්ත වීම ය.
bd1ffdadda	බස් රථය යළිත් හම්බන්තොට මාතර මාර්ගයේ වේගයෙන් පැමිණිය
bd201554ec	අන්තිමේදි අර කෙහෙල් ගහ වගේ තමයි
bd2067fa24	සිංහ සිතට සහනදායී තත්ත්වයක්
bd2075a295	එතකොට ඒක ආරම්භයේදී
bd21c3f7d8	හඳුනා ගත්තේ මෑතකය
bd22494e2f	බුද්ධ ප්‍රතිමා අවලෝකය කරන සෑම කෙනෙකුටම
bd2251d98c	එතකොට අපේ එකෙක් ඇහුවා
bd226b3820	බිත්ති මැටි වලින් සාදා සුදු හුණු ආලේ්ප කර ඇත.
bd2291c68e	එහෙ ජාතික ගීයට
bd22e99fa2	හැකි සැම උත්සාහයක් ම දරයි.
bd232ff0f7	එහි කථානායකයා අපරාධයක් විනිශ්චය කරන ජූරි සභාවක
bd23c36080	එසේ හඳුන්වනු ලැබීමට
bd24202868	තෙල් මල් පහන් රැගෙන
bd24548504	කාගෙත් සිත් ගන්නට සමත් වූවාය.
bd24be10fc	ඊට කලින් ඒ ජාතියට තියෙන නමට
bd255fab07	ඒවාට සමාන බෝල ගල්
bd25768a40	උඹේ දෙවිය මවල නෑ බං උඹට.
bd25a67364	බළලා මල්ලෙන් එළියට පණින වැදගත් කරුණු
bd25bfcbaf	එතකොට ඊළඟ ජීවිතයේ විනාශය කරා යොදවන්න
bd25e25e10	බුද්ධ ප්‍රතිමාව පිටුපස ඇති
bd2629f055	golden mask gold dredge
bd270d9430	බුදුරජාණන් වහන්සේ පහළ වෙලා
bd27513518	සැම කෙනෙකු සතුවම
bd277e8e49	ඇත්තෙන්ම අපි දන්නේ නැහැ.
bd27b6e4ef	හිතවත් ප්‍රසන්න හැමදාමත් අපව උනන්දුකරන
bd281fff4e	අද බංගලාදේශයේ හා ඇෆ්ගනිස්ථානයේ සිදුවෙන දේ
bd28c61c3a	ශාස්තෘන් වහන්සේ භික්‍ෂු සංඝයා සමග
bd28f28df4	සාධාරණය ඉෂ්ටවේ
bd29a87dc4	ඒක කොහේ තියනවා
bd29abda06	මොකද අපි හැමදාම අහලා තියෙන්නේ
bd29b543de	මෙම වචනය
bd2a500e9e	අපේ එවුන් කියල.
bd2a6f2ecd	ඔතන අවුල තියෙන්නෙ ඉඩකඩම් බෙදල දුන්න විදිය
bd2aa40377	ඉතිං කොහොම කොහොම හරි ගෙදරටත් කෑ ගහලා යන්තම්
bd2abad675	ඉන් උදා වී තිබේ.
bd2adfb903	සමෘද්ධි සහනාධාර ලබා දීම ප්‍රමාද වූවා විය හැකියි
bd2afc853e	මහාචාර්ය සෙනරත් පරණවිතාන මහතා ද
bd2b2f66f3	ඒක ආවායින් පස්සෙ
bd2ba933dc	මිනී මරන චිත්‍රපටිවලට වඩා
bd2bba502b	නිතරම කතන්දර
bd2bfd08f7	අන්න ඒවා ඔක්කොම මහ පොළොවට වැටිලා
bd2c32df59	දළදා වහන්සේ වැඩම කර වනු බවයි.
bd2cad1e0e	අවසානයේදී මම විරඹුගෙදර ‍පොලිස් ස්ථානාධිපති
bd2cb0fa77	movies online
bd2ce399ea	අපි හැමෝටම තියෙනවා.
bd2e551884	අස්කරල ඉවරයි විනය පිරිහුන ගමන්
bd2f1b45af	සත්‍යවාදී වීම, අතිශයින් වැදගත්ය.
bd2f527467	සෑම බෞද්ධයකු ම
bd2f95b70d	කැපී පෙනන අයෙකු බවට පත්වෙයි
bd2fd3a94f	සැරින් සැරේ කැඩෙන පන්සිල්
bd3021f139	එතකොට මෙයාට තේරෙනව
bd3025f9f5	එකල්හි වාසුල දත්ත නම් නාරජතෙමේ
bd30c1ba49	ඒ නිසා විකුණන්න බෑ කියලා.
bd30feccdd	මුළු කිඹුල්වත් පුරයම වෙනස් වුනා.
bd312e4b89	බෝධි පූජාවෙන් ශාන්තිය උදා නොවන බව
bd319da56f	මේ මිනිස් රුව දැකීම නිසා බව
bd31b5a26a	පෙරට ගෙන යාමට සිදුව තිබෙන්නේ
bd32014fff	මේවා හේතු නොවේ යැයි ප්‍රකාශ කළ විට
bd320aef9a	මෙවැනි නොයෙක් ආකාරයේ නිදසුන්
bd3250b396	පුළුල් ඤාණය තාක්‍ෂණික විප්ලවයක් වෙනුවෙන්
bd327d4c05	ස්වාභාවික චන්ද්‍රිකා කියන්නේ
bd328204bc	බෞද්ධ අයිතීන් සුරකිමින්
bd329ee6cd	එහි දැක්වෙන සිංහල වචන සමහරක්
bd334c1327	සමා වෙයල්ලා කොල්ලනේ
bd335406d5	බොහෝ දෙනෙක් කරන්නේ
bd33bf7041	peradaka susumak
bd34b3145e	නිදහස් අධ්‍යාපනය ඉවරයි කියල
bd3508ca61	පූජනීය වස්තුවක් බවට පත් විය.
bd35486ecc	එතකොට ඔහු කියනවා
bd3569fc00	හැකියාවක් නො ලැබේ.
bd368e3866	හැබැයි ඔහුව මරන්න බාරදෙන්න
bd36cffd8f	අනිවාර්යයෙන්ම ඒක අති සුන්දර අත්දැකීමක් වේවි.
bd373ccf2e	මෙම කෘතීන්ගේ ශෛලීන් අනුව
bd37443ecd	ඉතා දියුණු තත්ත්වයක පැවතීම
bd3786bfb6	සඳහන් වෙන්නේ නෑ.
bd37f5cd62	එක තලගොයෙක්
bd3843dd11	ආයෙ සල්ලි දාන්න ඕනෙ
bd385987f1	කටයුතු කර තිබෙනවා.
bd394c3464	අදාළ ගැටළුව දෙස
bd396b5c2b	ස්කයිප් එකේ අවුලක් හින්දා හරිය.
bd39741b2a	එම වගකීම ඉටුකිරීමට
bd39b49c89	මොකක්ද කියලා විකාර කරපු වෙලේ
bd3a2a5622	හැබැයි දැන් මටත් ඒ ගැන සැකයි
bd3af69a3b	අදාළ පැමිණිල්ල කැඳවු අවස්ථාවේ
bd3b750b51	මුලසුන හොබවනු ලබන්නේ මහාචාර්ය සුනන්ද මහේන්ද්‍ර විසිනි.
bd3b8bd312	යමක් අසත්‍ය යැයි කියාත්
bd3bbc2ccf	එහෙමනං ගාලතැන්නෙ කපුමහත්තයත්
bd3be46396	ඔබතුමා ෆිල්ම් එක බලන්නෙත් නැතුව
bd3cbeda7e	යුරෝපයේ විශාලතම සත්වෝද්‍යානය පිහිටි ජර්මනිය වෙත
bd3cd84870	අපි හැමෝම අන්තර්ජාලේ එහා මෙහා සැරිසරන අයනේ?
bd3d73ef50	යම් පුද්ගලයෙකුට සිහිය තිබෙනවා
bd3d774707	අමිල ඇතුළු පිරිස එතැනින්
bd3e437117	අද වෙද්දී ඉතිරිවෙලා තියෙන්නේ.
bd3e7d7950	මේක කොපියක් කියලා
bd3e8317b0	ඉස්සරහට බලමු අනේ
bd3e8c67d8	ඔය ටික පේනකොට
bd3ea986fb	මෙවැනි අවස්ථාවලදී
bd3ee0fbc8	හොඳට සිහිය පිහිටුවා ගැනීමේ හැකියාව
bd3f8a3e2f	අපරාධ පරික්‍ෂණ දෙපාර්තමේන්තුව මගින්
bd3f8d6fb1	මෙත් සිත වෙනුවට
bd4068d865	සැවැත්නුවර වැඩියා නම් අනිවාර්යෙන්ම පූර්වාරාමයට ඇවිල්ලා
bd40a0838f	සිවුරු දාගෙන දැන් කරන්නේ ජරා වැඩ
bd40c16785	මෙන්න මේ විකාර ස්වරූපී ලෝකය කොහොම වෙනස් කළ යුතු ද?
bd40d087e3	ඒවගේම ඔබට ඕනෑම අවස්ථාවක
bd41037419	උඹ ඔහොම හිටියාට
bd41b4ba68	මන්ත්‍රීවරයා පෙන්වා දුන්න
bd41b4bc61	මෙහිදී විස්තර කෙරේ.
bd422a1eea	දේශපාලනයට ආවට පස්සේ
bd426a9d03	කෑ මොර ගසන්නට වූහ.
bd42fe3fef	උන් දවසින් වැඩි කාලයක් ගෙවන්නේ
bd43607416	ලැබුණේ කෙසේදැයි
bd441705cd	වද දෙන කාලකන්නින්ට
bd44440ac2	අපි සමහර වචන පාවච්චි නොකරන්නේ.
bd448ab3a2	ශ්‍රී ලංකාවේ සමස්ථ රජයේ වෛද්‍ය නිලධාරීන්ගේ සංගමේ සභාපතිවරයාය.
bd44b0be7c	පොදුවේ සත්වයා තුළ පවතින කාම ආශය
bd44fbb8fb	කිසියම් සැකයක් ඇතිවූ විටත්
bd4510673c	වෙහෙර විහාර වෙත ඇදෙන බැතිමතුන් සුන්දර දර්ශනයකි.
bd4608cb6a	මගේ ලිවිමේ කුසලතාව එහි ඇති ළිපි හා
bd4614a10c	හේවායා යන්න ඒ සඳහා භාවිතා වුණා
bd463d00b7	කොළඹදී පැවති මාධ්‍ය හමුවක
bd46500b7b	මේක බෙලුවේ නැත්නම් ජීවිතෙන් බාගයක් ඉවරයි.
bd4680673b	upul pereras songs
bd468d147b	එහෙම ඇදගෙන ඇදගෙන
bd468d1608	එක් අතකින් නිධානය තිරගත වූ වසර
bd46f776d4	ඒත් පස්සේ කා‍ලේ අපේ ගෙවල්
bd472f4122	ලියකියවිලි සම්බන්ධව ගැටලුවකට
bd473d7d44	උත්තරාකන්ද් ප්‍රාන්තයේ කඳුකර ප්‍රදේශයන්හි
bd477bc84c	ඒත් මට හිතුණා
bd47b77cbc	ආනන්දයට ගිය අපේ යාලුවෙක්
bd47ed6247	මාරයා ප්‍රශ්න කළේය.
bd4828fb7a	යල කන්නයේදී අතිරේක භෝගවලට යා යුතුයි
bd489fadbe	ගොයම සරුවට වැඩෙන අතර
bd48beb4b1	අමතර සුළු ලාභයක්ද ලැබේ
bd48fd56dc	තවත් විනාශ කරන්නේ ඇයි.
bd494036f2	අපේ උපසිරැසිකරුවන්ට පවා
bd49527a7a	දැඩි තර්ජනයට ලක් විය හැකි ය.
bd49999426	මේ අතර පුරාණ ග්‍රන්ථවල ඇසතු ගස පිළිබඳව
bd49f95d22	බුදු පිළිමයක් නෙත ගැටෙන
bd4b263b36	ඒත් ගෙදර ඉන්න වෙලාවට
bd4b42e9bc	උපේක්ෂා චිත්ත විමුක්තිය වඩයි
bd4b7628ac	නමුත් එය බෞද්ධයන්ගේත්
bd4b85b3d0	ඊයේ මැතිසබේ දැක ගන්නට ලැබුණහ.
bd4bab89c3	ඇය කියා සිටියා.
bd4c3b6ef0	දහමෙහි අභිවෘද්ධියක් බලාපොරොත්තු වෙනවා නම්
bd4c40bf4e	තේරෙනවද මන්ද ඕකේ තියන හීන් ටොක්ක.
bd4ce220c9	නම කියලා.
bd4d07cc6e	මෙසේ ක්‍රමයෙන් මිතුරන් ගණන සමව වැඩිකර ගත්විට
bd4d83024d	ඉකිගගහ කදුලු පෙරාගෙන අඩනවට වඩා අමාරුයි
bd4d9245b1	ඩොලර් පහට වැඩිය
bd4dc0bbe0	තව අන්තර්ජාල සම්බන්ධතා වල මිල ටිකක් අඩුවෙනවනම්
bd4e4eb338	ත්‍රිපිටකය පාලි බසින් සිංහලට පරිවර්තනය
bd4f5a9b83	magazines for kids
bd4f9dc5a6	යමරජු දේවදූතයන් පස් දෙනා පිළිබඳව ම විමසූ නමුත්
bd4fa83f66	එබැවින් උල්පත පාමුල
bd50049be7	මේ සුජාත කුමාරයා
bd504987d5	ඔය සමහරු කිව්වේ
bd509498e0	සුන්දර නිසංසල පරිසරයක අපූරුවට නිර්මාණයවී ඇති මෙහි
bd50d2ab71	සුබ අනාගතයක් පතා
bd50d84ae7	ඉතින් ඔහු කරුවලට කතාකරනවා
bd510781e4	විශාල බිතු සිතුවම් හතරක් දක්නට ලැබෙයි.
bd516311f8	ඔවුන් පළමුව ඒ පුද්ගලයා හෝ ඒ දේ
bd52719861	ගැහැණියක් බව කියැවෙයි
bd527c9454	ඒ අනුව ජිවත් වෙන්නේ නැති නිසා.
bd52ea19dd	ප්‍රාග් වෛදික යුගයේ සිටම
bd5315263c	ඒත් ඉතින් නොබලපු කෙනෙක් හරි
bd533e4102	එයාචාම් විනීත හැදිච්ච ගෑණු ළමයෙක්
bd53592f97	මේ එකක් කියන්නෙ
bd535bed99	විවරණය කළ දේ නොව
bd5364b00c	එමෙන්ම පුද්ගලයා තුළ
bd53c2271f	කලවං වීම සිංහල නවකතාවේ විශිෂ්ටත්වය ගැන
bd53f50b23	වළාකුලු පාවී ඇති ආකාරය
bd549065dd	ඒත් විදුලි හා බලශක්ති ක්ෂේත්‍රයේ
bd551bfa3b	හොඳට ජීවත් වෙනවා.
bd559c03a9	විනාඩි ගණනක් ඇතුළතදී
bd55a8e3cc	වෝර්ඩ් මැරුවනේ
bd5632307c	එම ධාතුන්ගේ විවිධත්වය
bd5654ed2b	අඹ වනය දකින්නට ලැබුණා.
bd56adf57e	මිනිසාගේ ක්‍රියාකලාපයන් නිසා
bd57179ae8	එක වරම මුළු පළාතම දෙවනත් කරමින් අකුණක් පුපුරා ගියේය
bd585c938f	තිරිසන් සතකුගේ පවා
bd58dda227	ඒක බොන ආකාරයේ
bd59423210	අකුසල් කර්මයෝ ය.
bd5a211b6d	වැරැද්දක් නෑ මයෙ හිතේ
bd5a527998	එයා දකිනවා අනිත්‍ය වූ සමාධියක්
bd5ac32ce5	ඒවයින් එකක් තෝරගන්න කිව්වා.
bd5acd3467	අද තියෙන්නේ
bd5b09778f	අප ඔබ සමග සැමදා සිටින බවට
bd5b7f48ed	මොකද මට දවස ගානේ
bd5bc0cbc0	එලී වීසල් නොබෙල් ත්‍යාගය ලබාගන්නා
bd5bfc25af	ඔවුන් අතර හුවමාරු කර ගන්නව
bd5c1b9664	ඒක මාර කතාවක්.
bd5d2ea599	ක්‍රියාත්මක වෙනවනේ කියලා හිතෙයි
bd5d594a92	ඔය දරුවන්ගෙ තාත්තලගෙ
bd5d7d816b	දකින්න කැමති නැති නිසා
bd5d90e2b1	අමාත්‍යවරයා අවංකව කල්පනා කරන දේ
bd5de0afca	විනෝද ජනකය.
bd5df48384	අර කලින් කොටසේ හිටපු තාත්තයි පුතයි ව
bd5e03a3b5	මගේ සිත ආශ්‍රවයන්ගෙන් නිදහස් වුණේ.
bd5e132585	මෙම සියලු පැන විසඳමින්
bd5e587f38	බිය හා විශ්වාසය පදනම් කරගෙන
bd5ea0c81d	හරියට වැඩේ කරන අය
bd5eab1588	වැරද්දක් දැක්කොත් පෙන්නලා දෙන්න
bd5f2eafda	සහතිකයක් කාටවත් දිය නොහැකියි.
bd5fd013db	දැමීමෙන් කාටවත් වෙන හානිය කුමක්ද?
bd5ffd8eff	ඔබ කියන්නේ
bd6017332f	එතනදි මොවුන් පිරිසට
bd6178ea68	සිදු වෙමින් පවතිනවා.
bd61df5547	පිහි තියාගෙන ඉන්න හැමෝට
bd623023e2	ඔහු ජාතිය ගැන එක ගීතයක් කිවුවේ නම්
bd62577ab4	අසා ඇති ප්‍රශ්නය
bd62d5019a	ඉස්සර කාලෙ දුප්පත් මිනිස්සුන්ගෙ ලමයින්
bd62fafc21	ලාංකික සංස්කෘතියේ අනෙක් අංශවලට මෙන්ම
bd6358b24f	කුමන ගෞරවයක් බලාපොරොත්තු වෙනවද යන්නයි.
bd6436a493	මිනිසත් බවක් ලැබීම කලාතුරකින් සිදුවන්නකි.
bd64d4d517	මේකෙ අපට තියෙන ඊළඟ ප්‍රශ්නය
bd64ef379d	සමාජ පීඩනයට එරෙහිව
bd64fa5c79	එය මස්ථකයේ සාංචි චෛත්‍යයේ මෙන්
bd6558c416	මූට බයයි හොදේ.
bd66f1c200	බොහෝදුරට ඉඩ තිබ්බා.
bd670f47a1	මේවායින් බිහි වන්නේ
bd674c9470	ඉතාමත් හිංසාකාරී වේ.
bd6a3a32f4	උපචාර සමාධි තත්ත්වය වඩාත් සුදුසුය යන
bd6a7a8657	ක්‍රමයෙන් ලෝකයෙන් ජීවින් තුරන් වීමෙන්
bd6b3a8b01	කවුරු කවුරුත් උනන්දු විය යුතුය.
bd6b57e18c	yahoo mail.com
bd6b589545	තියෙන්නෙ එකම ප්‍රවෘත්තිනම්
bd6b97d1b8	කර්ම විපාක දෙන්නේ නෑ කියලා.
bd6c160773	ඇතිවීමට හේතු විය.
bd6c1b0d26	ඒත් විවාහ මංගල උත්සවය
bd6c6fde4f	එත් දැන් අතල් ඔළුවට කඩන් වැටෙන එකතමා අවුල
bd6d185404	එහෙම කියල බෑනේ
bd6d316ef0	මානය නමැති කිළිටි දහමින්
bd6e39e152	හැම අතකින්ම
bd6f2a8f39	උඹට නම් නියම සිංහල වචන නේද
bd6fc41bf9	සාම්ප්‍රදායික භාෂා රිද්මය බවට
bd70038988	මුහුදු යාමෙන් වැලකි සිටි අතර
bd702ee9bd	උඩරට රජුන්ගේ සිරුරු දවාලීම සඳහා
bd70718a5d	ගාල්ලේ එක්සත් ජාතික පක්ෂ යාන්ත්‍රණය
bd70a11884	ලියා ලියා ටෙම්පල්ටන් කියලා ගෑනු ලමයෙක්ගෙන්
bd70c13fb3	අපෝ නෑ නෑ රුසියාව කළ වැඩක්නම් නෙමෙයි!
bd713ecb5c	ඔය දෙකටම
bd7146c368	මේ තොරතුරු ප්‍රසිද්ධියේ කියාපෑම නොකරන්නේ
bd71f16dfc	තිදෙනා මර විළාප නඟද්දී
bd71f74c52	ඇමරිකාව අපේ රටෙන් අපනයනය කරන ඇගලුම් නිෂ්පාදන රබර් නිෂ්පාදන වර්ජනය කරොත් මොකද වෙන්නේ?
bd71fcafa2	උපරිමයි පට්ට එළකිරි
bd732343eb	ඔවුන්ගේ නිවෙස් සෝදිසි කර තිබේ.
bd74176704	සෑම දෙනෙකුටම සවන් දෙනවා වගේ
bd74437f69	ඔබ මෙම දිසිරූ ක්‍රීඩාවට
bd74a1bc9f	රජය වෙනුවෙන් සංස්කෘතික කටයුතු දෙපාර්තමේන්තුව
bd74a33174	මේකෙ එක හොයාගන්න බැරිවෙයිද?
bd74a56338	මම හරියට කරනවා කියලා.
bd74bb1824	උපසිරැසි බාගත කරගෙන යන ගමන් අදහසකුත් දක්වාගෙන යන්න
bd74bcef82	මේක ඇතුළෙ රස්නෙ වැඩි වෙනවා.
bd74d234b1	අම්ම අහනව තාත්තාගෙන් .
bd74d57bff	එකතු කරනු ඇත
bd74dbc6d0	ඒ කාන්තාවන් මා ජීවිතේට දැකලා නෑ
bd74e0f3f7	මේ විපර්යාසයන්ට භාජනය වී ඇත.
bd7562a0d9	හොඳම විධිය තමයි
bd75b2caad	තුන් හතර දෙනෙකුට
bd75cf4b6b	ගියා පැය දෙක තුනක්ම
bd75dc373e	එතන ගිහින් බැලුවත් අපේ ඉන්න ටික දෙනාම තමයි
bd75fc0f9c	අරහත් මාර්ග ඵල ඥානය දක්වා ගමන් කරයි.
bd7612459a	ඉතිහාසයට එහෙම කැමතියි වගේ
bd76ad2000	එහෙමනම් බත්වලට කැමති නැතිව
bd7704e204	දේවාලය විනාශ කර ඇත
bd7845c9c6	මෙහිදී ගුරුවරයා විසින් කළයුතුව ඇත්තේ
bd7900dfa4	එය ඉතා සරලවම දඹදිව යනවා
bd7927f7fe	උරාජ් නෙවෙයි බොල
bd792ab138	අවසර ලබාදීමට ද තීරණය කරනු ලැබීය
bd79362c9a	සාමය සුරැකීමේත් ආරක්ෂාව තහවුරු කිරීමේත්
bd798c843c	මෙම සන්දේශයෙන් හඳුනා ගැනීමට ලැබෙයි.
bd79cf73bc	එකක්‌ තියෙනවා
bd79d7d7f3	එක් වරම යන කෝච්ච්යෙන්
bd7b789a48	ඔය කියන අනිත් එක
bd7c1a2a57	ඒත් අර ලියුමේ
bd7c843146	බාහිර භූත කොටස් සමග එකතු වේ
bd7cfd9247	ඒවායේ සැබෑ අර්ථය පිලිබිඹු වෙන විදියට
bd7dbd387d	මෝටර් රිය පසු පසින් දුවගෙන ගියහ.
bd7de6b9a4	එයාල දෙපිට කැපෙන කතා කියනකොට
bd7e0a5728	අපි මේ විදිහට පුණ්‍ය ගංගාවක්
bd7e1ab58b	එසේ නොකිරීම යනු
bd7ed53203	ඔය කියන අන්‍යාගමිකයෝ කොහෙද ඉන්නේ
bd7f4c3516	හඳ දෙස බලන්න.
bd7f855fd1	ගෙනෙන්නේ නැති කොට.
bd7fcf3a7e	සුවචව කල් ගෙවිය යුතු වෙනවා.
bd804a7be2	දකුණු පැත්තේ තිබුණා..
bd80daf7e5	පෙළඹී කරණු ලබන සංග්‍රහයන්
bd810a6876	ආදිය එලිකළා නම් ඉවරයි නේ
bd8142bf18	එහි නාම රූපයන්ගෙන් බැස ගැන්මක් ඇතිවන බව
bd8176fa0b	කලාකරුවෙකුට තිබිය යුතු හොඳම ගුණාංගය
bd81ccfae4	හේ ඉවසීමේ ගුණය ප්‍රගුණ කරන්නෙක් නොවේ.
bd81eae5e4	මෙයින් පැහැදිලි වන්නේ
bd827a166d	හේතු වූයේ කුමක් ද?
bd829540fa	දේශප්‍රේමී ආශ්චර්ය
bd82a7a543	ඒක මගේ මතය.
bd8314109d	lama geetha
bd835c30e8	වසර දෙකක පුහුණුවක් ලබා ගැනීම.
bd8389d230	ඒ දිනවල ගණන් ගත්තේ නැහැ.
bd838ee328	නමුත් ඔහුගේ සිතට එන්නේ
bd83a27f0a	ස්ත්‍රිය අප දකින ආකාරයට
bd841dc6ec	තනි කොස් කොටන් වලින්.
bd841edc96	fiver
bd84382240	පසු නැවැත ඉපදීමක් නැති බවයි.
bd84437f46	උදේවේගකාරී එකක් වේවි
bd8456f450	මගේ පරණ කතාවක් ඔබට මතක ඇතැයි සිත‍මි
bd84afbb60	මහා බ්‍රහ්මයා විසින් නිර්මාණය කර ඇත.
bd853f720a	අනික් අතට පරණවිතාන මහත්තයා
bd855020b1	මුහුණපාන බරපතල ප්‍රශ්නය නම්
bd85825ebe	අර ජිප්සීස් සින්දුවේ තියෙන අවවාදයමයි.
bd85b5654e	ඔබ දැන් ජීවත් වන්නේ
bd86220f57	කටුනායක නිදහස් වෙළෙඳ කළාපයට පැමිණ තිබේ
bd86336ba9	ඒ බැම්මෙන් නිදහස් උන ගමන්
bd86f7a32c	ශබ්ද රසයට විශේෂ තැනක් හිමිවේ.
bd870906c6	ඇල්කොහොල් ශරීර ගත වීම නිසා
bd8753d766	ජවිපෙ ගැන තියෙන නිසා
bd88c67861	එය නූතන මනෝවිද්‍යාවේ ඉගැන්වෙන
bd89130e61	ඔබතුමියට කැමැති ඕනෑම දේශපාලන මෙහවරක් කිරීමට
bd8930bda5	අනතුරින් තුවාල ලැබූ කට අධික පිරිසක්
bd89366515	මිනිස්සු අවුරුදු බිලියන ගණනකට කලින්
bd89616be3	අතිශය රළු සේම
bd896e7aec	එය ශරීරයේ සෑම රෝම කූපයක් පාසා
bd8a726824	ඒත් ලක්ෂ්මන්
bd8ac0ddc1	රෝගියා ජීවිතයේ දුක්ඛ ස්වභාවයද
bd8ade6ca4	වන්දනාවකි.
bd8bf1ff13	එවිට ඔබට යා යුතු දුරට යන්න
bd8d46146f	yahoo.mail
bd8da38133	බොහොම ඉහළ රසවින්දනයක් තිබෙන උදවිය
bd8e120242	ඇතුළු වෙන අයත් වැඩි හරියක් එන්නේ විවාහ ගිවිසගෙන නැත්නම් විවාහ වෙලා
bd8e22f20b	මෙයින් වැඩෙන්නේ කුසල පක්‍ෂය නොව අකුසල පක්‍ෂයයි.
bd8ead97dd	එහි සිටින අලි පැටවාගේ කකුල
bd8f29c8be	බුදු දහම අනුව
bd8ff527e4	කායික හා මානසික වෙනස්කම් තිබුණද
bd8ffc087d	වරද්දාගත් ස්ථානයක් වන්නේ
bd9007f5a7	ඒ පිළිබඳව කටයුතු කරන්නේද යන්න
bd90192ce6	මේ සියලු කරුණු හමුවේ පැහැදිලි වන්නේ
bd90998e90	බෝධිසත්ව සංකල්පය නිර්මාණය කොට ඇත්තේ ද
bd90c38a08	වැඩිපුර දන්න කට්ටියයි ඉන්දියන් වාහන පාවිච්චි කරන කට්ටියයි
bd9196cf88	මෝරා මුහුදු පතුලේ සිට පැමිණියේය.
bd92762514	ශ්‍රී ලංකා උප නායක ඇන්ජලෝ මැතිව්ස්
bd92a81c5f	මෙම වෙළෙදාම පුද්ගලයාගේ හා සමාජයේ පරිහානිය
bd93765419	එනිසාම අස්වත්, වෘක්ෂය බෝධි නාමයෙන්
bd9380d577	ග්‍රේසන් අයිති කරගන්න බැරිවුන නිසා
bd9396dc12	ආමිස දාන පරදවාගෙන
bd944a9ab1	තක්සේරු කර ගත හැකි වන්නේ
bd94642606	හිටපු ඇමැතිතුමා මාරු කළේ
bd96020c09	බෞද්ධයකුව උපන් ඔබ අතිශය පුණ්‍යවන්තයි.
bd963d6701	අඩු වැඩි වශයෙන් පවතින්නකි.
bd9655439a	එයා තමයි මහ රැ මිදුලේ ඉදන්
bd971c01b3	එම අවස්ථාවේදී සෞඛ්‍ය සේවකයන් පිරිසක්
bd971fc692	මල් පහන් පූජා කරලා
bd97373d0e	ඉතිං දිනිඳු මේ කඩඉම වෙනුවෙන් නලින් මල්ලිගෙන් උණුසුම් සුභ පැතුම්
bd9780f8ee	ධර්මය තුළට බැසගන්නවා කියන අර්ථය
bd9896b154	එහෙම ඕන නම්
bd98cefebd	කෙනෙක් සතුරුකම් කරලා නැතිවෙනවා නොව
bd992cfede	buy cheap cigarettes in usa
bd99394225	යන්න බැරි වෙන්න
bd99a506a4	සතර අපායෙන් මිදෙන්න බෑ.
bd9a968954	සැකකාර දෙවැනි සැමියා වන
bd9b015cfa	හැමෝම තේරුම් ගන්නවා නම්.
bd9b02c348	art work
bd9bf3dd73	සමාජ දේශපාලන බලවේග
bd9c156cc2	ප්‍රීතිය හා සොම්නස වන්නේ
bd9c61af69	මෙම ගමනේ අපූර්වත්වය, සුන්දරත්වය දැකිය හැක්කේ
bd9d0409d1	එහි වැඩිම සහ මුල්ම ගෞරවය
bd9d664347	ඔයාලා චිත්‍රපටය අනිවාර්යයෙන්ම බලන බව
bd9d9ae8fd	මුදල් ලාභ ලැබෙන බව පෙනී යයි.
bd9dac6c89	සහෘද සටහන්වලදී සමහර විට අඩු වෙන්න පුළුවන්.
bd9db7934d	මේක මගේ ෂෝක් මටම ෂෝක්ද?
bd9dbb5dee	ස්තුතියි දිදුල
bd9e10555b	සුපුරුදු ලෙසම මේ පරීක්ෂණයට
bd9e7ab3d2	විවිධ මත ප්‍රකාශ කරනවා.
bd9e92e728	වාර්තා වෙයි
bd9fc42607	බෞද්ධ ශාසනික සම්ප්‍රදාය බිහිකිරීමට කැපවූහ
bd9fec75ef	යම් දෙයක් ගැන විශ්වාසයක් ඇති වෙන්නේ
bda02a8390	"සැමුවෙල් බෙකට්ගේ ""ගොඩෝ එනකං"""
bda057a446	උන්දලාගේ ළමයින්ටයි මෙහෙතියෙනවා
bda076c1a5	සියළු යහපත් සිතුම් පැතුම්
bda0beed6f	සත්‍යය තියනවා.
bda0ee776f	මෙම පිළිගැනීමට පදනම් වන්නේ ශ්‍රද්ධාව හෙවත් විශ්වාසයයි.
bda13fe5bb	මෙයින් වැටහෙනු ඇත
bda1411600	ජනතාව අලුයම් කාලයේ
bda15ab593	ඒකක නිපාතයේ ඇති විශේෂ කරුණක් නම්
bda15e4a4a	ගුණාත්මක වටිනාකම ලැබෙන්නේ.
bda1c78a66	ඔබ දැන් මේ පාසෙලට ගියානම්
bda1d8a436	බුද්ධාගම ගැන වැඩිය දන්නේ නැහැ.
bda28e2c78	ඔබට පුළුවන් විය යුතුයි.
bda42ac7a8	එමෙන්ම ඊට ප්‍රතිවිරුද්ධ වූ දුර්භාෂිත වූ,
bda47ef7ba	සිදුවීම් අභව්‍ය යැයි අපට නොදැනේ
bda4aa4f9c	තේරවිලි හෝ කතන්දර
bda53cdb6f	මට කීපදෙනෙක්ම සහයෝගය දුන්නා.
bda5584680	බෝධි පූජා පිළිබද සෑහෙන විස්තරයක්
bda5a9413b	අප රටේ ප්‍රජාතන්ත්‍රවාදය ආරක්‌ෂා කරන්න නම්
bda5be36b0	ඒ ජනතාව නැවත පදිංචි කරවීමේ කටයුතු ආරම්භ කළා.
bda5da1785	අසූ හාරදහසක් ධර්මස්කන්ධය ත්‍රිපිටකය නම් විය
bda68c3b84	ස්ත්‍රී පුරුෂ ආකර්ෂණය
bda69757af	ඔයාල දැනගන්න කැමති නම්
bda854c226	පිවිතුරු දිවියක විශේෂ ගුණය දෙස බලන්න.
bda8e31231	වැඩක් නෑ කියයි.
bda96bac46	අස්සයා ගිහිල්ල.
bda9b13182	ඉදි කර දීමේ වැඩ පිළිවෙලක්
bdaa473f70	මේ අනුව බලන කල
bdaa61326e	මෙය තහනම් කලේ
bdaab9c4aa	එවිට ලෝකයේ වරායවල් අතර
bdab6df6a0	අපේ යක්ෂයාගේ පඩිපෙල චාරිකාවෙන්.
bdac4938d8	බලන්නද බං යන්නෙ?
bdad39114a	එන විදියට වෙන් වෙන්ව තමයි ලියන්නේ.
bdad454dee	බුදුරජාණන් වහන්සේ එළිපත වෙතට වැඩමවා නතර වූහ.
bdad901a63	ඔය වගේ සරලව හිතීමෙන්
bdad951ccf	ඊට පස්සෙ සත්සිරි පත්තරේ
bdade5d478	ඒත් අන්තිමට මට වුණේ
bdaf1dce33	ජනතා විමුක්ති පෙරමුණ සතු සුවිශේෂ ගුණාංගයන්
bdafc8d736	ඔහු පිළිවදන් දුන් අයුරු
bdb04e0cd1	අපේ ගෙදරත්
bdb0b6670d	කාන්තා චරිත ත්‍රිත්වයක් වටා
bdb1518087	අපේ තාත්තාගේ බලපෑම තිබුණා.
bdb152600b	එම අරමුණු ඉටු වන්නේ ය.
bdb162aaba	ගැරඬි කියන්නෙ
bdb1af352b	උදාකර ගත හැකි වෙනවා.
bdb1db8c29	ජනතාව සමග සිටින ලෙසයි
bdb1e76bd7	රූප උපාදාන ස්කන්ධය
bdb1fa0c5b	අපේ සහයෝගය ඔබට ලැබෙයි.
bdb256a91b	ආයුෂ්මත් ආනන්දයන් වහන්සේ
bdb28d4dde	මා හිතන්නේ.
bdb2d17aa7	තුෂාර තෙන්නකෝන් අධ්‍යක්ෂණය කර
bdb347f097	සුවඳවත් ද්‍රව්‍ය හා නොයෙක් සුවඳ ලබා ගන්නා
bdb35f1993	වැරදි නැහැ.
bdb394392a	අමුසොහොනෙදි ඒ මරණයට පත්වෙච්ච
bdb3a09496	මාගේ් කැමැත්ත පරිදි
bdb3b7e3ed	ටිකක් සංවේදී මහත්තයෙක්
bdb40fc101	පෞද්ගලික ගනුදෙනුවක්
bdb427cf26	එහෙත් අදාළ ආයතනයේ අධීක්ෂණය යටතේ
bdb481193e	මීට අමතරව, ධ්‍යාන උපදවා ගැනීමටත්
bdb49e1246	පිරිත් මණ්ඩප වල දැකිය හැකිය
bdb503cf0a	දරුවෝ ටිකක් තමයි
bdb581faa3	සෙත්කවි කරන ලද අවස්ථා මා දැක ඇත.
bdb5fc50f8	ජනමාධ්‍ය හරහා ජනතාව අතරට
bdb72d3821	අපට මානව හිමිකම් කියාදෙන්නට ආ
bdb766bab8	බස් රථ හැට අටක් තිබුණා.
bdb839c948	මොකද එහෙම වුණොත්
bdb96bccb2	අපේ ඉඩමට වත්ත කියනවා.
bdb9dc516b	මුං කවදාවත් විවේචන පිළිගත්ත ජාතියක් නෙවි.
bdba010c80	ගජ මිතුරන්ව වාසය කරති.
bdba03d173	තම දරුවන් සමඟ සතුටුවීමට
bdba089476	මීලඟට විපක්‍ෂනායක
bdba4fc02d	ඉන් පසු රාජ්‍යයට පත්වැනි මිහිඳු රජු
bdbb0dd100	අප්‍රසිද්ධ අය ප්‍රසිද්ධ වෙන්නත් කතා කියනවා.
bdbb4bf87a	අතිශයින් තාර්කික ද්‍රව්‍යමය භාවිතයකි.
bdbb611a45	පුටු දෙකක්‌ තිබුණා.
bdbbf2e59e	යම් යම් මුදල් ලාභ හිමිවේ.
bdbbfb62ff	මටනම් හිතෙන්නෙ.
bdbc0ef545	පොතපත පාඩම් කරන විට
bdbc2b3ee3	අප අදහස් කලා.
bdbc3f9e8e	මුල් පෙලේ ජාත්‍යන්තර මාධ්‍ය වේදීන් ගණනාවක්
bdbcb021cc	හරි එහෙනම්
bdbdd7745c	escape games for kids
bdbe49e702	එයාට මාව ඕන නිසා
bdbebeb30f	තමන්ට පුළුවන් තරමෙන්
bdbed37823	ඔයාලට බොහොම ස්තූතියි
bdbf3f884b	ඔය . . .ස්පිකර්වල . ගැන.
bdbf51de46	මෛත්‍රී කරුණාව සහිත කුසල් සිත්
bdbf6118e8	ada derana sinhala
bdbf91c1d5	ඊට පස්සේ පැනලා යන්න පුළුවන්
bdbff195b1	අද වන විට
bdc0196fb4	මේ තත්වය අප අධ්‍යාපනයේ වෙනසක් ඇති කිරීම සඳහා
bdc1135110	ඇල්ම රහිත වූ සිත මට මහ සතුටක් උපදවා දෙනවා
bdc113e953	උබට ඔය සේරම දේවල් හිතෙන්නේ
bdc177bba1	කෙතරම් විචිත්‍රවත්ව අසූවන වියේ සිය සිරුරේ තත්ත්වය නිරූපණය කර තිබේද?
bdc17f40cd	මේ සඳහා යොදා ගන්නේ
bdc19cb99c	පට්ට එකක් වෙන්නැති
bdc1d461da	පුරුෂයකුට උරුම වන ධනයෙන් භාගයක් පමණි .
bdc2609099	මේවා ගැන වගේ වගක් නැත.
bdc275562d	මේ අය අපාගත වන
bdc2917544	කථා රසයෙන් ලස්සනට ඉදිරිපත් කරලා තියෙනවා
bdc3b81dab	එත් ඔච්චර නිවට වෙන්නේ නැ.
bdc3da865f	පළාත් පාලන ආයතන වලට එරෙහිව
bdc3deced1	එන එන මහේශාක්‍යය දෙවිවරුන්ට
bdc3dfb493	කැලණි සිතුවමින් සිදුවන බව
bdc46e93a3	එහෙම නම් ඔහු ජීවත් වෙලා ඉන්න කාලේ
bdc4bd0022	චෝදනාවක් කිරීමටද නොහැකි වෙනවා.
bdc590b26d	ස්තුතියි සහෝ ලිපිනය මෙය දැන්වීමක්
bdc5aa9957	කියන ස්ථාවරයේ මම ඉන්නවා.
bdc6b4bb45	මහණෙනි,
bdc758fd4a	ගැළපෙනවා කියන්නේ
bdc7dc7191	සොහොයුරාගේ කර මත නැගුණු
bdc83c00fb	උඹ බුද්ධාගමට ගැරහුවත්
bdc86d2461	එතකොට නාථ දෙයියො ඇවිල්ලා කිවුවෙ
bdc9406f95	මෙසේ දිවි පවත්වන්නෙම්
bdca21b81e	මොක උනත් සහෝගේ උත්සහය
bdca4a766d	එතකොට මම ඔවුන්ගේ
bdca6748e2	ලෝකයේ බොහෝ භාෂාවන්ට පරිවර්තනය වී තිබේ.
bdca8d40f5	මේ පැතිවල ව්‍යාප්ත වෙමින් තියනවා.
bdcb9e181c	අලුයම ලූ කෙළ පිඩක් සේ
bdcc516535	ඔබට මෙවැනි අද්භූත සිතුවිලි
bdcc5e6c04	සමාජ සාමාජිකයන් සමඟ
bdcc6c5874	දරුණු පිළිකා රෝගීන්
bdccc2aaee	නියම මාර්ගය මෙසේ පැහැදිලි කර දුන් සේක.
bdccd391c8	සිංහල ජන සංගීතය කෙරෙහි
bdccfffadc	උතුරු මැද පළාතේ කෘෂිකාර්මාන්තය සිදු කරන
bdcd95c8bf	දෙවැනි වරටත් තුන්වැනි වරටත් අගමැතිවරයාට මෙම දැනුම් දීම කළද
bdceda129e	ඒත් භාග්‍යාව
bdcf125f9c	පසුබිමකදී සිදුවන්නේ
bdcf2236b0	එය බිඳීමට
bdcfa88f10	ප්‍රධාන වේ.
bdcfd46e09	අවසානම අවස්‌ථාව වාර්තා කිරීමට
bdd06ab5ee	අපේ ගයන්තයා
bdd10a25bb	මෙවන් පහත් වැඩක් කරන්න
bdd18a4969	හෝටල්වල ගිනි මැල හදනවා.
bdd1d16eb9	ඇතැම් තැනෙක කුසලානය පහත හෙලුව ද සාදය නිමා නොවෙයි.
bdd20728d7	හුදෙක් අගය කිරීමක් පමණි
bdd233a32a	මධුවිත සුවඳ පවා අපට දැනේ.
bdd293c092	කට ඉක්මන් කරගන්න හොද නැහැ කියල.
bdd29574f1	තනිවම කන්න හැදුව
bdd2b8724f	ඔවුන් ආකර්ෂණය වෙන්නේ
bdd2cef6f6	හසන්ත සහෝ උපසිරසට ස්තූතියි එලස්ස්ස්
bdd2de1ef6	උපනතීන් ලෙස හදුන්වන්න කැමතියි.
bdd34f25b6	සමථකරුවා වෙන්ඩ පුළුවන් එකම සමතා තමයි බ්‍රිතාන්‍යය.
bdd3525ed7	ස්වභාවික චක්‍රය බිඳ පස නිසරු වී යා හැකිය.
bdd3e25ee8	යසස් ගෙන් පසු වාරය
bdd3f56a40	ඇත්ත වශයෙන්ම පවතින පොලී අනුපාත නොවේ
bdd40fc585	කතා බස්‌ කරන්න ඕනෑ.
bdd4a5e9a7	ඒත් ගිගුම් කවදාවත්ම
bdd5134ff5	සීනියර් මචං කෙනෙක් කිව්වේ
bdd5591d28	එම ජංගම රථයේ සිටි නිලධාරීන්
bdd582cf7f	සංගීතයක් පැවැතුනයි සොයා ගත් සාක්ෂි නැත්තෙ.
bdd5b97b2f	එයාගෙ මාමගෙ පොඩි අවුලක්
bdd5ba9688	ඔන්න මේක කිවුවාම
bdd60df3ed	මේ සූර්යයා මෙන්ම මවුපියන්ද
bdd61f0fbd	මෙලොවත් පරලොවත් සතුටු වන බව
bdd659ac65	අවස්ථාවාදී වීම අපේක්ෂා කළ නොකළ අයත්
bdd6efc8f0	එකිනෙකා පරයා එදෙසට දුවති.
bdd716dbe8	ග්‍රෙගරි වැව පාරිසරික ආරක්ෂිත ප්‍රදේශයේ සිතියමක්ද පෙන්වා
bdd720c659	lanka news.com
bdd7a24ce2	කළගුණ සැලකීමේ පරමාදර්ශය ක්‍රියාවට
bdd7a31a1e	කුඩා දරුවන්ගේ විනෝද ක්‍රීඩා
bdd802a729	දුෂ්කර ගමනාන්තයකි.
bdd81a0a64	චිත්‍රපටයේ මුහුණුවර වගේම
bdd81e4089	කළ යුතු වෙනවා.
bdd83ec4b5	එය අනෙක් ඇතැම් බැදීම් මෙන්
bdd92cf734	නිවැරැදි යෙදුම් අර්ථ සහිතව
bdd94c867d	ඒ වගේ
bdd96cbccb	අවස්ථා කිහිපයක්ම මරණීය දණ්ඩනයෙන්
bdd997a807	අනාවැකි! වසර සිය දහස් ගනනකට පෙර
bdd9d4343c	හොරු මිනීමරුවො ඉන්න බව
bdda3d972f	අඩි විස්සක් විතර මිසක්
bdda3e05e1	එත් මේ මාරයා දොස්තර කෙනෙක් වෙන්න යනවා
bddaeb9d06	ලාංකිකයන් උපන්ගෙයි සමාජවාදීන් වීමට
bddb0729fb	බීමට නෑමට, සේදීමට
bddb231e83	මදක් නැවතී
bddbd6be61	ගියවර අධ්‍යක්ෂකවරයා වුණේ
bddbe1080f	ගබ්සා කිරීම මොන යහපත් අරමුණකින් සිදුකරනවා
bddc3b10be	ස්වභාවයෙන්ම ලිංගික ක්‍රියාකාරකම් වලට අකමැති
bddc3f25e1	හැබැයි ඒ බස් දෙකේ
bddc7074d4	බුදුරජාණන් වහන්සේ ගැන සිතීමයි.
bddd1a0acd	රණවිරුවන් අපගේ දෑත් බදා ආශීර්වාද ලබාගත් අයුරු
bddd1b8f9f	රතු ඉරට ලඟයි
bddd5ff8f6	ඔබට සුභම සුභ නව වසරක් වේවා
bddd63e91d	ඔය යාළුවො සෙට් උනාම
bdddc56e53	gas cooker
bdddecf8d8	විස්තර වශයෙන් අවබෝධ කර ගැනීමට සමත්ය.
bdddfde468	බොහෝ කල් ගත වි ඇති බවයි.
bdde39ad72	එතකොට මං ඇහුවා
bde0024a5f	එකල ජීවත් වූ අප මුතුන් මිත්තන්ට ඉගැන්නුවා
bde0c87f4a	අරක්ෂක ඇමතිගේ පුතා විවාහව ඇත්තේ
bde11b2a77	මොකක් හරි වැඩක් යෙදෙනවා
bde12a7f26	අධික වැඩ රාජකාරී නිසා
bde12c9c03	එවිට කේන්ද්‍රය යනු
bde1e28bc8	එක පවුලේ සාමාජියින් දක්ෂ වෙන්න ඕන
bde1f3dc15	අඹ පැනය ඇසූ වේලෙහි
bde2075943	ගෙනියන්න හදන්නේ
bde23be429	අපේ කැමැත්තක් නැත.
bde275fb7e	සියලු විවේක ස්ථාන
bde27d4418	බොගේ මයිල් ගස් උන්ට පෙන්නේ
bde2d2f144	තමයි නිතර වැටෙන්නේ.
bde2f338db	එයා කිව්වේ සේනානායක වේරලියද්දගෙන් එයාටත් කරදරයි
bde3015900	සිසේරියන් සැත්කමකින් නවලෝක රෝහලේ
bde3528cd5	tamil girls
bde3d8b963	හාමුදුරුවෝ රුචක මල්ලිලත් එක්ක යවලා
bde50c7925	සත්තුන්ට මොකද වෙන්නේ
bde5d2b76d	මැලිකමක් දක්වන බවත් පැවසෙන අතර
bde657c3b1	සිනමා පටයෙන් දු‍ටු! එයත්
bde671a2a2	මේ කරන සේවය
bde6d731e0	steve jobs sinhala
bde6e4237c	සිංහලත් එක්ක දෙන්න හැකිනම්
bde8fcbe88	ගොඩක් අඩංගු බව පේනවා.
bde92f05cb	බුදුරදුන් වැඩමකළ ස්ථානවලදී
bde9adb2c3	නමුත් උඹ හිතාගෙන ඉන්නේ
bde9bed3f6	අද සමාජයේ හුගක් ඉන්නේ
bde9cbfa25	ඉරේ රැස් හීන් කිරණ වෙලා
bde9f9c880	හිතුමනාපේ අතපය දිග හරින්නට තරම් වත්
bdea76e3eb	රට වැසියන්ට අනුව නම්
bdea81e456	හැබැයි මං මේක කලින් බලලා
bdea8b0eac	රූපවාහිනී තිරයට එකතු වෙන්නේ කොහොමද කියමු?
bdea947b6a	දැන් දකින්න ලැබෙනවා.
bdeb07057f	අනේපිඬු සිටුතුමාට දියණිවරු තුන් දෙනෙක් හිටියා.
bdeb473787	සිංහල සරල ගීතයේ ආස්වාදය මැද
bdeb5e4504	අන්න එතකොට කියනවා
bdeb649851	පංචශීලයෙහි සමාදන් කර
bdeb6e8223	ඇති කරයි.
bdeb991a8c	අසල වැසි යුක්රේනය හා සම්බන්ධ ගැටළුව
bdeba0ad30	එරට වර්තමාන ජනපති ජෙකබ් සුමා විසින්
bdeba4a61b	ඇයි මේ කොහෙවත් ඉන්න නූගත් වැදගැම්මක් නැති මැක්කන්ට
bdebc4974f	බෞද්ධ දර්ශනය තුළ නිරන්තරයෙන් සඳහන් වෙයි.
bdeca15176	එනිසා අන් කවර කලකටත් වඩා
bdecbe69c5	සෝවියට්‌ සමූහාණ්‌ඩුවේ රාජ්‍යයක්
bdece80090	අපි නොදන්න පැත්තක් ඇති නේද?
bdecefbd12	විමුක්තිය ලැබුවකු පිරිනිවන් පාන කල්හි
bdecf0f496	එනිසා එම ක්‍රමය
bdedfa5a4e	ධාතුන් සමඟ ඉන්දියන් රජයෙන් ලැබුණූ
bdee274713	ඔය එක්කෙනෙක් දෙන්නෙක් තමයි
bdee65fdcb	ඉතා විසිතුරු සංස්කෘතික සංදර්ශයක් වශයෙන්
bdef0d9b1c	මානව හිමිකම් කවුන්සලයට සිදු කළ හැක්කේ
bdefd4b806	අනියම් ආකාරයට යෙදුවේ
bdefd92443	එම දානය අසදෘශ මහා දානය
bdf01b0e2b	අර ගහක් වැටිලා මළේ
bdf040d151	ඒකට ඇතුළු වන වාහන.
bdf0537a06	මෙය ගවේෂණාත්මක ඇසකින් බලා
bdf05ca1ce	ගුණවර්ධන මේ චිත්‍රපටිය හෙළා දැකීම පසෙක තබා
bdf0897a1c	අනේ පුතේ මට නම් වුවමනා
bdf0a1f9f0	මමත් මග බලන් ඉන්නවා.
bdf1079352	අපරාදෙ ඇත්තටම ෆිලම් එකේ නම
bdf1476700	තවත් වෙලාවක ලා විරුද්ධ වෙනවා
bdf1c604b1	මෙතන පැය කීයක් වගේ ගත කරන්න පුලුවන් තැනක්ද සහෝ?
bdf2bf95f7	ඒ බව නීති පොත්වල ලියා ඇති මුත්
bdf316d5e0	උඹල කියන්නෙ විෂබීජ යන නිසා කියල
bdf36ce68e	එයා හොයන්නේ එයා
bdf3a97d4c	එතකොට පෙරදිග අපරදිග බැතිමත් සංචාරකයන් ඇදී එන
bdf467cb87	මේ සියලු දෙයින් පෙනී යන්නේ
bdf5347df9	එකී සිදුවීම ආරම්භයේ සිටම ඔවුන් විසින්
bdf5411447	එහෙමනම් මෙවර .කණ්ඩායම
bdf54c34eb	අපි දෙවැනි කොපියත් ගත්ත
bdf6a03817	මෙහෙම එකක් මම නම් කොහෙවත් දැකල නෑ
bdf6a5d6b2	අද ගොඩක් වෙලාවට කරන්නෙ
bdf6da7f57	මහා වංශය ඇතුළු වංශ කතාවල
bdf70e1e17	ඔබට ආපසු ගෙවීමට ඇති
bdf944fc52	මෞරිය රාජ වංශිකයෙකු වූ චන්ද්‍රගුප්තගෙන් පසුව බින්දුසාර ද
bdfa52f159	හරියට කැමති මනමාලියෙගෙන්
bdfa86fe1c	රට පාලනය කරන රජවරුන්ට මෙම නම ලැබුණා.
bdfac26062	සිරගෙහි ලැගීමට ද
bdfb33c61c	ඒත් උඹලට ඒ කිට්ටුවට වත්
bdfb3ae2cf	අපි සසරේ මුලාවෙන ස්වභාවයෙන්
bdfb577611	මිලිදු නාගසේන සංවාදයේදී
bdfb6d6b0e	අපේ සංස්කෘතියට කරන ලොකුම අපහාසයක්.
bdfb9ac993	child walk on toes picture
bdfbb25a1d	බොහොම ස්තූති මෙයා.
bdfd58b932	ඉතිං මට කරන්න දෙයක් නෑ
bdfdbfa178	ගත්තු එකක් නේද?
bdfe35ffc7	මෝඩ ළමයි බියෙන් සැලෙන්නා
bdfea16357	ඒවගේ මූණ ඉස්සරහටම හම්බුවෙන
bdff9034ef	හැබැයි උවමනා දේට පමනක්
