cd003370a5	ගමන්ම ප්‍රගීත්ට කියන්න තියෙන්නෙ
cd00a83dd7	ගුවන් හමුදා කඳවුරකටයි විරෝධතා කරුවන්
cd010af743	මටත් දැනෙන්නෙ
cd0122f4a8	ඒක ඉතින් ඔයාලට
cd020726c4	ඉවත් වෙන්න පමණයි
cd020aceca	ශෂීන්ද්‍ර රාජපක්‍ෂ මහතා විසින්
cd0230fba0	ඈතින් ඉර බැස යන අන්දම
cd02b66f6e	බේස් බෝල් සෙල්ලම් කරන කණ්ඩායමක දරුවන්ද
cd02b8e909	එයාට අයිති තැනට යයිද කියලා?
cd031f7604	අවස්ථා අඩු වෙනකොට තමයි
cd0383cdd1	යහපත හා අයහපත සමඟයි.
cd046a75bd	එකවර ලැබෙන අවස්ථාවක්ද වේ
cd06621fc1	එබැවින් උන්වහන්සේගේ ඉගැන්වීම් ක්‍රම කීපයක්
cd06e41b1b	පන්සල් යන්න තරුණ පිරිස් පුරුදු වුණා
cd07701bac	යෝජිත උතුරු අධිවේගී මාර්ගය
cd08628f75	පුද්ගලයා සසුන් පිළිවෙතට පිවිසීමත්,
cd08889c91	අත්හදා බැලීම සඳහා
cd08bbc1bf	එකී පංතියේ පූර්ණ රැකවරණය වෙනුවෙන්
cd08c7ba1f	අපි අතීතය ගැන අවංක වන
cd09b5f5d5	බුදුරජාණන් වහන්සේ නමක් පහළ වුණ කාරණය තමයි
cd09b7d2ca	පුක්කුසයෙනි ඒ පුරුෂයා හට මේ අදහස ඇතිවූයේ ය.
cd09d1c6b2	ඊට හේතුව එම ගම්මානවල ජනතාව
cd0a1bdbff	ඒත් කියන්ඩ බෑ
cd0a221b2a	එවකට අගමැතිව සිිටි රත්නසිරි වික්‍රමනායක මහතා
cd0a6194cc	කොටි ගැහුවා අම්පාරට
cd0a739cc0	ලොව ක්‍රියාකාරිත්වය නියාම ධර්ම පහක් අනුව සිදුවෙයි.
cd0ac9f689	අප ශාස්තෘන් වහන්සේ තුළ පැවැති ප්‍රබල ගුණයක් වන්නේ
cd0b80a27b	මේ ද්‍රෝහීන්ට යළිත් වරක්
cd0b971bf2	එයින්ම තේරුම් ගැනීමට පුළුවන්
cd0be9e590	ඕන කියල දන්න නිසා තමයි
cd0bfc2662	මෙසේ මරණය සිහිපත් කිරීම
cd0c2117c6	බොහොම රසවත්.
cd0c257202	මූල පණ්ණාසකය සූත්‍ර 50 කින් යුක්ත වේ.
cd0c28dc8d	යන්න පැහැදිලි වේ.
cd0cb14709	යුද්ධයක් නොතිබුණා නම්
cd0d022dc1	එබඳු පැහැදීමක් තිබුනොත්
cd0d14bf63	අපටම වැටහෙන්න පටන් ගන්නවා.
cd0d29e9e6	 ව ලොප් වෙලා.
cd0d71ff4f	ඒත් වැඩියෙන්ම
cd0da4f205	nirosha thalagala
cd0e64c1ad	එනම් පරිගණක ක්‍රිඩාවෙ විරුද්ධවාදියා
cd0eab5e2f	මම අකමැතියි.
cd0ef0ea07	ඔවුනට මම කතා කලෙමි
cd0f146c7a	නමුත් කිසිදු ප්‍රතිඵලයක් නැත.
cd0f235fcf	එවිට රෝගියා පවසා ඇත්තේ
cd0f5f8ac7	මේ රටේ පාර්ලිමේන්තු අමාත්‍යවරයකු ලෙස
cd0f975a61	shop online in sri lanka
cd10165c6d	සිරස ගිනිජාලා අතර
cd104b6bdb	එල අනික්වත් දෙමු
cd1077c158	ඍජු ආර්ය අෂ්ටාංගික මාර්ගය
cd119b3115	මෙම කරුණු විග්‍රහ කර බලන විට
cd11d5d91f	එය බුදු දහම තුළ දී
cd11e40897	බුදුදහමට කැමැති බවයි.
cd127fe933	මෙබදු සුවිශේෂී සත්ත්ව වාසස්ථානයක් මඟහැරීමෙනි
cd1292780f	ඉදිරිපත් කිරීම අවසානයේදී කිව්වා
cd13048312	ඒත් ඇනෝ එන්න
cd1309037b	නොදැන හිටි දේවල් ගොඩක් දැනගත්තා
cd136ba07b	තාත්තට හරක් ටික බේරල දෙනව.
cd13bb3c75	මුළු ලෝකයටම ආලෝකය විහිදෙනවා.
cd13f8c5af	දේවප්‍රිය පවතින
cd1404d480	හැම දෙයක්ම
cd14cc72ed	අවයව අතුරුදහන් වීමට
cd14fcd6d0	මුස්ලිම්ල ඕක පිටින් දාල
cd152a5837	උපසම්පත්තියෙන් වස්
cd153d9268	සෑදේ යැයි උපකල්පනය කර
cd1678d3ad	එවන් පුද්ගලයෝ තම අවශ්‍යතා
cd167a21ab	තිබහට බීමට හෝ ජලය නොමැති වීම
cd17413d9d	අනර්ඝ සිනමා කෘතියක් කිව්වොත් නිවැරදියි
cd1796846f	නර්තනයෙන් පුළුවනි.
cd17ca08d6	අහන්න එපා ! අහන්න එපා
cd1810614b	laptop reviews 2013
cd1815a7c9	ඊළාම් යුද්ධය සඳහා වියදම් කළ මුදල රුපියල් ට්‍රිලියන කි
cd189de56b	නිකන් හිටියා
cd18d7f5bf	බෝධිධර්ම හිමියන්ගෙන් පසු
cd18ec47cc	එක්සත් ජාතික පක්ෂයට හා ශ්‍රී ලංකා නිදහස් පක්ෂය එක්ක
cd1914a33f	දේශනා කරන ලද්දක් නොවේ.
cd191f7b40	දාසිය පිටත් කළා.
cd1a062bf3	ස්වාමීන් වහන්සේලා විමසා සිටියා
cd1a12db2f	විවාදයක් නෑ.
cd1b268fc0	අනෙක් එවාගේ ගතයුත්තක් තිබෙනවා
cd1b99df63	ගෝනි පඩංගු කෑලි රිංගවල
cd1b9f0957	එයාටම බඩගිනි වෙලා
cd1cbd0364	මොහු සමත් වෙන්නේ නැහැ.
cd1ccca95f	පාරේ හෝං ගැහුවත් වාහනේටමය් එන්නේ.
cd1d1c2fe1	සිල්වත් බැවින් මරණින් මතු සුගතියට යති.
cd1d86da60	සිය චෝදනා ප්‍රබල උද්ඝෝෂණාත්මක තලයක
cd1dec0b94	එබැවින් ඔහු ශාප් වෙත
cd1e28306d	මෙහෙම කාලයක් ඉඳලා
cd1e4b70bc	escape games 24
cd1eaa5dbb	මම කියලා
cd1eab04d7	ඒත දෙවියෝ සහ මනුෂ්‍යයෝ
cd1fbfc8d3	ධීවර ජනතාවගේ කටයුතු සහ භූමියේ අයිතිය
cd1fcf4f30	පසුව පොලිසියට හෙළිවී ඇත
cd1fd68750	ස්තූතියි! බොහොම ස්තුතියි
cd200e5e52	බොහෝ ඈතට ගොස් ඇති බව
cd205bd673	මහ මන්දිරේ
cd206e7eeb	ඒකත් හදලාම
cd20aa42e2	යෝධ වළාකුළු පොකුරක් නලියමින් තිබුණි.
cd21192c0c	එහි අගය වටහාගත හැකිවෙයි.
cd21efbc92	දැක ගන්නට පුළුවන
cd22a2ea54	විශාල වනාන්තර ප්‍රමාණයක්
cd22b1824f	බුදුරජාණන් වහන්සේ ප්‍රමුඛ භික්ෂූන් වහන්සේට
cd22b43693	හිතන්නත් පුළුවන්.
cd22d87171	මංමුළා වූ ලෝකයක සිටින අපට
cd234a0f2b	තෙමසකින් නිමාවට පත් කළහ.
cd23ddbe7c	එහෙත් දැන් වෙලා ඇත්තේ
cd24684edf	අපි කතාකල යුත්තේ
cd24b26fd7	හැබැයි පින් කියන්නෙ මොනාද කියලා මුලින් ඉගෙන ගන්න.
cd24dc7d5e	ඊජිප්තුවේ කයිරෝ අගනුවරත් ප්‍රචණ්ඩ උද්ඝෝෂණ
cd250e705f	මෙම ජීව විද්‍යාත්මක කරුණට සාධාරණයක් ඉටු කිරීමටය.
cd257beb4e	අපේ දරුවාට සාධාරණයක් ඉටු වෙනකල්
cd25f10bd4	උන්වහන්සේ බලවත් වේදනාවටත්
cd262f5194	ඒකාලෙ සමහර හාමුදුරුවො වගේම
cd2642381a	බුදුබණ යයි අත්තනෝමතික අදහස් ප්‍රකාශ කරන්නේ නම්
cd2691e4ba	ඇමේසන් වනය තුළ වෙසෙන ජගුවරයා ගස් නැගීමට දිවීමට මෙන්ම පිහිනීමටද සමතෙකි.
cd26a9bd9c	නිවෙස් වලින් පිට වෙනවා.
cd2713666f	වැරැදි සිදුවිය හැකි ය.
cd2765ebe4	මෙය වුවත්
cd27f44251	ඔබ දෙවියන්ගේ ගුණ සිහිකරමින්
cd2869441f	මෙම අම්බලමේ සිට
cd2a153807	එය ප්‍රධාන වශයෙන් තායිවානය, කොරියාව සහ
cd2a511358	හරකා බාන වතුපිටි සම්පූර්ණයෙන්
cd2ae1bc0a	ගැටලු ඇතිවුණා
cd2b2563f3	ඊට ලංවෙන
cd2b42ab21	තම වගකීම් නොපිරිහෙළා ඉටු කරන්නේ.
cd2baee531	පෙම්වතෙක් මුණ ගැසී ඇත
cd2bf1c5d1	වෙන්නෙ නම් නෑ.
cd2c25f01d	ඉතින් පලමුවර ඇයව ප්‍රතික්ෂේප කරනවා.
cd2c391603	පහවී යන බව පෙනී යයි.
cd2c713698	උදාරි පෑන්කේක් කන්න ආසයි
cd2cd2b738	මේ අවාසනාවන්ත තත්ත්වයෙන්
cd2d866c2c	මෙම නැරඹුම් මධ්‍යස්ථානයේ ඉහළට ගොඩ වූ විට අවට පරිසරය සිත් සේ නැරඹිය හැක.
cd2dff977c	මේ ක්‍රමයෙන් රාත්‍රියේ ප්‍රථම යාමයෙහි ම
cd2e0b8071	ධර්මයට තිබූ කැමැත්ත නිසාම
cd2e2fe8e2	ඉංග්‍රීසි දැන් සුද්දගෙ විතරක් නෙවෙයි ජාත්‍යන්තර භාෂාවක්
cd2e6bb3cd	හරිම නිස්කලංකයි.
cd2e6cadd4	බුදුරජාණන් වහන්සේ නමක්
cd2ea0fe65	හොඳම දැනුමෙ කොටසක්.
cd2ed1f494	සුදු කිරීමේ හෝ
cd2f9bf998	ඔහු පුදබිම දියුණු කළේ ය.
cd2fa4e054	එම ගැටලුවේ ස්වභාවය අනුව
cd2fabea63	මෙයට බලපාන්නට ඇති බවට අපට හැඟේ.
cd2ffdcc74	අපි ඒ සඳහා අවශ්‍ය පරීක්ෂණ සිදුකොට
cd3057a79f	ඒත් මේ සියලු අයට
cd305c9eb0	perada dutu desaka
cd30dfed86	පොලිස් නිලධාරීන්ට බැණ වැදී
cd3100fed6	එදින උදේ මා දුමින්ද සිල්වා මහතාගේ නිවසට පැමිණියා
cd3229e3b8	ළදරු වියේ සිට ක්‍රමයෙන් ජරාවට පත්වන
cd332e29ca	හෙට දිනය සුභ දිනයක් වන්නට තිබුණි.
cd338c59d7	සුවහසක් කැපකිරීම් නිසා තමයි
cd33d7d0a4	එනිසාම ලෝක සත්ත්වයා පිළිබඳව
cd344d1187	මොකක් හරි උනහාම
cd345135b9	ආයුෂය, වර්ණය, සැපය, බලය හා ප්‍රඥාව නොඅඩුව හිමිවේ.
cd345e8f96	මේක පිහිටලා තියෙන්න.
cd34693f2b	එසේ වීමට හේතුව කුලය
cd348ce008	ඉන් අනතුරුවයි ගමනාන්තය වන මිලාකකා ප්‍රදේශයට ලඟා වන්නේ
cd34c9218e	සිංහලෙන් අකුරු යද්දි
cd3500d64d	සකස් කරන සැලැසුම් හේතුවෙන්
cd3530fb2b	මොකක්ද එකෙන් වෙන්නේ කියලා
cd3686b438	electronic
cd36aee8e6	recondition cars for sale
cd36d0f9d0	මොකක් හරි අවශ්‍යයතාවයක විතරයි
cd389c3797	රැස් වෙනවා කියන්නේ ඇත්තක්ද?
cd39462b68	උත්සව ශ්‍රීයෙන් සැමරූ බවක්ද
cd3955a5fc	අපේ ගමේ කිසිම කෙනෙකු
cd39815389	එතැන් සිට ජීප් රථයක නංවාගත් ජෙයරත්නම්
cd3a099d08	එම සටන්කාමීත්වය
cd3a0ed9e0	පිට කසා ගැනීම කරගන්නේ.
cd3a7a8d1f	අපහාස කරන්න නේද තහනම්?
cd3a8ee5b8	අනුර බණ්ඩාරනායකත් හිටියා.
cd3ae4302e	සාමාන්‍ය ගිහි ජනයාට
cd3af6888c	සිදුකළ යුතු බැව් කියැවුණි.
cd3b3a8f0b	පෝස්ට් එකක්
cd3b55b1e8	හරියටම පින පව හඳුනාගන්න මිනුම් දණ්ඩක්.
cd3b62c2e7	බෞද්ධයන්ගේ තියෙන ඉවසීම නිවට කමක් කියලා.
cd3b6611c1	එයාල දන්නවා
cd3c0697b1	ඒත් මේ සමාගම
cd3c6e07fe	මොරවක ප්‍රදේශයේ මෙම පදනම මගින් පිහිටුවා තිබෙන
cd3cb71328	නිර්ණය වේ.
cd3cce4c89	ඇති කරගන්න ඕනේ.
cd3d6a9876	මෝඩ මිනිස්සු
cd3d6b1538	එහි පරමාණුක ඒකකය
cd3d9696a0	ඉන්දියන් කාරයින්ගේ වචනවලින්
cd3daa006d	මෙහි විහාර මන්දිරයේ නිර්මාණය කර තිබෙන
cd3e5d3db0	හඳුන්වන්නේ පත්තිරිප්පුවයි.
cd3e94854a	මේ විධියට බුදුරජාණන් වහන්සේ නිසා
cd3e96964b	එහෙත් කිසිවෙකු විශ්ලේෂණය කර
cd3f34f48f	ඒ අම්මාට චතුරාර්ය සත්‍යය ධර්මය දේශනා කරන්නට පටන් ගත්තා.
cd402d0cdc	මටත් කිව්වා
cd41977d69	කිසිම වැඩකට නැති වැඩක්.
cd41c390dc	happy christmas santa
cd41dc07ca	බොහෝවිට මෙය ප්‍රයෝජනයට ගෙන
cd42279e98	එම නිසා මෙම ගැටළුව
cd425dc543	මේ කියවෙන හිමිනම
cd43227824	ඔන්න බා ගත්තා
cd439f16fb	අවශ්‍ය වෙර වීරිය ලැබෙනු ඇත.
cd44045c6d	ඔබෙත් සැමියාගෙත්
cd4530afaf	තවමත් ඉස්සර තරමටම ඉන්නවා කියලා
cd457c97a6	එනිසා ඒ ආර්ය සත්‍ය
cd45f3002b	දැනගන්න ආස කතාන්දරෙ ලස්සනයි අයියෙ
cd46049290	අනතුරුව පොලීසිය විසින් කරන ලද ප්‍රශ්ණ කිරීම්වලදී
cd46c45404	අද අපේ රට ලබා ඇති දියුණුව
cd47184a02	අපරාධකරු බිහිකල සමාජයයි
cd472ac65a	ඔක්කොම රසායනික වල්නාශක දැන් නිදහස් කරන්නද
cd473406f7	වටිනාකම තේරුම් නොගෙන කටයුතු කරති.
cd4769b75f	භෞතික සම්පත් තිබීම
cd4798f753	වෙනම තාලයකට ගීතිකා ගයන
cd47af6f36	අපේ ගෙදර වලට හැදෙනව
cd4896cb2b	හරවා ගැසීම
cd48ba75e8	පුතාව බලන්න?
cd490dc6ec	ඇට් කළා වෙන්නත් පුළුවන්
cd49535a93	දකුණුපළාත් සභා මන්ත්‍රී විජේපාල හෙට්ටිආරච්චි මහතා
cd49d1836d	පොත් කියවලා තියෙන හින්දා
cd4a160264	මුහුදු රැළි අතරේ මංකොල්ලකරුවෝ සැඟවී සිටියහ.
cd4a36c8de	මම ඒක පොඩ්ඩක් වෙනස් කරල
cd4a758177	ඒත් බටහිර හා ඉන්දියාවේ සංගීතය
cd4a7b61cd	අපි දන්නවා ඉකුත් මාසය පුරාවටම
cd4ab09481	නව රැකියා අවස්‌ථා උදාකර ගනී.
cd4b1e720d	ඊට පස්සේ මමත් ඇස්වහ කටවහ දුරු කරලා
cd4b234dd6	මොකක්ද මේ අලුත් කලාව කියලා.
cd4b300fb3	මෙම පුදබිම පිහිටා ඇත්තේ
cd4be7c07a	හරිම ලේසියෙන් රවට්ටන්න පුළුවන් එකක්
cd4c09f21a	නව්‍ය ඇසක් යොමු කරයි.
cd4c19db6d	හෙළ අටුවා පාළි භාෂාවට නැගූ නිසාවෙනි
cd4ccb0b42	වර්තමාන පකිස්තානය ප්‍රදේශය
cd4cdb8c39	අඩුව තිබෙන්නෙ මිනිස්සු හිතන විදිහේ මිසක් විද්‍යාවේ නෙමේ
cd4d69eca3	එවැනි කිසිවක් සිදුව නැත
cd4da16927	අහිංසක මිනිස්සු මේක හින්ද
cd4de9515a	අතිශය සුන්දර සිහිවටනයක්
cd4e1d3c33	ඒ කියනකම් මමත් දන්නේ නෑ.
cd4eece48f	ලෝකයේ යථා ස්වභාවය නම්
cd4f17f912	කැලණි විහාර නව බිතුසිතුවම් තුළ මුසුවන්නේ එබැවිනි.
cd4fb0a571	ලෝකෝත්තර මාර්ග සිත් 04 යි.
cd4fc3d765	picasso
cd50078fd6	කල්පනා කරන්න
cd506ed25c	අර තැඹිලි පාට පුංචි සමනළයන්ට.
cd50cc20aa	ඊට යටිපෙළ අරුතක් එකතු වන්න
cd50fc04cb	මේ වසරේ අඩපණව පැවති ඔබගේ ඉපැයීම් මාර්ග
cd529c54a1	යෙදෙන්නට ඇත.
cd52a2bead	අද අපට සිදුව ඇත්තේ
cd52b06886	පටන් ගැනීමට නිසා
cd52c183c3	බෝසතාණන් වහන්සේ උඩුගං බලා පා කර හැරිය පාත්‍රය,
cd53d01267	මෙහිදී ගන්ධබ්බ යන වචනයෙහිද
cd542cc826	සර්පයා පණ ගසා දමා මා වෙත බඩගෑවේය.
cd5443a4aa	ජාතික උත්සවය වශයෙන්
cd54b4e30c	ත්‍රිපිටකගත ධර්මයත්
cd54c269aa	රජ වුවොත් ක්‍ෂත්‍රිය කුමාරවරු පිරිවරාගෙන හැසිරේ.
cd5567dcc0	girl lanka
cd55d6c581	සතර මහා ධාතූන්ගෙනි.
cd56a3adcd	දේව විශ්වාසයද එබඳුය.
cd56a7ee4c	ගිනි පුපුර නොපෙනුනත් අත පිළිස්සෙයි.
cd56c2bc6e	මැනවින් ඇය තුළ තිබිය යුතුය.
cd576ee5ab	මේ පැත්තේ ඇවිත් ගියා
cd57a95d81	කවුද මෙය කරන්නේ?
cd5806c02e	එය ඉවහල් වේවි.
cd58275d10	එවිට භික්‍ෂූහු පිළිතුරු දෙමින් පවසා සිටියේ
cd582911f6	අපි නෑයොද මන්දා .
cd588529bd	උන් හිතන විදිහ හරි
cd59265792	මග ඇරුනු චිත්‍රපටියක් අරං ඇවිත්
cd5933c08c	නමුත් මේ ලියන්නො කියන්නෙ
cd5964f22a	පෙන්වන්නෙ නෑ.
cd59ba16df	ඔය ටීවී එකේ කියන විදිහට
cd5a7635de	political cartoons of the week
cd5aafdeda	අර ඇනෝ කියන
cd5b0bace6	මේක වර්ග කරලා තියෙන්නේ
cd5b34437e	ආනන්දයෙනි කලින් ම මා විසින් මෙය නොකියන ලද්දේ ද?
cd5b94c248	පරිපූර්ණව අවබෝධ කිරීම.
cd5c05bdf4	වුවමනාවක් තමිල්නාඩු මහ ඇමතිනියට
cd5c45e897	අවධානය යොමු කරගන්න
cd5d2ca1da	පහන් ආලෝකය වූ දොළොස්මහේ පහනයි.
cd5d3991fb	ඒ වෙහෙස වටිනවා කියා සිතෙනවා.
cd5d526a92	බුදුන් වහන්සේගේ ධර්මයෙහි
cd5d69fed9	ඉස්සර මගේ බර තිබුණේ කිලෝ ග්‍රෑම් පනස් නවයයි
cd5e279559	නමුත් එහි පිටුපස
cd5e43192a	බුදුරදුන්ට හෙළිකළේය.
cd5e8535a5	එක්කෝ සත්‍යයි
cd5f4c1481	අතීතයේ රජකළ දැවැන්තයෝ නැවතත් මිහිමත ඇවිදීවිද?
cd5f8dbdaf	මෙම එක්වීම පසුව යුරෝපය එකම කලාපයක්
cd5f96385e	කට්ටියටම බාගෙන බලන්න කියල.නියමයි.
cd5fa25152	මොකද අපි අනික් වැඩත් එක්කම
cd5fcd5378	අර පැය දෙකෙන් සබ් දෙනව කියල
cd60623d69	කල්පවලින් පවා දැක්වෙනවා.
cd609431b9	ජන්තු කියන ගමට පිණ්ඩපාතේ වැඩියා
cd6178c801	මොකද මම වෘත්තියෙන් රංගන ශිල්පිනියක් නිසා.
cd61e1b468	එය දයාව කරුණා ගුණයෙන්
cd627e72fc	ඇය දෙසැම්බර් මාසේ මම දැක්කා
cd634fe346	මටනම් හැගෙන්නේ.
cd6388da44	ඇය රූපවත්.
cd638ee02c	එවගේම හානා කැමැත්තෙන් ඉන්න
cd63fa4ca9	මේ සිදුවීම තමා මුල් වෙන්නෙ.
cd64230876	ඊට සවන් දීම ඇත්තටම ආශ්චර්යයක් නොවේද?
cd64d73073	පොළොන්නරු යුගයේ
cd64f49314	ඇමතුමක් ලබා ගත්තේය.
cd65594c0f	විද්‍යාත්මක දර්ශනයක් වූ බුදුදහම
cd6585bba7	මෙම කරුණු විස්තර වශයෙන්
cd65a74ee9	cardboard house pic for kids
cd66a2422f	හරියටම හරි ගිහිල්ල
cd66ad9f0e	උන් තමා
cd66bfd94a	තම ගෙමිදුලෙහි සතුන් සඳහා පැන් භාජනයක් තැබුවේ ය.
cd66c0cce8	අනුකම්පාවක් ගැබ්ව ඇතැයි තිස්සට හිතුණේය
cd66c26973	ඉතින් ඒ බුදුරජාණන් වහන්සේගේ ශ්‍රාවකයන් වහන්සේලා
cd676bb9ec	මේ උපාසකතුමා එක් උපායක් යෙදුවා.
cd67a7e3d6	අයියෝ ආ නියමයි නියමයි
cd67d0f9c1	නටබුන් සහිත විශාල විහාර
cd68576c82	madusha mayadunne
cd69addd6b	මාත් අදාල නැති කමෙන්ට් එකක් දාන්නම්
cd69b9d273	සිය පෙම්වතියත් සමග රවුමක් යමින් සිටිය
cd69cd48fc	බ්‍රහ්ම පිරිස වෙත එළඹුණු වග විශේෂයෙන් දනිමි.
cd6a21e8d8	පිටසක්වලයෝ වගේ පෙනුනට
cd6a5030e4	ශක්තිය ලැබේවා
cd6a79f09f	එකල සිටි අන්‍ය තීර්ථකයෝද
cd6a936c1f	සුදු ඔයා මට ආදරේද
cd6b181159	මවක් පමණක් නොව
cd6b2041c8	තණකොළ නොකෑ පළියට
cd6b738947	හිටපන් ඩෝ!
cd6c036a13	ඔයාලම බලා ගන්නකෝ
cd6c24d4a7	බොහෝ ආනිසංස ගෙනදෙන,
cd6c5b7207	තුවාල ලැබූ එක්‌ දරුවෙක්
cd6d092351	සිතුවම් දැක්ම නූතනයට වැදගත් වන්නේ
cd6d822f5c	අඩුලුහුඬුකම් සහ අතුරුසිදුරු ගොන්නකින්
cd6da47344	ශුද්ධ මාගධී භාෂාවෙන් තිබූ ධර්ම විනය
cd6dcbd812	අපට වෙන කිසිදු මාධ්‍යකින්
cd6ddd4415	ඒ ශාසනය පවතින්නේත්
cd6e836f19	මෙවැනි සුන්දර නිමවුමක් රටට දායාද කරපු එක ගැන බොහොම ස්තුතියි
cd6f4fd75a	මේ කියන ධර්ම අට
cd6f6d1e07	බොහොම ස්තුතියි විරාජ්
cd6fed0fd9	පෙනෙන්නට තිබෙන්නේ.
cd6ffdfa39	කැසිනෝ අයින් කරලා තියෙනවා කියලා.
cd70069d4f	අපි සංස්කෘතිය කියලා
cd70320266	කතා කොරන්න වෙනවා.
cd70ac48b8	ආරම්භ කරන ලදී.
cd71139d24	සෑහෙන්න ලොකු බලාපොරොත්තුවක්.
cd71504f9e	මේ කරුණු පහකින් යුක්ත
cd71d29479	ඉතින් මට මොකෝ
cd72a6de7c	ඔබ විශ්වාස කරනවද?
cd72baaaab	බුදුරජාණන් වහන්සේ
cd732e71be	සරලව ඉන්නවා
cd73641af5	එය තීරණය වෙන්නේ,
cd736bc6e7	අන්තිමට අහල තිබුන
cd737f0524	ඒත් කථාව අවසානයේ
cd73efbd9a	එසේ හෙයින් ඔහුගේ පක්ෂපාතීත්වයක් ඇත
cd73fed0d3	ඔක්කොම එක හුස්මට කියෙව්වා
cd7411d626	කවර සුවඳක්ද
cd74600b6e	අනාවරනය වෙනවා
cd75ec195b	භාවිතා කිරීමෙන්
cd766bd44f	පිට වෙන දොර දක්වාම
cd7698fd68	අනාගතයේ ඔබ
cd76af9fb0	new york and company
cd76ec52dc	මේ දවසේ දෛනික වැඩපිළිවෙළ නතර කර
cd771812c2	මානව වර්ගයා ස්වකීය සම්ප්‍රදාය බිඳිමින්
cd772f1b1c	ඊට පස්සේ රම්බෝ ආපහු නඟරයට යනකොට
cd7751c083	ප්‍රගුණ කටයුතු මාර්ගය ආර්ය මාර්ගයයි.
cd77b94cb0	මෙම ශිල්පිනියන් දෙදෙනා
cd77e6be68	sri lanka upeksha swarnamali
cd78176680	ඉන්දියාවේ ඉදිවී ඇති සුවිසල් හින්දු දේවමන්දිර
cd788f156f	මුළු හිතින්ම පැන නගින
cd78e568bc	දශරථ ජාතකය මේ සඳහා
cd791d3b79	ඔට්ටු අල්ලන්නන් සමඟ
cd797382db	මෙසේ සඳහන්වෙයි
cd7a1a5cce	යහතින් ගෙදර යනවා.
cd7a212c7e	වැල්ලවායගේ පිපෙන මල් නාට්‍යයේ රඟපානවා
cd7aabf123	බෞද්ධ දර්ශනය කර්ම නමින් හඳුන්වන්නේ
cd7c13b16e	නමුත් ඇය සිය නව පෙම්වතා
cd7c3053ba	කොපමණ භික්‍ෂූන් වහන්සේලා සිටිය යුතු ද?
cd7c46d527	මෙම දෙදෙනාම මීට පෙර විවාහවී සිටි අයවළුන් වන අතර මේ වන විට එම විවාහ ජීවිතයන් නීත්‍යානුකූලව අහවර කරගෙන ඇත.
cd7c6aa923	හම්බන්තොට මත්තල ගුවන් තොටුපල හරහා
cd7c803fc8	අපේ සංස්කෘතික අමාත්‍යාංශයයි රාජ්‍ය නාට්‍ය අනු මණ්ඩලයයි
cd7ca19a41	ඔයා කරන දේ කරන්නකෝ කියලා
cd7cabad6f	මාවිත්තර ගින්න පැතිරේ
cd7cd1cf3b	දිනය පුරා මල් දන්සැල් ක්‍රියාත්මකව පවතී
cd7d1d2752	ඉතා සුබ අනාගතයක්
cd7d4f7ee5	එම අවිද්‍යා සහගත සංඥාව නිසා
cd7db7348a	බොහෝ දෙනෙක් දන්නෙ නැහැ.
cd7e787fb9	දින විස්සක් රෝහලේ සිටියා.
cd7eda3a56	android
cd7f3f8ad7	ධර්මය ආප්තය වශයෙන් සළකා
cd7f86594a	එක්සත් ජනතා නිදහස් සන්‍ධානයේ මන්ත්‍රී අරුන්දික ප්‍රනාන්දු මහතා
cd80284d91	තමන්ගෙ තොප්පිය රතු කියල කිව්වා.
cd813a6b46	ගස් වැල් සල්ලි දුන්නද කියලා.
cd81b54c22	ගුවන් යානා අනතුරක් නිසා
cd821ae81d	ඒ මොහොතෙදි මුළු මහත් විශ්වයම එක්වෙලා
cd8305d500	ඒකයි ඒ කාලේ
cd83500dfa	බහුතරයක් තියෙන්නේ ආකෘති.
cd835fcca2	මා දී ඇති තුන්වැනි පැහැදිලි කිරීම බලන්න.
cd839ad466	අනේ මන්ද
cd83e27dae	ගෑණු ඇනකොන්ඩා පිිරිමි ඇනකොන්ඩා ආහාරයට
cd83f54896	වරෙන්කො බලන්න
cd84cff732	පියගැට පෙළින් උඩුමහලට පිවිසිය හැක්කේ
cd856a7059	චන්ද්‍රතිලක මහතා
cd85999a8f	රුවන්වැලි සෑය හදපු තාක්‍ෂණය
cd8671b94b	පාවීමට පටන් ගත්තා.
cd867af62c	බොහොම අගේ ඇති ලියුමක්.
cd870a4c36	මෙම ක‍ාර්යය තවත් ඉදිරියට
cd873c0548	ඒක අමුතුම චිත්‍රපටියක් බවට පත්වෙනවා
cd8793857a	සුබ පැතුම් වෙලාව තියෙනවනම්
cd879a0987	එතෙන්දි පුංචි වෝරන් වර්තින්ටන් එයා විපරිතයෙක් කියලා
cd885418ea	තේරුම් ගන්න අමාරු එකක්
cd89035737	එය නැතිකර ගත්තේ
cd89ca871f	සමරු ගී රචනයෙහිලා දක්වන්නේ
cd89db0cb5	අචිනි ඉතා හොඳ දැනුවත් කිරීමක්
cd8a0a56bc	එම ලිපියේ සඳහන්ව තිබුණේ
cd8ac6420c	රඟමින් ගත කළ මොහොත
cd8bddad04	ඔබට මේ බදු නිර්මාණ අපවෙත ගෙන එනවාට
cd8c0dc369	දම්සක් පැවැතුම් සූත්‍රය දේශනා කරමින්
cd8c2237d2	ආසාවෙන් කියවීමට අපහසුවක් හෝ
cd8d59cf73	මම ඒවා කතා කරන්න කැමති නැ.
cd8e1ea1ca	අපේ රජතුමාගේ උපදේශකයෙක්
cd8e34e855	විවිධ ශබ්ද උදව්වෙන්
cd8e8d40a8	උස්සගෙන ගෙදර යන්න
cd8ea73c69	එබැවින් වැරැදි නොකරන
cd8f062a08	පුලුවන් ප්‍රදේශවල
cd8f60f926	මේකට වුවමනා කරන ආකාරයට
cd8f8d1490	වසරෙන් පස්සේ
cd8f920aab	අන්තිමට ඔහු ඒ දෙයින් ලොකු ගානක් හොයාගන්නවා.
cd8fdcb237	ඊට පස්සේ දැන් ඔන්න බුදුරජාණන් වහන්සේගේ ශ්‍රාවකයන්
cd8fee00ec	අන් අයට විවිධ බාධක පමුණුවමින්
cd8ff15a46	ඔතෙන්ට එන්නේ නෑ.
cd918c9d04	එක එක කාමර එක එක කාර්යයන්ට යොදා ගන්නෙත් ඒක නිසා
cd91c655e4	අල්ල ගන්න එපා හොදේ.
cd91ca9ade	ඔප්පු කරලා පෙන්වනවා.
cd91f1aebb	උත්සව ස්වරූපයෙන් පමණක්
cd924ee216	එයා ගැන බය නැහැ
cd9254a93c	නමුත් මාර්ග සංවර්ධන අධිකාරියට කිසිම මුදලක් ගෙව්වේ නැහැ.
cd925d7148	මත්ද්‍රව්‍ය හා දුම්වැටි තමයි.
cd927c864e	ඩොලර් දශලක්ෂ ගණනාවක්
cd92822e8e	ලක්විය හැකි දවසකි.
cd93207a5e	ඔය කමෙන්ටු දෙකම මා හොයා ගත්තේ
cd932ba317	එයා වගේම මමත් ගෙවල්වල ළමයි බලලා
cd93318b3d	සාමාන්‍ය මී මැස්සා මෙන්
cd9360c5be	මේ විධියට වේල් තුනෙන් ම බත් පිඬු පහළොවක් අඩුවේ.
cd93b20a80	ඊයේ රාත්‍රියේ සිට වහාම ක්‍රියාත්මක වන පරිදි
cd9446ab47	අපි ඒ වැරදි කිය කිය
cd945a7178	ඇතුළු වර්ග ක්ය.
cd9462e13c	miss world
cd94afec29	නලින් පරෝපා සහ අපේ කාලෝ ප්රෝපා
cd94de9c8c	එය කොටස් තුනක් ලෙස
cd94f1a1f3	එසේ බැඳෙන ගැහැණිය හා මිනිසා අතර
cd9525cb51	මේක මගේ පළවෙනි වැඩේනේ
cd958594e5	ඒත් අන්තිමේ
cd961704c4	නොදනිති නෙ
cd967f942f	එසේ උසස් මට්ටමට වර්ධනය වූ
cd9680548f	දැන් ඒව හදල කියල.
cd96c9aefd	එහෙත් අවුරුද්ද යනු මෙයද
cd96e86d75	බුදුන් කියලා නැහැ කොහෙවත්
cd9761bb18	සතුන්ට තදින් බලපායි.
cd982fb152	අර කහ පාට බාම් එක
cd9a688f46	ඒක ඔයාගේ බ්ලොග් එක
cd9aed40ec	එතකොට මෙයාට බැලුම් නෝනා කෙනෙක් නැද්ද?
cd9af7707a	මට එදා මෙන් අද ද මතකය
cd9bb447fa	වර්තමාන මනුස්සයා මේ ජීවිතයේදී
cd9c0c614c	කතාව අහල ඇතිනේ
cd9c615aa7	ඒක හින්ද තමයි
cd9cb457d2	මහත්තයෝ ඔබතුමාගේ යෝජනාවට
cd9cbf73b0	එයින් නිදහස් වන අවස්ථා ලෙස
cd9ddf3850	ලෝකයේ විශ්මිත නිර්මාණ සතුන් අනුරූ සහ
cd9e037bf4	චක්‍ර ටෙලි නාට්‍යයේ
cd9e451070	ඇය විසින් කතරගම දෙවියන්ට පවසා
cd9f073b19	එකට කෑවත් බොක්ක වෙනස් කියන්නෙ කටකහනවට නෙමෙයිනේ
cd9f3a9840	ගෙදර විශාල ජනතාවක්
cd9f6b9498	අනෙකුන්ට විරුද්ධව චෝදනා ඉදිරිපත් කර
cd9ff7b459	බෝධීන් වහන්සේගෙන් නව අංකුරයක් හට ගත්තේ ය.
cda001755a	කියල පතන්නම් මල්ලි
cda06a29cb	එයින් සිදු වන්නේ මෙම විශ්ව සාධාරණ අත්දැකීම
cda078e2c3	භික්‍ෂූන් වහන්සේ නමක් මුල්කොට ගෙනය.
cda0ba6fbb	අතුරු කතාවක් තියෙනවා
cda0c319d8	උමං පිළිබඳ විවිධ කතිකාවන් පවතී
cda0d5f3f1	වෙනම කෙනෙක් ඉන්නව.
cda13ce6de	සමාව ඉල්ලනව.
cda161a436	රෑ එළිවෙනතුරු ගුවන් විදුලියේ විකාශය වීමට සලස්වා
cda28cd868	ගොඩක් වැදගත් දේවල්
cda2f9643f	මෙසේ ඉදිරිපත් කරන්නට විය
cda306beff	දක්වනලද අදහස් ඔස්සේ
cda33e206f	අද බෙහෙත් කියල සලකන දේ
cda340b5a2	හැපි ෆේස් ආයෙත් එනවා
cda364ce18	ගාමිණී ෆොන්සේකාගේ සිට
cda395a8d6	එහෙම වෙඩි තියා ගත්තේ තුවාල වුණාම රෝහලකට යවයි කියලා හිතලා.
cda3bbef0e	තවත් ලස්සන වෙන්නෙ කොයි වගේ භික්ෂුවකගෙන් ද?
cda3c72d2e	එක් චිත්‍රපටයක රූගතකිරීම්වලට මේ දවස්වල සහභාගිවෙලා ඉන්නෙ
cda46ce0ae	new year wish
cda47647a7	ඊට අමතරව කොළඹ විශ්වවිද්‍යාලය
cda4d2a64c	අතිරික්ත වටිනාකම යනු
cda4e8119a	අද තරඟයේ දෙවන දිනයයි
cda4fd68c2	ඔබට ලබා ගන්න පුළුවන්.
cda541831b	බුද්ධ ශාසනයේ හැර ලෝකයේ අන් කිසිම
cda5b6841f	අපේ බස් රේඩියෝ එක අහන්න
cda6200d7c	උපේක්‍ෂා සහගත සිතක් ඇති කරගත හැකිය.
cda6418015	නඩු කියලා ජය ගත්තා.
cda6480ff9	තමා පරාජිත පෙම්වතෙක් නොව
cda7622485	ගම්වල මිනිස්සු වැඩි පිරිසක්
cda7a595e6	මේකේ කතා තේමාව.
cda7be4c5f	එබඳු සිත අරමුණෙන් අරමුණට පැන පැන
cda8a26eb5	මන්දැයි නොදනිමි.
cda8c660a2	මේ චිත්‍රපටයට පාදක වන්නේ
cda8ebd272	dairy products pictures
cda9414342	මොකද මම රංගනයට පුදුම තරම් ආදරේ කරන කෙනෙක්.
cda99613e6	දුක නැති කර ගැනීමයි.
cdaae0af76	නමුත් මේ සූදු ව්‍යාපාරයත් සමග
cdac2104ba	සාංසාරික බැඳීමකි.
cdac32d089	අසත්‍ය අද්භූත දේ දේශනා නොකරති.
cdaca12990	ඇය සිටි අත්තට බර දුන් කහ කුරුල්ලා
cdaca318a4	මෙය සාදා ඇත්තේ
cdad3ce5a8	නොර්වේ ප්‍රකාශයන්ට කලින් ඇයි උන් ඇමෙරිකාවට පැන්නේ?
cdada3c2c8	ඉදිරියටත් විය හැකි බව
cdadf9854e	ඍජුවම දක්වන ප්‍රතිචාරය අත්විඳින.
cdae0eedc9	උත්තරේ බින්දුව වෙනවා වගේ.
cdae7becae	සාදය සඳහා
cdae93689b	මේ තත්ත්වය උග්‍ර කරනවා.
cdaed8cb43	පින් රැස්කර ගැනීම සඳහා
cdaee5281a	මෙහිදී මා පැහැදිලි කරන්නේ
cdaf19a935	එය සතු තැනැත්තා වෙතින් උදුරාගෙන
cdaf44f684	තම ආගම වෙනස් කිරීමේ දී
cdafaa3fbf	වැඩපිළිවෙලක් අවශ්‍ය අතර
cdafd35f66	එම අකුසල මූලය
cdafef95ce	සාර්ථකව ජීවිතේ සොදුරුබව විඳිමින් ජීවිතය ගෙවනවා.
cdaff71e77	මවට සහ පියාට පැවරී ඇති
cdafff0667	බුදුරජාණන් වහන්සේ අඳුනගත්තා
cdb1684f8f	මේ ලෝකයට මුණගැහෙන්නේ කළාතුරකින්.
cdb2b4bad2	මේ සයිට් එකෙන්
cdb2b61fdb	යොදානොගැනෙන අතර
cdb36c531d	මොකද මම හැමවිටම උත්සහ කරන්නෙ
cdb3b70460	වෙන එක නැවක් එනවද කියලා
cdb3c30789	මේ දරුවාගේ ඇඟිල්ලෙන් වැගිරෙන කිරිවලින් තමයි
cdb3dc68ab	වෙනස්ම වෙනස්.
cdb404c788	සිදුවන මානසික කඩාවැටීම
cdb4892b6f	ඒකෙ සැගවුණු අදුරු රහස් කොයිවගේද?
cdb4af9fad	දැන ගැනීමට තිබුන එකම මග
cdb55f817f	ඉතා ගැඹුරින් අධ්‍යයනය කිරිමේදී
cdb5b58f92	ඉන්න ආකාරය ඔබට දැක ගන්න පුළුවන්
cdb5f126db	බුද්ධිය යට කරගෙන
cdb6792937	රටවැසියන්ගේ සිත් සුවපත් කිරීමට මුනිවරයෙකුගේ අවශ්‍යතාව තදින්ම තිබුණි.
cdb69be819	මගේ එක දෙන්නම්
cdb77bda7a	වෙල්කම් බැක්
cdb780af12	අරන් ආපු දේ ගැන කතා කරමු.
cdb805fd0e	එහා මෙහා මාරු වෙන්න පුළුවන්.
cdb8b2b533	මවුගුණයක් ලෙස ආරක්ෂා කළ යුතුය
cdb97f411b	ඒකයි බොලං මෙච්චර කුණු කතා අහගෙන
cdba3dc14f	එතුමා ඔය ප්‍රශ්නයම මගෙන් අහන කොට මම කිව්වා
cdba864d64	එක නිසාකරද්දී පරිස්සම් වෙන්න ඕන
cdbac89bb2	ආලෝක්වත් වූයේ
cdbaf66ef7	උන්ට පිටරටින් බෙහෙත් ටික නාවොත් ඔක්කොම ඉවරයි
cdbb1d0049	අප්‍රිකානු සංගීතය ගැන
cdbbd5e829	වෙනස් දීශාවකට ඈඳෙයි
cdbbe48fb6	සජීවී ලෙස ඉදිරිපත් කරන ලෙස
cdbc1ae905	ගුවන් තොටුපළේ සිදු වූ ප්‍රමාදය
cdbc5155c6	තාත්තා දූවිලි නැති පරිසරයක ඉන්න
cdbd8d990c	ගසාගෙන කන වෙලාවක
cdbd98f4f5	පිඟානකට අයින් කළා
cdbda93487	මොවුන් වෙත බුදුරජාණන් වහන්සේ වැඩියහ.
cdbe1d2392	එතරම් දරුණු නැහැ
cdbe6b5ec9	තමයි උත්සහ කරන්නේ.
cdbea2e52f	ඒ අනුසාරයෙන් අපි චිත්තරූප, මවාගෙන සිටිමු.
cdbeef15e4	ඇස කණ නාසය දිව කය මන කියන
cdbfb74670	අභිධර්මය පහදා දීමේ
cdbfde149d	කතා බැහැ අහන්න
cdbfded635	සාකච්ඡාව පැවැත්වෙමින් තිබු
cdbfe0ffef	අව්වේ ඇවිදින මිනිසා
cdc0137b40	ඔය වන් ෂොට් හිටියලු
cdc0789522	ඔබට අපේ උත්තමාචාරය
cdc07af1c8	බුදුන් වහන්සේගේ දකුණු දළදා වහන්සේ වීම
cdc086ae81	නිගා කරන්න කාටවත් බැහැ.
cdc0a04970	ඔයාලා මෙ කොටස බලලම දැන ගන්න
cdc0cdb459	හෙළාදැකීම තබා
cdc23f1a60	මේ විදිහට විනාශ කරනතුරු
cdc293228d	ඉන්දියානු රුපියල් කෝටි ක වියදමක් දරලා
cdc2eb767c	එකට ජීවත් වෙනවා කියන්න බෑ.
cdc3372e29	අපේ ජාතික ගීය
cdc351c7c6	දිගටම දෙන බවත්
cdc3a4be2c	එතැනට පිවිසෙන ගවේෂකයාට
cdc3b7e30a	බුලත් කොළයේ නැට්ට පැත්ත සුබ කටයුත්තකදී නම්
cdc473053b	ඉදිවෙන්න ඕනෑ.
cdc4c5e94c	ලැබීම කල නොහැක්කක්
cdc4d91c3a	අද්භූත බලයන් පවත්නා බව
cdc4e7da42	ඒත් ශ්‍රී ලංකාවේ ආණ්ඩුව
cdc53c824e	එකෙනුත් ජාතිවාදීන්ගෙනුත් අපට අහන්න තියෙන ප්‍රශ්ණ වැලම තමයි
cdc5b778dc	මෙම සිව් මහා දේවාලවල පෙරහරට
cdc630aeb5	එක් උවැසියක් වහා වෑංජනය අඩංගු බඳුන ඩැහැගත්තාය
cdc6cdea8b	රාත්‍රී සිදුවන වස් ඇරීමේ කටයුත්ත අවසන් කිරීමෙන් පසු
cdc702e752	මේ තැටිය රසිකයනට ලබාගන්න පුළුවන්
cdc72541bc	ඝාතනය සම්බන්ධයෙන්
cdc75119c0	බෞද්ධයන් වශයෙන් අප විමසිලිමත් විය යුතුයි.
cdc7ed0f29	ඇතමෙක් හඳුන්වති.
cdc84a3994	කුලය හා සම්භවය දක්වන නාම පුවරුද
cdc8514e26	ශ්‍රී දළදා මාලිගාවේ මහ වහල්කඩ අබියසින්
cdc861428c	සුරංගා රූපයෙන් වෙනස් නොවී ඉන්නේ කොහොමද?
cdc8acf5bb	හරි යන්නේ නෑ
cdc8afea16	windows xp service pack 3 iso
cdc942846b	යට ඇඳුම් ඇඟලුම් කර්මාන්ත හිමියන්ගෙ සංගමයෙන්.
cdc9b1df85	එතුමා මම ඉන්න පන්සලට ආවොත්
cdc9b6f23f	අස්ගිරි විහාරයේ දැකුම්කලූ මෝස්තරයන්ගෙන්
cdca0e8321	අමා නිවන් දොරේ හැපී සිටින
cdcb4cd916	අපේ බලාපොරොත්තුව
cdcc357d00	කෙසේ ඡන්දය නම් දෙන්නද?
cdcc3c7ea4	එක බොහොම පැහැදිලි දෙයක්
cdcce1d883	මට ඒ හොඳටෝම ඇති.
cdccf2170c	ඔබේ කතන්දර කියවා
cdcdd9d100	කවුරුත් දන්නෙ නැහැ
cdce8a68b6	බුද්ධාගම හා සාහිත්‍ය කලාව
cdd0fcdbf9	මේ නිසා විහාරස්ථාන කුරහන් ගලක් තිබෙනවා දැකීමෙන්
cdd17862e9	පහසුවෙන් උගත හැකි වේ.
cdd1a340f1	අපි කිසිකෙනෙක් නැගිටින්නෙ නෑ
cdd1cd81f8	දස අත විසිර තිබූ අතර
cdd1db7616	ඉන්දියාවෙන් ඇතැම් පිරිස් පැමිණි බව
cdd2084552	බීජ වශයෙන් ගන්න පුළුවන් දෙයින්
cdd279d519	පිට්ටනියේ ගේට්ටුවෙන් ඇතුලට අඩියක් වත් යන්න ලැබෙන්නේ නැහැ
cdd2c2dca9	එතෙක් කාන්තා පක්‍ෂයට ලැබී නොතිබිණි.
cdd2e326f7	ගෞතම පුත්‍රනම් රජුම විය හැක
cdd47993a5	ධර්මාශෝක අධිරාජයාගේ රාජකීය නියෝජිතයකු ලෙස නොව
cdd48e47f2	අත්පත් කරගෙන
cdd49ed0aa	නමුත් ජාතීන් අතර සුහදතාවක් ස්ථාපිත වීමෙන් පමණක්
cdd4aedf07	බොහෝ යවිඳින්නට අපූරු තෝතැන්නකිකු
cdd543445b	අද වන විටත් කිසිම තොරතුරක් නැත.
cdd58502bd	මරණ සතිය නිරන්තරයෙන් වැඩිය යුතු ය
cdd68f007d	බුදුරජාණන් වහන්සේට වූවද
cdd6df02aa	බුද්ධපරිනිර්වානයට පසු ඉදිකල නිසා නොවේද?
cdd782492d	වගතුග මානවසිංහගේ බව
cdd7e8e15c	වෙනස අවධාරණය වේ.
cdd81367fc	ඉදිරිපත් වූ කරුණු සලකා බැලූ මහෙස්ත්‍රාත්වරයා
cdd8dd9814	මේවා ඉහටම ඇරගෙන ජීවත් වෙන මිනිස්සු
cdd8fc53f5	එයට ආවෙණික මෙහෙයුම් පද්ධතියක්ද
cdd92903bf	එයත් ඔහොම සල්ලි දුන්නු
cdd93730c4	ඩී.එස්.සේනානායක,
cdd98b3809	දීර්ඝ වශයෙන් සහයෝගය ලබාදුන් මිතුරන්ට
cdd993aa60	ඉතිරි ටික හැමදාම එකයි නෙ
cdda3c7ba0	අපර භාග 07.53 දක්වා පෝය පවතී.
cdda49ac6d	ඒ අය මගේ රුව භාවිත කරනවා.
cddaab99c2	දැන්වීමකි
cddab1e4e9	ඒ ගැන භය ඇතිවී නතර කලෙමි
cddab96893	පරක්කු කරන එක නම් එච්චර හොඳ නෑ.
cddbf72b48	උපයාගන්න ඕනෙ දෙයක්.
cddc499955	මේකෙත් ඉක්මනට ලැබුනොත් එල.
cddcae33a9	ලක්දිව වංශ කතා කියයි.
cddd26001e	ෆ්‍රොයිඩ් ගේ මනෝ විශ්ලේෂණය හරහා.
cdddf317ce	අකුසල් ඔක්කෝම ප්‍රහාණය වෙනවා.
cdde5565ee	බයිස්කෝප් අඩවිය
cddeefe616	මේක සිද්ධ වෙන්නේ.
cddfcca6dd	කිසි බරක් වගකීමක් සේවයක් දැනෙන්නේ නැත්තේ
cddff3ecc0	ඊයෙ හෝ එක් දිනකට පසුව ස්තුති කිරීම
cde0128f2c	ඉන්දියාවේ හිමාලය ලොව විශාලතම කඳුවැටිය
cde05d443b	තැනීම ආරම්භ කර තිබෙනවා.
cde09098a0	හිරගෙදරට වඩා මම ඉස්පිරිතාලයේ ඉන්න කැමතියි
cde0f3b06c	එතුමාට ඕනෙ නැති හේතු
cde0f7fa68	ඔබට මේ ආකාරයේ සිද්ධීන් ගනනාවකට
cde1191021	ඔබ අහල නැද්ද.
cde17db8ee	අද දවසේදි මොවුන් උත්සහ කරන්නේ
cde2c2db7a	ඔන්න ඊට පස්සෙ තමා
cde33e6e66	යුද හමුදාවටත් පිටත්ව යාමේ පෙළපාලිය පැවැත්වීම
cde3ed928c	මෙයත් බලන්නෙ අපිටම කෙලවන්න තමයි
cde41feb98	ඓතිහාසික පොළොන්නරුව ගල් විහාරය අසලදීද
cde49aeb8e	දාගැබ හෙවත් ධාතු ගැබ
cde51820d1	තමුන් දන්න දේවල් එක්ක පටලවලා
cde5535cf4	හැබැයි රැවුල අස්සෙන් දත් පේන්න ගන්නෙ
cde55fa387	විශමලිංගිකයන්ටත් කරදර වෙන තරම්ලා
cde57bf9c7	තම ජීවිකාව කර ගත්
cde5ef1e1c	බොක්ස් හි යටි තලය විශාල බැවිනි.
cde63f21d3	එම පුද්ගලයා අන් අයට වඩා දක්ෂ
cde652abd0	ජනතාව එසේ කල්පනා කිරිම එක් අතකින් වරදක් ද නොවේ
cde689c5d6	අපි වෙනුවෙන් කන කට්ටට පිං.
cde6f2727a	එයාගේ වැඩේ හැම අවුරුද්දකම
cde75f90a7	makita
cde77bba4f	බුදු දහමේ ඉගැන්වෙන ශ්‍රද්ධාව
cde7921f18	කලින් සැරේ වගේ
cde7b42b30	මිනිසුන්ට මෙන් ම සෑම සත්ත්වයන්ට ම
cde7cd9511	භාවිතා කළ විශේෂ නමක් ගැනත්
cde90c7aab	යමෙක් බුදුරජාණන් වහන්සේගේ අවබෝධය අදහා ගත්තා
cde91c9af1	මේ රටේ දේශපාලනේ නිසා
cde97b1343	ගල්කිස්ස වෙරළ තීරයේ බොහෝ දුරක් ඇවිද ගිය
cde9cacc71	ලුමිනස් කාර්යාල ගොඩනැගිල්ල තුළට
cde9cd0a99	අපි බලමුකෝ
cde9e0d3f4	ඔයාට හුගාක් රිදිලා වගේ!
cdeaefc1c9	ඔබ අහලා තියෙනවනේ.
cdeb4da4e2	අපේ ළමයි ලෝකය පුරා
cdeba5363b	නන්දිකඩාල් කලපුවේදීය
cdec3dc2f5	එයට ඇය සිනාසෙමින්
cdeca89b13	හරි ඉතින් වැඩි කතාබහක් නැතුව
cdecd71cd1	බොදුනුවන් විසින්
cded05385a	සංගීත කණ්ඩායම්
cdedad43be	කාන්තාවටද තම නිවෙසේ පවා
cdee09fefa	නමුත් ඒකෙන් ප්‍රකට වෙන්නෙ
cdee39b81d	දැනටද ලංව කටයුතු කරන මුස්ලිම් ජාතිකයින් සිටිනවා
cdee4ef0c9	බුදුන් වදාළේ නකුල පියාණෙනි
cdef821cf1	විශේෂ වගකීමක් තියෙනවා
cdef9db4b7	ප්‍රඥාව ඉස්මතු වූ ආකාරයට
cdefaf9ff5	එසේ නම් ඒ සඳහා අධ්‍යාපනයෙහි ගුණාත්මක භාවය
cdefbeeffb	මෙම අධ්‍යාපනය බොහෝ විට දී ඇත්තේ
cdefd68590	ඒ වෙද්දි
cdefdf7687	අන්න ඒක තමයි මාධ්‍යයට
cdf00227e2	ඉතා ගෞරවයෙන් යුතුව සහාය දක්වති.
cdf01372cc	එසේ කැමැතිවෙන්නේ.
cdf01d8d7f	ඔබ කාලෝ ෆොන්සේකා තරම්වත්
cdf02dd4e7	මිනිස් ලොවදී පින් රැස් කර මියගියාට පස්සේ
cdf09ee7e6	ශ්‍රාවක චරිත නිදසුන් කොට පැහැදිලි කරන්න.
cdf0febe05	ඔයා කලයුතු දේ පැත්තකට දාලා
cdf14b3678	සිනමාව ඉගෙන ගෙන ඇත
cdf156ecf4	සාර්ථක ප්‍රතිඵලයක් ලැබෙන්නේ නෑ.
cdf25a8f55	තාර පාර පැත්තට ගිහින් ටික වේලාවකට
cdf274ce39	දෙහිවල කරගම්පිටිය මේධංකර විහාරයේදී
cdf3560208	පාරම්පරික කලාකරුවන් රැසක්
cdf37b2772	පින්තූර හම්බ උනොත් අනිවා දාන්නම්.
cdf392ac21	ඇයට ආයෙමත් දරුවා
cdf3d8b923	සනීපාරක්ෂන ගැටළු
cdf45d4570	මෙතරම් ඩෙංගු රෝගීන් සිටින ප්‍රදේශ මොනවාද?
cdf5116eea	ප්‍රසිද්ධියේ අදහස් පළ කරන පුජකතුමෙකි
cdf57f217f	අවසානය කරා යද්දී
cdf6241f9c	හෙට දිනය දක්වා වෙනකන් විතරයි.
cdf63ca395	ඇත්ත
cdf65c811b	ගිහින් ගේට්ටුවෙන් පැන්නා
cdf679964f	එම අසනීපය
cdf6ade156	වැඩ කරලා හරියන්නේ නැ.
cdf78d7355	උප්පැන්න සහතිකයෙ තිබෙන නිසා නොවෙයි
cdf8600cee	එක් කාලයක් තිබුණා
cdf8e9332b	ෆ්‍රයිඩ් රයිස් හදන පිලිවෙලටම
cdf98eb1d2	සුදුසු කල විවාහ කරදීම සහ
cdf9f845ca	වැඩකරන ජනතාවට සහන දී තිබෙනවා.
cdfa9c233a	ඔයාගේ එකක් දෙන්න ඉක්මණට.
cdfb4893ee	මහ වනයකට පවා අපි ගියෙමු
cdfb9491f3	ඔහු ඇය සමඟ කථා කළේය
cdfbbc6f6f	මෙම රක්ෂණ ක්‍රමයට ඇතුළත් කිරීමට යෝජනා කරනවා
cdfc1203ba	ස්තුතියි රාජ්
cdfc301812	විචලනයන් භාර ගන්නා ස්වභාවයක්
cdfccc80b9	අවලෝකනය කිරීම.
cdfd34b630	අනේ අනිච්චන්! ළමයිනේ
cdfd7e5da1	කැසට් පීස් ගස්සවගෙන
cdfda6c55a	ඒත් ඉතිං හැමදාම
cdfe2f27fe	බදු සහන දුන්නේ නැත.
cdfe788912	කියන තැන එයා ඉන්නවා.
cdfeafbd04	අනිවාර්යයෙන් කළ යුතු කාර්යයකි.
cdfec42d51	වේගවත් ව සිදු වනු ඇත.
cdfed6e5bd	එම සතර වැදෑරුම්
cdff0a6367	මේ කෘතිය විඳින්නට
cdff1ff629	බොරු අවලාද නැගීමෙන්
cdff3587d3	මට්ටමට සෑහෙන ඈතකට විහිදුණ
