ce00133978	ස්තුති සුභා
ce00cd19ca	වත්මන් ප්‍රධාන අමාත්‍ය ශෂින්ද්‍ර රාජපක්ෂය
ce01690005	එතකොට මට හිතුනා
ce018e16ef	දේශනා කොට තිබේ.
ce0212b7d1	සැරියුත් මුගලන් ධාතූන් වහන්සේලා ද
ce0272911e	ragama church
ce0445580c	එසේ කිරීමට අදහස් කරන නිසා නොවේ.
ce0461b3ba	එහෙත් ඔවුන්ගේ මුලික අරමුණ
ce04657cf4	මැසිවිලි හැමතින් ඇසේ
ce0486c696	මම නම් ඒ පැහැයට තමා ආස
ce05a69f4f	විචාරශීලි සමාජයක් නිර්මාණය වීමයි.
ce05b61fd9	තාත්තාගේ මාමණ්ඩි කියන්නේ
ce05baa97f	උගෙ මොකක් හරි වැරැද්දක් අල්ලං
ce0604a0d3	අන් අයට අමුතු දෙයක් වූයේ නැත
ce063f2d8a	පරීක්ෂණ ආරම්භ කෙරුණි.
ce06912b2d	එයා තමන්ගෙ කාලය වැය කරලා
ce06fc1ee9	පෘථිවි වර්ෂ දෙකකට සමානවේ.
ce075d92a8	ඉතා සාමාන්‍ය මූර්තියක් ලෙස
ce077654c0	ප්‍රභවය ලද්දකි.
ce08ccd1e2	එහෙම ප්‍රේක්ෂකයව අල්ල ගත්ත තැන
ce09af59b0	උපමා වලින් විතරයි.
ce09d4f292	ඒගොල්ලන්ට සාමාන්‍ය අයට වඩා
ce09f9f240	විවිධ රටවල්වලට ගිහින් ඉගෙන ගන්නවා.
ce0a7b0276	දාගැබක අනුරුවක් රැගත් මංජුසාවක්
ce0aa1e48d	උපන්දා සිට පොතේ තියනවා
ce0ae347d4	දෙන එකක් ඒකෙ නෑ.
ce0b24ee12	එලෙස කැඩී ගිය සලකුණු සහ දියවැල්
ce0b507d05	එතකොට ඊළඟ ජීවිතයේ විනාශය කරා යොදවන්න
ce0c7835f4	මොකද අවුරුදු තිස් පහක් හරක් මස් කෑමේ පාපය
ce0d21d673	ඉස්සර මගේ බර තිබුණේ කිලෝ ග්‍රෑම් පනස් නවයයි
ce0db65561	gomes
ce0dd687d9	බුදුපියාණන් වහන්සේගේ
ce0e131949	වැටිලා ඉන්නවා
ce0e2b8f50	අමතක වීම වැනි දේ
ce0ee8dea7	තව හේතුවක්.
ce0f410c42	මුදල් ගනුදෙනු පිළිබඳ කටයුතු කිරීම සුදුසුයි
ce0fb13473	ධර්මසිරිගේ පවු‍ලේ උදවිය
ce105eb81c	එවිට යමකු වැරදි පාරක යනවා
ce10b1d04f	යන දෙගිඩියාවෙන් ඉන්නෙ.
ce10c4b1dd	ආරම්භයේදී ආදරවන්තයන් දෙදෙනෙක් යම් දෙයකට බහින් බස් වීමක් හේතුවෙන් ඔවුන් යන්න ගිය ගමන නොගිහින් ඉන්නවා.
ce10f1b053	මවු බිසොව කිරි දුන්නේ
ce11010b51	අප රටේ ප්‍රධානම ආහාරය වන
ce116ae973	මන්ද
ce117b028d	ඒ ළමයින්ගෙ අවංක අදහස් වෙන්න ඇති.
ce118c796b	අපේ රටට අවශ්‍ය තිරිඟු
ce11fdf9e4	අපි රූගත කරලා අවසන් කළා
ce126b798b	පණ රැක ගත්තේ අත්තනගල්ලේ පිහිටෙනි.
ce12d7e836	මැදියම් රාත්‍රියකටත් වඩා අන්ධකාරය
ce135df5ee	ඉතා සුළු කාලයක් වත් ජීවත් වීම
ce150710ec	ටැබූවත් මතක් වුනා කියහන්කො එක පාරටම
ce155d4610	අභ්‍යන්තර ගැටළු තියාගෙන තමයි
ce157b7f19	පව පින ඇති බව ඔප්පු කර පෙන්වන්න.
ce158da047	ලේ බිංදු මෙන් ගලා ගිය
ce15a6ffde	මීට දින දෙකකට පෙර
ce16afd792	pachwork bags
ce16b99769	ලබන සතියේ නඩේ ගුරාට ගොඩවෙලා බලන්න.
ce16ca99bb	එවැනි නීති විරෝධී උසාවි ගැන වාර්තා වෙයි.
ce179aeab0	මඩුවට පැමිණ රජුගේ රෝගය
ce1833333f	අනුන් වෙත දේශනා කිරීම
ce1869723c	රැජිණව ආරක්ෂා කරගෙන හිටියත්
ce18752da8	එම පැහැය
ce187bf7e6	එතකොට ස්වාක්ඛාත සන්දිට්ඨික අකාලික කියන කරුණු තුන
ce18886671	කටු සටහනක් තැබීම වරදක් නම් මිත්‍රවරුනි සමාවන්න
ce18b3b0c2	ඒ සඳහා මුහුණ දීමේ හැකියාව ලැබෙයි.
ce18bc16b6	අම්මයි තාත්තයි දෙන්නම හොඳයි කියනවා වගේ.
ce19224ddd	මේ නිසයි අලියා පෙරහරට සම්බන්ධ කරගෙන තිබෙන්නේ
ce19b10050	බඳවා ගනු ලැබූ එකසිය විසිහය දෙනෙකු
ce19c12d40	ගැහැණිය මිනිසාට පිහියෙන් ඇණ සිරකර තබයි
ce19fbf0d1	අපි පටන් ගත්තු මේ වැඩේ
ce1a305d48	යම් දවසක ලෝකෙන් ආගම් සියල්ල නැති වුනොත්
ce1a5946c2	කතන්දර මහත්තයෝ
ce1a847914	එහෙම හරියන්නේ නෑ
ce1a997a3f	බිය ශෝකය හැඬීම වැලපීම ආදිය
ce1abac316	තුෂාරි අපේ ඔෆිස් එකට එනකොට
ce1ae04666	ඔබ හෝ මා වුවත් සෑම විටම
ce1ae79e83	ඉකුත් හත් වැනිදා දිනය තුළය.
ce1aecfdcd	අධ්‍යාපනය යන්න සේම
ce1b03e5c0	මෙතන දාන එකනම්
ce1b845f69	ගුණාත්මක බවින් වැඩි නිර්මාණයක්
ce1b8ce7bc	අණ්ඩකෝෂ මිදී ගල්ගැහෙන එක.
ce1baae3a6	අම්මපා හදවත පැලෙනවා.
ce1be7beec	එකසිය පනස් නවයක් ඇතුළත්ව තිබේ
ce1c065af9	දියණියන් අඹුවන් ලෙස තියා ගෙන සිටින පිරිමි
ce1c1a22bb	කාන්තාවන්ගේ් දෝෂයද
ce1d73905b	අනිත් ෆිල්ම් එක තමයි
ce1da192dc	මෙතන ඉදලා මේ පාර කොටස ගැනත් පොඩි හැදින්වීමක් දෙන්නම්කො.
ce1db19417	එම ගම්වැසියන් කියූ කතාවක්
ce1df68d48	ආපු හැටියෙම හිනාව නැතුව ගියා.
ce1e1eca9f	පුදමයක් නෙමෙයි.
ce1e3806ee	ඇත්ත වශයෙන්ම ආහාර සුරක්‍ෂිතතා පනතක් අවශ්‍ය වන්නේ ඒ අඩුව පිරවීම සඳහාය.
ce1e416d6f	කියන තැන තමයි මම ඉන්නෙ.
ce1e541074	පහේ ජාති හොයා ගැනීම කොහොමද කියලනං
ce1e5b266b	වගකිවයුතු අයත් ප්‍රකාශ කලහම
ce1f3b3f9d	"ඔය බොරු කියන අයගෙ
ce1f593973	bfb80	ඒක බැලූ බැල්මට නොපෙනෙන තර්කයෙන්.
ce20109f91	89130	ලොව පහළ වූ දිනය අදයි.
ce20333a60	44978	එකට ඈඳී ඇති
ce20580bc6	c26ed	ඔය ජොකාට
ce20716c20	5a4cf	අන් අයගේ ශරීරත්
ce207d1fb1	9094b	සමෘද්ධි සහනාධාර ලබා දීම ප්‍රමාද වූවා විය හැකියි
ce21171697	5556c	උන්වහන්සේ එහෙම කළේ
ce213de38f	dc245	මේක වෙනම නීති පද්ධතියක් තියන
ce2154fcb8	b9dc2	pinnacle studio 17 text effect free download
ce21c66933	39cc4	හුඟක් ඒවා හොඳට ගැලපෙනව.
ce220a0b2f	64af4	මතක් කරන්න කැමතියි.
ce22a310b4	dd6f8	මේ වගේ එකක් දැම්මා නං මොකද මලේ
ce2333db27	44e28	හැමදාම කොටස ගානේ දාන්නම්කෝ
ce23538343	bced5	ඉස්සා කවදාවත් දන්නෙ නෑ
ce238b95e6	c3bd0	නැවත ජීවිතය ලබා ඇත.
ce240e518a	271cb	ඒ භික්‍ෂුතෙම මේ ආත්මයෙහි
ce24270f21	e8ec1	යම් සැදැහැවතුන් පිරිසක්
ce24631b4e	0e353	පැවිද්ද නම් වූ හුදෙකලා වූ ගැඹුරු තීරණය උදෙසා මවුපිය ආශිර්වාදය ලැබෙනුයේ ඉතාමත් කලාතුරකිනි.
ce25ed039c	f3aed	පමණක් වනු ඇත.
ce26bbe727	d0123	අතිරේක රේගු අධ්‍යක්ෂ ජනරාල් අජන්ත ඩයස් පැවසුවේ
ce2703b2a0	12204	නොදැනුවත්වම මාත් අනුගමනය කරන් ඉඳල තියෙන්නෙ
ce27229cea	fe361	ආයෙමත් ඇස් අගට කඳුළු බිංදුවක් ඇවිත් බව දැනුණා.
ce27b1500d	44e28	මිළිඳු රජතුමාට ප්‍රකාශ කොට ඇත.
ce27cb9da7	30661	හැබැයි කියන්න දුකයි
ce27e32987	77895	හ්ම් අම්මා කියන මාතෘකාව
ce288ded11	4b1d7	උතුරු ඉන්දීය හිංදු බමුණන්ට දණ නමති.
ce294c1cd0	b6ca9	ඔබේ බිරිඳ වීම ඔබේ වාසනාවක් බව
ce2976b8e5	f12ba	සිව්හෙළයට අයිති වන යක්ෂ කියන ගෝත්‍රයට
ce299d63ae	a13a8	පවතින උග්‍ර යථාර්ථය හමුවේ
ce29dc2187	be2e9	සුදුසුම කාලය එළඹ ඇතැයි
ce29e09e40	7374d	භාග්‍යවන්ත වූ උපාසක තුමෙක්
ce29e77e41	b7163	අපි නිතර නවතින තනක්
ce2a3253a0	4a724	ඔබ රඟපාපු අමුතු චරිතය
ce2a4b9734	f71ec	ප්‍රධාන අභිප්‍රාය හා එය මනාව ගැළපේ.
ce2a711c31	d0123	paththara
ce2c334f9d	1db0f	ගමන් ගනු ඇත්තේ බ්‍රහස්පතින්දා රෑ යාමයේ.
ce2c3372f1	c1715	girls
ce2c8689fc	309ce	කෝටි ගාන මහජනතාවට සහන දෙන්න
ce2d2ad7e7	9f1f5	එහෙත් චිත්‍රපටයක නම් ඊට වඩා දෙයක් ද සිදුවිය හැක
ce2d4d9d79	3fcd4	කියන නමක් මමත් දන්නව.
ce2e560656	e0b70	අපි අවුරුදු විසි තිස් ගණනක් වෙන් වෙලා
ce2e58422f	791e8	ඡායාරූපයක් ගැනීම
ce2e5b67e4	6dcd3	සිංහයා අනිත් පැත්ත හැරෙව්ව
ce2ef42b11	0e375	සිහියෙන් යුක්තව මෛත්‍රි සිත් පෙරදැරිව
ce2f18187f	646e1	ඉඟිකරපු විදියටම මේ අලුත් කතා
ce2f8dffad	655f4	බොහෝ ක්‍රම භාවිත කරන්නේද
ce30660bcf	7e3d4	බොහෝ අය කැමැතියි.
ce3084f9b7	23e9e	අන්තිම කෑල්ල කතන්දරයකට කවියකට හොඳ නිමිත්තක්
ce30ada130	0e1e0	අඩු තරමින් පරවී යන නළු කමලක් වන කමල් අද්දරආරච්චි
ce30bcb0ed	77b4b	කමෙන්ටි දැමිමේ නෑ.
ce319f609f	e6e7b	ඇයි ඉතින් ඔච්චර කල් බලා හිටියේ
ce31d6e370	a3d94	මජ්ඣිම නිකායේ අනුරුද්ධ සූත්‍රයේ සඳහන් වෙනවා.
ce324beb53	1afa7	ඇතුලත් නොවුණු හෙළ ඉතිහාසයට වගේම
ce32694cf8	21138	computer speakers
ce3281b3a8	45f15	ආගමේ සහ ජාතියේ නාමයෙන්
ce330306c0	e8ec1	ගුණ යහපත් සමාජයක් බිහි කිරීමටයි
ce33d2e2e5	b136f	එය තරම් නොවෙයි.
ce341a22a1	f3efc	මනා ගුරු ගෝල සම්බන්ධතාව මත
ce351d5336	dd6f8	බළන්ගොඩ මානවයා නමින් එය හැඳින්වෙන්නේ
ce35f59c3a	f9563	ඔක්කොටොම කලින් ඒ වැරදි ටික හදාගන්න
ce3602425a	663e8	මෙම සිහිනයද
ce361836a5	0e353	එක් ප්‍රධාන සාධකයක් වන්නේ
ce363762c1	ea3c6	ඒත් ඒ වෙනුවට
ce3654f4a6	2df96	හරි ලිංගික අධ්‍යපනයක් නැති එකත්
ce368861fd	937dc	මොවුන් මුලා කරලා තියෙන්නේ.
ce3695e972	be173	අමුතුවෙන් කිව යුතු නැත
ce36d2ed90	781cf	මෙම මහා මංගල්‍යය විචිත්‍රවත් කිරීම උදෙසා
ce37546ff9	6a26f	ඊට කිසි ලෙසකින්වත් ළං වෙන්න
ce3784f96d	3386d	ඔය ගානටම බඩු ගන්න
ce37b435a5	7b332	ඔයාගෙන් අපිට ඊලඟට මොකක්ද ලැබෙන්නේ?
ce37ec98de	23e9e	පමණක් අර්ථවත් වෙයි
ce3816a6e1	2a845	එම නිසා එහි තිබූ පුරාවිද්‍යාත්මක අගය
ce388e2758	ac581	උඹලා මෝඩ උනාට
ce38b53fdb	40381	රණවිරුවෝ ජීවිත පරිත්‍යාගයෙන් රට බේරා ගත්තේ
ce38dd5e4d	2fff2	වෙන දෙයක් ගැන කතා කරලා
ce38e2a962	e9dcb	එයාල ජීවත්වෙන්නෙ සතුටින්ද
ce38f45e24	7ec98	කුස්සියෙන් යන්න ගියා.
ce393d4764	356c8	අපේ වාසනාවක්
ce393f55fc	937dc	එහෙම
ce39ad52e5	ed0c5	බැඳීමද සාර්ථක පිළිතුරක් නොවනු ඇත.
ce39eb9bfb	9a1ed	ඒ ඒ ලෝකවල ආයුෂ අවසන් වුණාට පස්සේ
ce3a55d164	3386d	ඇයි ඒ තරමට මේ අවශ්‍යතාවයට වැසිකිලි තියනවා.
ce3b54b2d5	4e81e	බොහෝම ස්තූතියි
ce3b695ed3	c094f	ජෛව පද්ධති තාක්ෂණවේදය
ce3b8b4fa9	778ef	ඔබේ රැකී රක්ෂා කටයුතු සම්බන්ධයෙන්
ce3b8cfc76	3d027	විශාල පරිත්‍යාගයන් රාශියක් සිදු කෙරෙයි.
ce3bbbc998	3d532	ඒත් අර කුකුල්ලු මැරෙන්නේ
ce3bd44aa4	76999	ආයිත් බය නැතුව කියනවා
ce3c2ad069	0e86b	අපේ මේ සටන සඳහා
ce3c8981e9	72b54	එම කටයුතු සිදු වී
ce3cdbaf18	34e11	එතකො උන්ට විතරක් ඹ්න බම්බුවක් කරන්න පුලුවන්ද?
ce3ce2b525	e5fb8	අවශ්‍ය රටට ලඟා වන විට
ce3df81b1d	f2931	නිරන්තර පරීක්ෂාවට ලක්කිරීම
ce3e80d876	84048	මේ කවුද ඔයාගෙ බාප්පද කියල.
ce3f5c3dda	b796c	කියන කෘතියේ
ce3f72a256	a9c56	එක වෙනස්වෙන පරතරය
ce3f961298	b6388	අත්දැකීම් නොමැති වීම
ce401c62dc	95589	එදා උදේ මේ ගෙදරට එන අල්ලපු ගෙදර බල්ලා
ce40315968	55ab9	මේ අයට තම වෑයමෙන් පමණක්
ce404f0df6	252fd	එය වීම නිසාය
ce41964d7f	e8ec1	රැග් කිය කියා
ce41d9fb0e	c094f	කාම මිථ්‍යාචාරය සම්පූර්ණ වීම සඳහා
ce41e41c8d	cf582	ඉතින් කවුද මේ පුද්ගලයා
ce42ac01fe	58355	ආර්ථික ප්‍රතිලාභ නෙළා ගැනීමට හැකිවන පරිදි
ce43ecec11	2bdfd	ඒ අයගේ මහන්සිය ‍රැකගන්න
ce445f2629	f0098	නැවතත් කියන්නේ සබට බොහොම ස්තූතියි.
ce44b7180a	af4ca	lalith and kuhan
ce44be7c0e	ea3c6	එයා යාළුවන්ගෙන් නොන්ඩි වෙනවා.
ce45685b50	45feb	එහෙම නොකරන එක
ce456b9e74	ff3fa	මැටි කතාවක්
ce459d7358	fea0e	ප්‍රයෝජනයක් නැහැ.
ce46197069	be173	තරම්වත් හරි නෑ
ce4680e68c	e9148	නැටුම් සහ චිත්‍ර අංශවලටත්
ce4726d93f	2f415	creative ads for art
ce4762e60d	7d7d0	පින් අනුමෝදන් කිරීම සඳහා ඉදං මෙ ඤාතීනං.
ce48327190	dc245	autolanka
ce48619a5e	34e38	නොසලකා හැරීම නිසා මතුවුණු අශෝභනත්වය බවයි
ce492f7869	ed3e5	එයා තුළ අකුසල් වැඩෙනවා
ce4a99cf34	b06d1	මැනවින් බණ භාවනා කටයුතු
ce4aa7d63c	c696a	කිසියම් ජනකොටසක් අනෙක් ජනකොටසට වඩා
ce4af381da	78366	බෞද්ධ සංස්කෘතියක නියම ලක්ෂණ
ce4b38fb66	96564	අපේ ගමන පටන් ගමු
ce4b578693	02b89	එහිදී අධිකරණයට පැමිණ
ce4bb17254	ee3d2	ශැඩ්රින් සතාගෙ පහරදීමට ලක්වුන
ce4c12a49c	89130	ඇතිතරම් ලියන්න පුළුවන්
ce4cd4ee4f	55c20	දක්ස පාල පොත් කියවා
ce4d26ebad	237ce	යන්ත්‍ර මන්ත්‍ර, නක්‍ෂත්‍ර ආදි ගුප්ත විශ්වාසයන්හි එල්බ ගැනීම
ce4d372d55	f0b2e	ඔවුන් තුල හංගාගෙන ඉන්නවා.
ce4db941a8	dc5ef	අනතුරුව ඔහුගේ ගමන් මග
ce4de796a9	0b370	ලිපි රාශියක් හරහා සාක්ෂි සහිතව
ce4e07437b	44e28	එම සත්‍යය තේරුම් ගැනීම පිණිස
ce4e09186d	70278	මකර මුඛ දෙකකින් විහිදෙන මල් වැලකි.
ce4e38ebd1	0eea5	සිත පහදවා ගත හැකියි
ce4e809fc6	d4fa9	ගණිකා වෘත්තියට යොමු වෙලා තියෙනව.
ce4f1fe531	3d027	අලුතින් කවි ලියන
ce4f61df4b	a7c07	අන්තර් ජාතික රතුකරුස සංවිධානයට මෙන්ම
ce4f9b2ff3	4e81e	අවස්ථාව අනුව තැන අනුව වෙනස් වෙනවා.
ce5034dd99	0e1e0	දෑන් මොකක්ද කුලයක් අල්ලන් දගලනවා.
ce50553600	8c9bc	එසේම කලාකාමී රණවිරු පිරිමින්
ce50985ed4	40e62	සොයා බැලියයුතු වෙනවා.
ce50d087b7	3dd78	ධර්මදූත පිරිසේ
ce51736460	c5a59	දැනෙන පාළුව දරා ගන්න බෑ
ce5175f02a	d0123	වහලක් හා දොරක් ඇති ගෙයක් ම
ce51e95232	89830	හැබැයි සමහර කුමන්ත්‍රණ කාරයෝ
ce5237b2ee	d71b2	නැවත ඔසවන බවයි
ce5270f4ee	f40d9	ඒ විදිහට කොච්චර වෙනස් වෙනවද?
ce52ff8e08	af4ca	වෙනත් සතුරෙක් නැත.
ce53528dd4	6b5e6	යහපත් දෙයක් පවා කරන්නේ
ce5365710b	df981	ඉතා අනර්ඝ ලිපියකි.
ce539d8a92	d7784	හිතෙනවා
ce53f98ccd	c04d5	log face
ce5444e9dc	d0123	ග්‍රහණයට හේතුව සොයා එය නැති කළ යුතුයි.
ce54c071c7	361fc	ගෑනු ළමයි වැඩ බැරි දාස දෙස බැලුවේ
ce54d19c8d	8af08	සාපේක්ෂ අර්ථයකින් ගත් විට ස්ථාවර ය
ce54ffec0b	0184c	නමුත් තමන්ට එම දීමනා ගෙවීම
ce55ab963b	d316f	ඒ තත්ත්වය ඇතිවෙලා තිබෙන්නේ.
ce55c07b78	7710d	තිබූ බවද පොලිසිය පවසයි.
ce55cb074d	3386d	තේරුම් කරදීමට යොදාගත් දේශනා විලාසයයි.
ce55d2282e	199c3	උතුම් ශ්‍රාවක පුද්ගලයින්
ce55dfc1df	67c8b	පොරෝගම ස්වාමීන් වහන්සේ
ce55f9863d	13abb	ඒකට මුස්ලිම් වරුන්
ce56a77947	64af4	ඔය වැඩේම සිද්ද වුනා මෑතක දී.
ce56b99786	a3fac	අන්තිමේ අපි ඒ අයව
ce57c6656c	3fcd4	හැටි බලන්න
ce57e3d157	3e0de	පොත් ඉල්ලපු අයට දුන්නා
ce57e49354	9f1f5	ගෞරවයට, ප්‍රශංසාවට ලක්වන බව
ce5823d509	190e9	මීට දින දෙක තුනකට පෙර
ce583fbac6	84048	මේ පාර අඩුවුනොත් හිනාවෙයි
ce587fb07e	7f4b1	මිනිසුන්ට ලගා වීමට බෑරි තෑන්වල පා සටහන් තියාවිද?
ce59229d63	e3235	මෙයද පුළුල්ව විග්‍රහ කළ යුතු
ce592385bb	5a4cf	අවසන් වන තූරු එය
ce593dfd30	b3dda	අයවැය සකස් කිරීමේදී
ce59ad9883	4e81e	හැමවිටම තමා නිකරුනේ විවිධ චෝදනාවලට ලක්වෙයි.
ce5ac322bb	43121	එය වෙනස්ම ආකාරයේ බීච් පාටියක්
ce5ad3f051	87c4c	කාර් ජීප් ආදී වාහන
ce5b1b5f6d	babec	එකල සමාජය සකස්ව තිබුණි.
ce5b40293f	60906	ඇයි නොනවතින ඔසප් නවත්තන
ce5b71c2ee	a3fac	අනෙක් අතට ලේක් හවුස් එකේ
ce5b77cb70	466d8	එතුමන්ලා ඉතාමත් සිල්වත් විනයගරුක ජීවිතයක් ගතකරන්නේ
ce5b8ce460	00349	වඩා වාණිජමය පරමාර්ථ උදෙසා
ce5bc5bdbd	2d52b	නුග ගසෙහි පොතු තම්බා ගැනීමෙන්
ce5c48f88c	4b127	පිටු මේ අපේ ඉතිහාසයේ
ce5c4bfa1f	21138	ඒක අපිට වටිනවා.
ce5c8f77e1	7f4b1	මේ වගේ අහිංසක ළමයෙක්ගේ
ce5cff459b	93c65	quality plan for office
ce5d911144	25717	ඇතිවන හරිතාගාර ආචරණය නිසා
ce5da4ac67	356c8	ලබා ගන්න ඕනෙනම්
ce5ddb1c7a	fa2d3	පිළිබිඹු කර ඇත.
ce5e06b3aa	cf582	ඒක තමයි
ce5eacbfa0	fe361	අනික තමුන්නෑහේලා ඉග්‍රීසි පත්තර බලලා
ce5f20acc3	f9563	හැම කෙනෙක්ම කප්පම් දීල තමයි
ce5ff5ec57	9125c	අපහාසයක් නැතුව මගේ ගීතයේ
ce6047b417	abbea	අපිට පුළුවන් ඒක
ce60c9f4d9	c5b76	ඔන්න සී නිවුස්
ce60f560c1	40e62	තාක්‍ෂණය අපේ සියල්ල ආක්‍රමණය කළා.
ce620cdc0d	ec9a8	අවස්ථාවේදී වීමට පුළුවන.
ce622c8fa0	655f4	අද කිසිම බාධාවක් නැත
ce629f0c67	356c8	මොහු සතුව
ce62f11960	3dd78	සියලුම මුස්‌ලිම් ජාතිකයන්ට පුළුවන්
ce635dde53	016b5	ඒත් ඉතින් නංගියෙක් කියන්නේ
ce63ad6a50	12204	එයින් සිදුවන්නේ පිනක් නොවේ.
ce63b73bb8	349a2	ඒ ඇහැ තුළ විඤ්ඤාණයක් උපද්දවන්න
ce63d9f9f1	be341	මෙහිදී සත්පුරුෂයා යනු
ce63ecd074	663e8	සමගිව විසිර යා යුතුය.
ce640b85da	30661	සිත් යොමුවේ.
ce640ee668	11742	සෙබළුන්ගෙන් විමසා ඇත.
ce642e631c	ac581	ඉතින් මේ විනාශය ගැන කතා කරන්න
ce6437763c	ea3c6	ත්‍යාග හා සහතික පත් ප්‍රදානය සිදු කෙරේ.
ce65f299fa	f12ba	දවුල්, තම්මැට්ටම් හා හොරණෑ වාදනය සිදුකෙරෙයි.
ce6646c4f2	1b014	කරේ කවුද කියලවත් දාල තියෙනවාද?
ce6673b18c	0a2fe	තමන්ගේ කෘතිය තුළ
ce6697785d	0e1e0	මෙහි සත්‍යතාව නුවණින්
ce66978020	c6f6b	බුදු අම්මෝ කියවෙනව වගේ.
ce66b8e1bc	6064f	මගේ අත බලලා සාස්තරයක් කිව්වා.
ce6743fb19	338ff	එම උස පහත සඳහන්
ce678b0b29	4b1be	යන තැන උඹලට තේරෙවි.
ce67ac61c9	bc55f	ඒ බව තම පිරිසට
ce69474fa1	d4fa9	simple fower cross stitch patterns
ce695f8e3d	c5a59	කෘතිම පරිසරන්හිදී අභිජනනය නොකිරීමත්
ce69b47e52	199c3	ඒ පිළිබඳ සාරාංශ වශයෙන්
ce6a7476ba	f7f4f	දුර රටක ඉන්නකොට
ce6a93119e	023c3	මේ රජතුමා විසින්
ce6b23fc05	c094f	අද අපි මේ කරන දෙයින්
ce6b2b2a4e	e1e01	මට මම ආස කරන හින්දි භාෂාවෙන්
ce6bcaa182	cb1fe	අනේ මන්දා මට නම්
ce6c110981	6fa50	ඒකෙන් ම පේනවා සක්කිලි කම
ce6c3ce40d	0eea5	මීළඟ පෝය සැප්තැම්බර් 27 වෙනිදා සිකුරාදාය.
ce6cae1b77	02b89	මෙයින් හින්දු ආගමික සිතින් ඇගයුමට ලක්වෙයි.
ce6d11108c	0e86b	god bless you
ce6d38c289	3386d	සටහන් කරගන්නට
ce6d6593a8	284b7	dogs and babies
ce6dd023e9	be341	ලොකු සීයා පැමිණි ජීප්රථය නතර කර ඇත.
ce6e209c15	c696a	වෙනත් ප්‍රදේශ කරා යද්දී
ce6e6f5ad6	252fd	උදේ පටන් ගත්තොත්
ce6e987a98	e9dcb	ඒ තත්ත්වය ඇතිවෙලා තිබෙන්නේ.
ce6f75c953	0a2fe	ඔන්න දැන් කට්ටිය හොයනවා
ce702d3de2	dd6f8	වරද වශයෙන් හැඳින්වෙන දෙය
ce708151ac	ce989	ඉතින් කොල්ල ගිහින්
ce709a47ba	51515	තරමක් අනුරාගික දෘෂ්ටිකෝණයකි
ce70ed9ea4	e61f1	කරන්න ඕන දේවල් නියම කරන්න කලින්
ce711facb8	3d532	දෙවැනි දවසේ බුදුපිළිමය බැලීමට පැමිණි පිරිස
ce71286c2e	f0b2e	යහපත් මාර්ගයට එළැඹෙති.
ce71740257	92649	spank wire
ce71d9538b	2b212	අම්මයි තාත්තයි මම පොඩි කාලේ හැමදාම
ce71ea369e	d6ab0	එම දහම විනාශ කිරීමටයි.
ce724b6daf	c696a	ජෛනයන්ද චතුයාම සංවර ශීලයක් ඉගැන්වීය.
ce72fb756d	89130	මම මේ කියපු දේ තේරෙයි.
ce742fa360	7ab05	හෙලුවට දිමිගොට්ටක් වැටෙන්නෙ
ce7477c498	30661	ඒවා එතරම් වැදගත් නොවන සේ සලකනු ලැබිනි.
ce74eed1e5	1db0f	උන්වහන්සේ වදාළ බව බුදු දහමේ සඳහන්වේ.
ce751a9b37	3062b	සෑහෙන කාලෙකට පස්සේ
ce7569c64f	85ebd	කිසිසේත්ම කිව නොහැක.
ce763c3bd6	df38e	එවිට රාගාදී අකුසල ධර්ම නමැති
ce769d87c7	4b127	ප්‍රමාදය පරිහාණියට මාර්ගයකි.
ce774ca5d1	f32c3	ඔහු බ්‍රහ්ම කායික දෙවියන් අතර උපදිනවා.
ce777d67ad	4b5d0	උන්වහන්සේ සම්බුද්ධත්වයට පත්වුණේ වයස අවුරුදු තිස්පහේදී
ce77b0109c	0a38f	එහි හිමිකරු වන බව එවිට ඔහුට හෝ ඇයට වැටෙහෙනු ඇත.
ce77f3fcc4	55ab9	නැවත හොදම සිනමා නිර්මාණයක්
ce77f5dc18	ee3d2	මේ සර්වඥ ශාසනයට ඇතුළුවන්නට
ce786094b4	2b212	රැකියාවල නියුතු අයට යහපත්වන අතර
ce78707dba	d7784	මෙරට ආර්ථික බලධාරීන්
ce787e3981	2e893	යුද හමුදාවට බඳවාගෙන
ce78905e3f	349a2	වෙන දේ පේනවානෙ.
ce78af2c6e	b3777	furniture beds
ce78f298a1	77895	ඒක සමාජයෙ ප්‍රශ්නයක් වගේ
ce7907741f	df38e	ජැක්සන් පවුලෙ උදවියට නං ඔය ප්‍රශ්නෙ නෑ
ce791d1de4	06105	නැවතත් මම ප්‍රාර්ථනා කරනවා
ce794c198c	dc1f3	එලෙසම අජානීය පුරුෂයත් සමගියෙන්
ce799158f1	b7510	එවිට ආණ්ඩුව අපේක්ෂා කරන
ce7a1d0050	1c3b9	ලොව කෙනෙකු විසින් දුකසේ ලබා ගත යුතු
ce7a701b8a	8e63d	පන්සියයක සඟ පිරිසක් රවටා ගන්නට
ce7b0e898f	ee9b8	ඒකනෙ ඒ මනුස්සයට
ce7b298309	09bf2	අපි අපේ ධර්මයට අනුව
ce7b9c4dee	11742	අතීත කර්මාන්තයක් පිළිබඳව වැදගත් කරුණු
ce7bf21445	1575e	ඔය තියෙන්නේ
ce7bf368c0	dd43a	එය වේදිකාව තුළ ඔවුන් රඳවන ස්ථාන
ce7c885463	e35a8	ඇතැමුන් පත් කරගෙන තිබේ
ce7d2fde74	0e375	වෙන්න ඕනේ.
ce7da0df8d	05d76	එමෙන්ම රුහුණු කතරගම යාමට පෙර
ce7dd9cfbb	0b586	අපට ඕනම වෙලාවක ලැබෙන්න පුළුවන්
ce7e1cbf61	438c8	japanese cars brands
ce7e227685	29f4f	භාවිත කරන පාලි පාඨ තබා
ce7ee5e522	199c3	හැබැයි සැබෑ ලෙස
ce7efdd6b8	4f068	වෙලාවක් නෑ.
ce7f47a2d5	a4315	එහෙත් ඒ සඳහා එය විසින්
ce7f8e0367	0184c	ගෙදර ඇතුළත
ce7fa6d8d2	be485	භෞතික චිකිත්සක ප්‍රතිකාර ලබා දීමට
ce7fa8b008	ed0c5	මේක හුඟක් පරණ නිසා
ce7fa9190d	a742b	තාත්තා මාව වජිරා චිත්‍රසේන යුවළ ගාවට
ce80701f3e	ec9a8	අවබෝධයෙන් හා සුහද හැඟීමෙන් යුතුව ය.
ce80d6664c	89f4f	ආනන්ද මහතා මහනුවර ත්‍රිත්ව විද්‍යාලයේ ආදි ශිෂ්‍යයෙකි.
ce80ea8dbf	9f1f5	වගේ කුඩු බිව්වනම්
ce815641d5	760be	ඇතැම් විට මෙය ලෝක ඉතිහාසයේ මෙතෙක් පවරා ඇති විශාලතම
ce8170c1c4	f9563	කතරගම දෙවියන් යැයි විශ්වාසයක් ඇත
ce81e86050	a7b6a	බුදු මැදුරක් තුළ
ce82b83edc	be341	සබ් වලට පින්!
ce82d78613	21138	දැන් ෆුල් වෙලා
ce82dbbcf5	15e2b	බොහෝ විට රැය ගත කරන්නේ මිතුරු මිතුරියන් සමඟය.
ce82e32700	a08e7	හැමදාම ඉදිරි ආසනයේ ඉඳගෙන යන මට
ce831e5213	bfb80	මේ සිත හසුරුවන ආකාරය
ce837b68d3	a7b6a	මෙසේ සත්ත්වයන්ගෙන් තුන් දොරින් සිදුවන
ce83bcda45	7b561	එබැවින් කුසල කර්මයන්හි යෙදී
ce83f022cd	d6d03	කිරිපිටි චීස් බටර් ආදියේ ඇතුළත්ය
ce8402f365	89130	රූපවාහිනිය සහ පරිගණක තාක්ෂණය නිසා
ce84119b2e	c6a4f	හැබැයි ඉතිං ගොනා හැරෙන්නෙ පොල් පැළය කන්නයි
ce8426dfe3	ed3e5	එහි සිට බීමට ජලයද සපයන බව කියති.
ce843d6d62	52af9	ජීවිතේ වෙනස් වෙන්නේ කොහොමද?
ce844ca6b4	4a53b	රජය කටයුතු කරනවා.
ce84ab77ac	c1715	එනම් එම මිත්‍රයා
ce84b603c3	7b561	එකම ව්‍යවස්ථාදායක සභාවක්
ce850ac0ec	c26e2	මේ පොඩිනමට කිසිම බියක්
ce85badb4e	2e893	වෙර යොදා අත රැඳි අවිය
ce8630e22e	8f885	පුස්කොළ මාධ්‍යය කර ගනිමින්
ce86e30574	94b34	අළුත් ජනකවි කියවන අයට
ce8746ed25	fe011	එම සාධනීය ප්‍රතිචාරය අපි අගය කරමු.
ce875da1d6	3139c	දැන් අලුත් දේවල් කරන්නෙ නැතුව විශ්‍රාම අරගෙන.
ce877b655f	11528	ශතවර්ශ ගණනාවක් තිස්සේ දියුණු වී ආ විද්‍යාවෙන්
ce87bcdede	476be	ඒ අපේ කමට
ce87ea37c8	9094b	විශාලා මහනුවර තුන්බිය සාර්ථක නිර්මාණයකි.
ce8954683a	3eb66	නමුත් ඔන්න කෙනෙක් යනවා අවන්හලකට
ce895f6396	42cde	සලිත වෙනවා.
ce897b814d	4b1d7	කෙසේ හෝ අප වෙත එවන්න.
ce8aa761ed	23e9b	සාමන්‍ය තරුණයෙක් මයි.
ce8b03463b	df981	මේ බ්ලොගය උපකාරී වෙන බව
ce8b6040ec	53c73	එම අලි ඇතුන්ට සෙත්පතන ලදී
ce8b66e7ad	5b275	උඹ ඔය විදියටම දිගටම හිතාගෙන
ce8cae2e44	d94a9	එකට ජීවත් වෙනවා කියන්න බෑ.
ce8cfea4cc	40953	තමුන්නාන්සේලාට චෝදනාවක්.
ce8d0fc46c	ba1f0	අපි බේරුවලින් ගාල්ලට ගොස්
ce8d1bca4b	9125c	ග්‍රිෆ්ගෙ විවාහ මංගල්‍යයෙ හිරවෙනවා
ce8d2a8359	f7f4f	මෙතන ඉඳන් අපි පියමනින්නේ මාතලේ දිස්ත්‍රික්කයට.
ce8d7100e0	0fcb7	එහෙම වෙන්නට
ce8d750c52	760be	පෞද්ගලික කරුණක් ලෙස නොගත්තේය.
ce8d786842	0fcb7	colombo properties
ce8da53e3f	09ecc	එතකොට මනසයි අරමුණයි විඤ්ඤාණයයි එකතු වීම
ce8dcc9797	bc55f	පන්සලේ පෙරහැරවල් වල පත්තුවෙන්ඩ ඇද්ද?
ce8e5583d4	3a747	ඒත් මගේ හඬ
ce8f0d5839	0a38f	කතන්දර බ්ලොගය හරහා සිදුකරන්නෙමු
ce8f93dc72	02f82	මෙසේ දෙවියන් භූතයින් සතුටු කිරීමෙන්
ce902a687a	acbee	paper frame
ce908b652f	7d7d0	අසත්පුරුෂයන් සතුටු වන්නේ
ce912d2561	44e28	සිංහල ටිකක් අවුල් වෙලා තියෙන්නෙ
ce9169fee8	7599b	බියගන්වමින් රාත්‍රියේ සැරිසරන පුද්ගලයෙකු
ce91cb80e7	c34c2	අදත් ජීවත් වෙනවා
ce923b062f	f5954	මම කට ඇරගෙන බලන් හිටියේ.
ce9293d7bb	206b6	හොර වෙළෙඳාම් කරන්නෝ
ce92943fed	3d705	බුද්ධකාලීන ඉන්දියාවේ
ce92d76364	ae3ff	නමුත් ඔහු ආකර්ශනීයයි කියල
ce934679f1	d945d	මට වැරදුණේ ආදරේ කරලා විතරයි.
ce935ddaa4	dc245	ඒක සාමාන්‍ය ජීවිත රටාවේ
ce93d46814	ff3fa	එහි අවදානමකුත් තියෙනවා.
ce93ddc1cc	f7f4f	කිරීමට හැඩගැසුණු ඒවාය
ce94181730	b7054	එළ එළ මෙකෙක් එනකම් තමා මමත් බලන් හිටියෙ.
ce9426d948	a5886	හොඳයි එහෙනම් මෙන්න
ce9461ff20	e3235	කුඩා ප්‍රමාණයේ චෝගම් රූං පෙත්තක
ce94923f62	7d982	සාධක දැක්විය හැකි ය.
ce94d43418	290a8	එම නිසා ඔබත්
ce9584001c	95589	කොපමණ වටිනා මානව සම්පත් නැති වූයේද
ce964e6ed8	a742b	රැගෙන යනු ලැබූහ.
ce966def51	06105	එය වසා ගැනීමට පියනද,
ce974a66eb	3f57d	මේ වෙනත් ප්‍රවාද වලින්
ce97598bc0	23e9e	දැන සිටියා යැයි මට සිතේ.
ce98616256	ed3e5	සාදරයෙන් පිළිගනිමි!
ce98dca565	361fc	අපේ දෙවියන් වහන්සේට සුව කරන්න බැරි දේවල්
ce992ce431	746ff	ශීලයෙහි අනුසස් හඳුනා ගනිමින්
ce994175f4	bba51	වෙනත් තැනකට වඩා භයානක වීම
ce99992323	b136f	විවිධ තැන්වලදී
ce9a16d7d1	0fcb7	පවත්වාගෙන යෑමට නොහැකි විය
ce9a36231f	96564	එහි රොන්මඩ ආදිය කොපමණ ඇත් ද
ce9a4c43d2	a9c56	රූපය සමඟ ගුණය අත්වැල් බැඳ ගත් විට
ce9aef24e9	7ab05	මරණ දඬුවම ක්‍රියාත්මක නොවේ
ce9afe760b	d4fa9	එතැනදි තමා රාම්බාබුට මාධ්‍යයට එකතුවෙන්න ලැබෙන්නෙ
ce9b15714a	8c558	පුංචි අත් වැරදීමක් උපයෝගී කරගන්න එපා.
ce9ba538f9	190e9	තියන එකම ක්‍රමය
ce9bf3c399	6a26f	එයින් කියැවෙන්නේ ඇත්තේ
ce9ce972c6	d2f72	කිසිදු හෙළිදරව්වක් කොට නැහැ.
ce9cff3d0c	781ce	අපට යම්කිසි නුවණක් ඕන නේද?
ce9d01e113	a624d	ඉතින් එයාල කතාවෙනවා
ce9ddc3e25	39029	බොරුව තුළින් මුළු ලොවම
ce9dee9a75	a7b6a	උපන් හැටියෙ පිරිසක්
ce9e444612	f9391	මහාචාර්ය කුසුමා කරුණාරත්න මහත්මිය මෙසේ සඳහන් කරයි.
ce9e6ce6b5	78366	අවංකවම තම සැමියාගේ
ce9ed2f810	3489d	තම්බියෙක්ද කියලා හිතාගන්න අමාරුයි
ce9efea584	a4315	මව්කුස තුළ වැඩුණු දරුවෙක් නිසා
ce9fde9bd3	c6f6b	මේක විශාල කටයුත්තක් වේවි
cea0a5b1e2	3386d	භගවා ගුහාව, භගවාලෙන යන වෙනත් නම් වලින් ද
cea11b656b	6b5e6	චීනයට යවන්න පුළුවන් නම්
cea171fed9	0c839	free music downloads
cea1e1b406	2a1cd	අයුක්තිය යුක්තිය කිරීම සඳහා
cea2a0b848	40a63	ඇය දන්නේ බෙහෙතට යොදා ගත් අමු ද්‍රව්‍ය පමණි
cea2caa5b1	43121	ආගම පැත්තකින් තියමු
cea379b997	be2e9	අනේ ඉතින්
cea37deee3	b7054	ඔබ මොකද මෙතුමාගේ
cea3bd1de1	09ecc	මුකේෂ් බාත් සහ ගුල්ෂාන් කුමාර් විසිනුයි.
cea3cd25c2	3489d	වැඩි වශයෙන් ඔබට මේ වසරේදි හට ගනී.
cea41a6fec	05d76	එක්තරා ආකාරයක
cea4880f2c	fb100	නමක් දාන්න තරම්
cea5b1e62a	a6493	ඇතිව තිබුණේ යම් භීතියකි.
cea5ff6aea	44e28	ලෝකයේ සමාජවාදී අරගල
cea647187b	3be3a	අවසානයේදී කථකයා අපට කියන්නේ
cea66b449d	ed4c3	හෙට හෝ අනිද්දා දිනයේ දී වෙනස් නොවිම
cea6b5cb59	a3fac	ඔහු කෙසේ හෝ අනිකුත් ඝාතකයින්ගෙන් මිදී
cea706703f	fa2d3	ඒක කොහෙත්ම පුදුමයට කාරණාවක් නොවෙයි
cea7434b73	4b127	ඒ ධර්මය සිහි කරන්නට
cea75136e3	fc853	මේ මූලික සැකැස්ම
cea756261b	dc5ef	අපගේ ජල සංචිතයෙන් වැඩි ප්‍රමාණයක්
cea7c30380	3eb66	මෙකි බටහිර දොස්තර වගේ නලාව තියලා පුතා බලලා
cea7fd72ec	ec9a8	නැන්කින් නගරයේ පිහිටි පල්ලියකට යන්නේ
cea80907ff	45f15	දහම් පිළිබඳ නිගමනයන්හිදී
cea87d1152	e9dcb	ඉතා සුන්දර ප්‍රදේශයක් හරහා වැටී ඇති
cea890b80a	f0098	එය ඔබට කීවේ කව්ද
cea8a69ad8	225dc	වන්දනා කටයුතු වලදී
cea8c21b42	3bfb3	ලී මුක්කු ගසයි
cea8c5d86c	9125c	ලෝභී වූ භික්ෂුවක් අමතා
cea9302a56	ba1f0	මීඩියා බබාලා හැකි සෑම ප්‍රශ්ණයක්ම
cea98ee109	87c4c	ඒක සීයට සීයක්ම
cea9a8770e	8c558	ඇයි හැන්සල්වයි ග්‍රේටල්වයි කැලේ අතරමං කරලා
ceaa00e09a	5b471	සුපර්ස්ටාර්වල වගේ පුහුණුවීම්
ceaa167934	a6a62	අපි ගීතයේ පළමු පේලි කීපය මුලින් අරගෙන බලමු.
ceaad615bf	13abb	ඔය ඕනේ විදිහකට
ceab228094	ac562	අපි මහමෙවුනාවට ගියත්
ceab5a869a	44e28	අනික් එකත් සිංහලෙන් දෙනකන්
ceab63320b	fb100	සැරියුත් තෙමේද එසේම බඹසර හැසිරෙන්න වුනට අනුග්‍රහ කරන්නේය.
ceabb3337c	4b1be	ලිලැක් මුවදොර නිව‍හනේ
ceabc02dd3	7374d	නොගැලපෙතැයි සිතේ
ceac6f0fa8	b3dda	අඩු ඒවත් තියනවා
ceacc7a3c7	3dd78	රාජ්‍ය නායකයා තීරණය කළේය.
ceace87aed	cd0b3	එනම් හිටපු ටෙස්ට් ක්‍රීඩක රසල් ආනල්ඞ්
cead17b30a	b3dda	එකෙක් ඉඳලා එක කෙසකුදු නැත හතරක් සිටියේ නම්
ceadbf4b97	08a49	බුදුගුණ, දහම්ගුණ, හා සඟ ගුණ
ceadcde0be	72b54	අවදානම් සහගත වැඩක්.
ceadcf1508	912d1	ඇත්තට මුහුණ දීලා හැදෙන්න බලාපල්ලා.
ceae12347c	cb1fe	ඒ උණ ගොබය ගලවා
ceaefbd99f	db538	දොරවල් වැහුවම නම්
ceaf93a4e3	791e8	වර්තමානයේ එම ඓතිහාසික භූමිය
ceb063caf8	3be3a	ඉතින් ඔයාලම හිතාගන්නකෝ
ceb0c001d3	05d76	උපසපන් භික්ෂුවකට එසේ කපුවකු මෙන් යාතිකා කළහැකිද
ceb0e189c9	02f82	ඒක සාමාන්‍ය ජීවිත රටාවේ
ceb11ce1ae	30661	දෙසූ ධර්ම දේශනාවල
ceb294f7eb	9094b	නිෂ්පාදනයේ කර්තව්‍යයට එහා ගිය චරිතයකි
ceb36bf8f5	ffa9f	මේ නිසා ඇතැම් මිථ්‍යා මතධාරීන්ට
ceb3b28f92	409ee	මේකට දායක වෙලා තියෙනව.
ceb3e15cfd	4f068	සිදුවන විමර්ශන ක්‍රියාවලියක් නැති තරම්ය.
ceb3e96d65	88c80	අතරට අයත්වනවා.
ceb43b324a	016b5	ඒක කළොත්
ceb457cd52	8c9bc	ඒ ආකර්ෂණයට ඉවහල් වුණා.
ceb458dc8f	4a724	පිළිකා සෛල ඉහළ දමන අතර
ceb4c3552d	bafa0	තව තවත් සපථ වූයේ
ceb4fbb079	33901	විශ්වාසයි මට නම් එය ඉර හඳ මෙන්.
ceb52f2b4f	781ce	පෙන්නන දෙ බැලුවම වැරදි අපිද?
ceb553d19e	bba51	ඒ හින්දයි
ceb55e817f	2f415	තරුණ තරුණියන්ට දැන් වරප්‍රසාද හිමිවී තිබෙනවා.
ceb5f72567	fd8a1	උගේ උපදෙස් ගන්න
ceb6253d2b	b9679	එම සිල් සමාදන් වූ කාලය තුළ
ceb653ddd8	7b332	ඒකයි චන්දරේ කියන්නෙ
ceb66fcce2	0e86b	ෆිල්ම් එක කොච්චර අය
ceb6b987d6	c4922	අර මහදැන මුත්ත හොඳයි.
ceb7328273	6dcd3	කරදරයට පත්වුණා.
ceb73b7484	02578	ලංගමයට බඳවා ගැනීම නිසා
ceb7411678	f200a	ඔබේ දියණිය ඉනෝකා
ceb749447b	227d7	පසුව ඔවුනට ජීවත් වීමට නම්
ceb77d3e49	e6e7b	නැවතත් තමන්ගේ වාරය පැමිණේ.
ceb7aefc43	bfb80	රඟ පැම් නිසි අගැයීමකට ලක්වුනේ නෑ.
ceb7efa188	abbea	සිදුවන බව පෙන්නුම් කරයි.
ceb7f169ef	d7f61	මෙම ගාථාව වදාළා.
ceb81a6f61	7ab05	අනුගමනය නොකරන බවත් හෙළිවී තිබේ
ceb8eb0080	574a5	සිදු වන බවයි
ceb94a8808	9e6d1	නියම පිදුරුතලාගල
ceb953d46f	95423	රාජකාරි මැද උපසිරැසියක් දීම ගැන
ceba562cc9	4b5d0	අකුසල ධර්මයන් එන්න නොදී
ceba6ae90a	202fc	උන් වහන්සේ නොවැලඳිය යුතු මස් වර්ගක් නම් කොට තිබෙනවා
cebac80759	33901	එමෙන්ම නිත්‍ය ගනුදෙනුකරුවන් බවට පත්ව ඇති
cebac9206e	c04d5	මේ සංසාර ගමනේ ආරම්භ වීමක් තියෙනවා වගේ
cebaf7fb20	0e353	වගුරු බිම් සහිත මාවතකින් ගමනක් ගියහ.
cebb0925c1	d945d	batista
cebb67b2bb	05d76	selena gomez dress
cebba44908	c696a	භික්‍ෂුවකට නුසුදුසු ය.
cebbe26a78	b8a97	අඩුම තරමේ මගේ මුහුණවත් නොබැලීය
cebc1f0c0b	3386d	පවතින බවට තොරතුරු තිබේ
cebc202dd5	f12ba	මෙයට හේතුවන්නට ඇත.
cebc3bcb43	df981	සේවකයාට පැවරූ කටයුතු ඉටුකළ නොකළ බව
cebcc0e0a3	0e1e0	ජනයා කම්මැලි වේවි
cebcd06c9e	6064f	විරාතු හිමි ජීවත් වන බුරුමයේ මධ්‍යම පළාතට
cebcfb923e	1afa7	බෞද්ධ සංගමයෙහි ලේකම් වශයෙන්ද
cebda23d52	d94a9	මමත් ආතල් එකේ
cebdaec0e7	d2f72	එයා කොයි කාලෙ ලොකු ළමයෙක් වුනාද
cebe49c027	ce816	එසේ විවෘත වීමෙන් පමණක්
cebe56b5eb	f9391	ප්‍රකට ගෘහනිර්මාණ ශිල්පියෙකු වු
cebe56c8a8	1afa7	ස්තුතියි ලිවිම ගැන
cebed8d7db	aa29c	සාක්ෂිකාරිය නෑ
cebeda06ca	7e3d4	යහපත් ජීවිතයක් ගත කිරීමට උපකාරි වෙයි.
cebf77d450	c4922	ඉදිරියෙන් ලොකු වාහනයක්
cebfc41081	15cf5	අළුත් ඒවා වගේම
cec050d46d	47746	ඇය පැවසුවා
cec0725071	00349	එයා මම එක යෝජනාවක් කරද්දි
cec0f117d6	df38e	ඔහු කටයුතු කරනවා.
cec1c1332d	f0098	කෞතුකාගාර සොරකම සම්බන්ධයෙන් පොලිසියට සාක්ෂියක් දුන් අයෙකි
cec300d0f2	54c3a	අවුරුදු දෙකක් විතර තිස්සේ
cec3438c4a	5a51f	නුවණැතියන්ගේ වදන්වලට කන් යොමු කිරීම උචිතය.
cec3999905	b7163	උද්ගත වූ බවද වාර්තා විය.
cec4b6c844	4b1d7	හැබැයි ඒ සංවේදිකම තියෙන්නේ
cec4d87494	05d76	මොකා වුනත්
cec4e68c53	3a976	එහෙම යනව
cec4fb0783	30026	ජනතාවට දරා ගන්න බැරි තරම්.
cec51ca09c	4b1be	මොකද එච්චර උනන්දු කරවල
cec5a878c0	7b561	බොහෝ සෙයින් සරණ කොට ගනී.
cec625282f	55ab9	යෝධ ශක්තියක් විය
cec63671d9	06105	නොපිළිගන්නා දෙකොටසක් ඇත.
cec6bf6b15	f32c3	මලින්තත් එකකට මාරු උනා.
cec71438ac	760be	අපිට උඩුකය විතරක් නෙවි
cec71b7657	3b15d	අර ජිප්සීස් සින්දුවේ තියෙන අවවාදයමයි.
cec7614006	c8454	රටේ තියන සම්පත් නිසි පරිදි කළමණාකරණය කරන්න
cec7979e63	8c558	ඇත්තටම මට මේ දවස්වල.
cec87d64ed	60906	ආපසු පිට නොවේ.
cec89a6a10	33901	බැඳීම සම්ප්‍රදායකි.
cec8d55f11	40381	අනුකම්පාව කරණකොට ගෙන
cec928a4dc	d9b9c	රජය විසින් පරාජය කළ එක
cec940068e	3dd78	ඔබ වහන්සේ සම්බුද්ධත්වය උදෙසා පාරමි පුරද්දී
cec9616b5c	91589	ඒකෙ තිබුන මුල් මූලාශ්‍රය
cec9b5056d	74475	බෞද්ධ සාහිත්‍යයේ
ceca54a78c	cc423	ඉතා වැදගත් අධ්‍යනයක් වනවාට සැක නැහැ.
ceca6564d9	a360d	පොර රට ගිහින් හම්බකරනව ඇත්තෙ
ceca762d86	60ae5	යහපත් කටයුත්තකි
ceca80bf01	0b586	frames
cecb74976f	d6c85	එය දැනුම් දී පැය කිහිපයක් ඇතුලත
cecb985441	be843	කඩකට සීමා කිරීමට තරම්
cecbdbaffe	d78dd	ක්‍රිෂ්ණාගේ වටා සිදුවනු ඔබට දැකිය හැකිය
cecbfc3875	e3ad7	ජීවිතය තුළ ෆැන්ටසියක් තිබෙන බව
cecc137168	dd6f8	මේ මාලා පොලිසියට කෝල් කරනවා
cecc1f0eea	4b5d0	කිසිවෙකුට තර්ක කල නොහැකිය
cecd3dbe83	9a1ed	මෙවැනි මතවාදීමය ගැටලු
cecd77be95	ae3ff	හැම දේටම සල්ලි ඕන.
cecd9a1413	bb0e6	රත්නප්‍රාසාදයේ මුරගලයි.
cecdcf9172	12204	රෙගුලාසි වශයෙන් පනවා ඇති පාරිභෝගික ආරක්ෂණ මාදිලිය.
cece21cb56	237d4	ලංකාවේ උන්ගේ සපෝර්ට් එක එතකොට ගන්න පුළුවන්නේ
cece3c769b	0c839	ප්‍රශංසා මුඛයෙන් කථා කළ බුදුන්වහන්සේ
cece4d2c29	c26e2	සියලු සංස්කාර ධර්මයන්
cecedfab75	ff39f	දිස්ත්‍රික් ප්‍රාදේශීය ලේකම් කාර්යාල වලට
cecf5634a3	0eea5	අපි උත්සාහ කරන්නේ
cecf7fb190	5556c	තේරුම ගැනීමට වඩා ආදරයක්.
cecf803c9a	73ec9	විතරයි සිදුවිය හැක්කේ.
cecf979bee	55c20	ඔබගේ මේ වෑයම අගය කළ යුතුයි.
cecfdd5a4e	c28da	ඇය තරුණ වියට එළඹෙද්දී යාපනයේ හමුදා රැඳී සිටීම වැඩි විණි
ced0949547	2df96	එය අපිට නොදැනුනු තරමින්
ced0955aa5	d7f61	බොහෝ අය නොමඟ යන්නේ
ced09fb2ac	b3777	උපැස් යුවල යුග්මයක් භාවිත කළ හේ
ced0bb4976	e47dc	උපසිරැසියට බොහොම ස්තූතියි සහෝ
ced17c8785	85ebd	ලංකාවේ නැති හින්දා මස් ලැබුනේ නෑ
ced197ed76	d6d03	උඹලා නඟන චෝදනා පමණයි.
ced1d43859	ec9a8	එනිසා සතුටට පත් සියල්ලන්ගෙන්ම
ced206d872	72b54	සමහර විට එයා
ced21b0069	3fa09	ඩාවින්ගේ පරිණාම වාදය සුරංගනා කථාවකි.
ced24604cf	c26ed	ඇසුරු කරන්නන්ගේ හොඳ හිත දිනා ගැනීමට හැකිවන දවසකි
ced24a455c	5556c	ලෝකයට පුලුවන් වෙයිද කියලා හිතන්නත් අමාරුයි.
ced2ce6962	96564	තමන්ව හඳුන්නල දෙනවා
ced2ea3444	715da	ඒවුණාට දොස්තර මහත්තයා
ced3a6aace	c6f6b	බුදු දහම විවරණය කරති.
ced3a6da81	bfb80	දිවි නසා ගත්තා.
ced3b9b350	ed3e5	අවන්ද භාණ්ඩ විය යුතුය
ced465a2c6	c28da	විමසීම පමණක් සෑහෙන බව අපගේ අදහසයි.
ced5042083	a9c56	මිහින්තලාවේ පිහිටි ලෙන් විශාල සංඛ්‍යාවක
ced5635107	0e353	ගොඩ නැගී ඇත්තේ
ced5d35ad9	f3f41	මේ නිසා අපේ තරුණියන්ට ස්වභාවික ආරක්ෂාවක් ලැබුණා
ced5ea1aad	bb0e6	සාධාරණීකරණය කරන්න
ced5fa9e9f	b06d1	රජයේ තනතුරුවලට සම්මුඛ පරීක්ෂණ සඳහා කැඳවිය හැකි දවසකි.
ced6547698	3183b	ඉතින් හොදින් විමර්ශනය කල
ced6e83b9b	438c8	උන්වහන්සේ වරින්වර
ced6f6a61c	cf582	තේරුම් ගන්නට වෑයම් කිරීමයි
ced735b69b	357e6	දැන් අහන්න දෙවනි කොටස කියවන්න.
ced7578377	c6f6b	දුරුකරන්න කුසල් උපදවා ගන්න මහන්සි ගන්නවා
ced75b9373	912d1	උදාවෙන්න පටන් ගත්තා.
ced793ec71	2df96	ඇබීට මෙලෙස නැවත බන්ධනාගාරයට යන්න වුණේ ඇයි?
ced880f767	b1a64	අද අපි අත්විඳිමින් සිටින්නෙමු.
ced8a8892b	02f82	තන්හාවෙන්න එපා.
ced9191859	aa29c	අත්දැකීම් පළමුවෙන්ම ලබාගත්තෙ
ced94728ad	aa29c	ඔක්කොම විස්තරේ දැනගන්න නිසා.
ced94f6c8e	d9b9c	මෑතක ආරම්භ කර තියෙනවා
ced9515794	c34c2	අලිය පිටේ යන්න බැරියැ
ced9d1f4d2	f200a	ආස කරන දේවල්වල පැටලෙන්නෙ ගහක එතෙන වැලක් වගේ.
ced9d64508	9f1f5	දෙදෙව් ලොවට අධිපති ශක්‍රදේවේන්ද්‍රයා ද
ceda869d5b	746ff	මටනම් බලන්න ලැබිලා නැහැ.
cedad195bd	98088	මේ සියල්ල කතරගම පූජාභූමියට එක් වූයේ පසු කාලීනව ය.
cedaf9efe6	23329	අපි කාටවත් යටත් වෙන්නේත් නැහැ.
cedb0e8635	1f5ff	පුංචි පාන් සලාකයක් විතරයි.
cedbae0a27	5b275	ඌරන් කෑම බීම පමණක් නොව
cedbcbe031	54c3a	සුභා තෙරණියගේ උදානය පෙන්වා දිය හැකි ය.
cedbe9908a	41a77	අනිත් ටිකත් ඉක්මනටම දීපන්.
cedc36a180	ac562	පුදුම වෙන්න දෙයක් නෙවෙයි
cedc5a187a	2bc1e	පුදුමේ කියන්නේ,
cedd1a4411	be2e9	මෙම වැඩසටහන් දෙක සහයෝගයෙන් එක්ව කටයුතු කොට
cedd7d29c6	e9dcb	ප්‍රධානම අංගයක් ලෙස
ceddc30262	a0028	බලලා නැති අය
ceddd36204	72337	කේමදාසගේ ඔපෙරා ජනතාව අතරට ගියේ නැහැ නේද.
ceddf8a39c	bb0e6	රාජ්‍ය වර්ෂ පූර්ව දෙවැනි සියවසේ දී
cede0e6afb	2d52b	ගති වර්ධනය වන දවසකි.
cedf01e310	4a724	පලි කොටසේ වැදගත්කම වටහා ගතිමි
cedf55c87f	9125c	ආරම්භ වූ දා සිටයි.
cedf8b1b9c	d71b2	අනෙක ඔතන තාප්පෙ ගහල තියෙන්නෙ
cedfb67e5e	88a58	කර්ම විපාක දෙන්නේ නෑ කියලා.
cee0a2def0	21459	මොලේ අවුල්ද
cee0ebb2c7	0bd84	රුවක් මට නැහැ.
cee12aff36	e35a8	ඉතාම අහඹු සිද්ධියක්.
cee1a5d660	190e9	මෙහිලා චණ්ඩාශෝක ධර්මාශෝක බවට පරිවර්තනය වූයේ
cee1f0b60c	8b8a4	පූර්ණ ගෞරවය හිමි විය යුත්තේ
cee1fe3e39	045af	දහවල් පමණක් ඇතිවුවද
cee20ef013	0bd84	නමුත් ඒ වෙනුවට
cee352430a	0e1e0	ආරක්‍ෂා කළ නොහැකියි.
cee4b516db	d6c85	අහිංසක ළමා කාලය සුන්දරව
cee5124c9b	92649	අන්තිම ප්‍රථිපලය
cee51e0530	b3a0c	කැපවූ සේවයක් සඳහාය
cee6c9e5d8	3a747	තරුණිය නිවෙසට පැමිණීම ගැන
cee6d3c272	6c5e8	කොහොමහරි ඉක්මණට ලොකු වෙන්න.
cee6d82022	2d52b	ජනතාවගේ අවශ්‍යතාවයන් වෙනුවෙන්
cee6f14f2b	cf7b2	ඒක එච්චර වැදගත් නෑ වගේ
cee6fc6c9c	b3777	අදත් අපි බිවුවහම කියන්නෙ
cee75b0758	778ef	සමිතියක තනතුරක් එක්කෝ මොකක් හරි ආයතනයක
cee7a66c3c	ac581	ඓතිහාසික වශයෙන් වැදගත්වෙයි.
cee7b4e0f4	78366	පරම රමණීයත්වය මේ යැයි
cee8180686	2f415	මොහු පැවිදි වුන විට
cee82095e6	c4922	බෝම්බය ගෙනැවිත් තබා ඇත
cee892e084	45feb	රටේ රාජ්‍ය පවා පැවැරෙන බවයි.
cee940600f	fea0e	බුදුපියාණන් වහන්සේ
cee962d8f0	45f15	ඒකට පෞද්ගලිකව බැනලා එවන්න.
cee98a6fe5	476be	රෝහලින් පිටවූවා ය.
ceea343fc7	e3ad7	නගන සිනාහඬ මෙහි ලියවුණු
ceead7c541	f8790	පැතුම් ඉටුවිය හැකි අද දින
ceeb016e78	b7054	ආහාරවල ගුණාත්මක භාවය මනා ලෙස නියාමනය කිරීමේ
ceeb229243	663e8	එතකොට පුළුවන් වේ
ceeb456db3	c1c21	නමුත් මේ සිද්ධියේ
ceed54a879	227d7	පිඩුසිඟා වඩින වේලාව වනතුරු
ceed71a6a6	9094b	එය ඇතිවීමට හේතුව
ceed88f775	ffa9f	අන්තිම කෑල්ල කතන්දරයකට කවියකට හොඳ නිමිත්තක්
ceedb122b3	4b215	පැන්නලු ඇතුලටම
ceee6b1d55	a624d	එතැනදී මම දැක්කා පොලිස් නිලධාරීන් සහ පොලිස් වාහන
ceefd42241	a624d	මහා මංගල සූත්‍රය, ව්‍යග්ගපජ්ජ සූත්‍රය, වේළුද්වාර සූත්‍රය ආදී
cef112e53d	46a48	රාති්‍ර කාලයට සැරි සරන්නේ
cef1479b69	08a49	මේ ධර්මය අවබෝධයට තියෙන කාරණා වළක්වන එක
cef1793eae	7e3d4	bike games to play
cef192a11a	bc55f	ස්ත්‍රිය දෙස ද
cef1bfa3b7	3d532	මේ මහපුරුෂ ලක්ෂණ තිස්දෙකම තිබෙන කෙනා
cef24a6f56	a7b6a	ඒක හරිම නරක දෙයක් කියලා
cef2612469	6e111	cute babies gallary
cef32b1814	8f885	ශාසනයේ අභිවෘද්ධිය පතා කරනවා නම්
cef349449f	a3d94	පෙළ ගැසෙන්නේ එවන් වූ ජනප්‍රවාදයන් ය.
cef349d832	c4922	කටයුතු කරන ලෙසයි
cef366c7c4	4b1d7	දරුවාට ද බලපායි.
cef476ae87	0224d	ඒත් ඊට පස්සේ
cef4ab4420	f2ef0	දෙවියන්ට මෙන් නොපෙනී සිටීමට හැකියාවක් ඇති,
cef593de68	f32c3	සිය පවු‍ලේ නියෝජිතයකු නම් කිරීමෙන් අනතුරුව
cef601b1b8	34e38	මෙයින් උන්වහන්සේ අනාගත ලෝකයාටම
cef619c7cc	b8589	මා විසින් වඩන ලද විපස්සනා මාර්ගය
cef65b197a	156fe	ඔබ දන්නවද
cef6efebf9	c2201	එක් ආත්ම භාවයකින්
cef7345519	ac562	පියාගේ මරණයේදී මවගේ මරණයේදී,
cef7a1117c	231ca	නමුත් මෙය ස්පර්ශ නොකළ
cef82652b9	4f068	ප්‍රජාතන්ත්‍රවාදය සුරැකීමේ මහජන රැළියක්
cef82b643c	55ab9	ඒ වෙනුවෙන් අරාබියෙන් අශ්වයන්
cef8449b18	d6c85	ඔබලා පුංචි කාලෙ ඉඳලම
cef8897bb6	ddb8f	මේ සියලූ දේ කිරීමට පෙර
cef8d49efa	93c65	හේන් වල මූලිකම දේ තමයි
cef95bfa17	7b332	එම පනත යළිත් සංශෝධනය කර
cef9b70786	72f9d	සහාය සහ කැපවීම
cef9bf4c8f	af4ca	මෙයාගේ ඇස්වලට
cefa1705b9	1afa7	රටවල් ප්‍රබල ලෙස මැදිහත් විය
cefa1b6949	44e28	කාශ්‍යප බුදුරජාණන් වහන්සේගේ කාලයේ.
cefa41cf44	ee066	කියවන එක අම්මගෙ විනෝදාංශයක් වගේ වුණා
cefa5684d1	7f4b1	නමුත් එම බොහෝ රටවල
cefafc8850	d1c44	වගේම ප්‍රතිමාවක්
cefb3e3749	dd6f8	කනගාටුවෙන් යුතුව දන්වා සිටීමට කැමැත්තෙමු
cefb4036af	a9c56	අර දියණියට සහ ගෙදර අයට
cefbe391b0	e8724	මැරීඩ් කපල් වලට ලව් එක
cefc73b3e4	f0098	වටදාගයෙන් පිටත්ව වීදි සංචාරය කරනු ඇත.
cefc83a399	34e11	එහි ජීවත් වෙන්න ඕනෑ.
cefc96d8dd	bced5	මම උනන්දුවෙන් බලා සිටිමි.
cefd271ca9	30026	නඩුව අසා අවසන් නොකළ කල්හි
cefd45fa12	df981	ඒ උදවිය තමයි.
cefdb8c9fd	eae99	ඉත්තන් ලෙස එකිනෙකා කපාගත් කාළය අත් හල යුතුව ඇත
cefe388d9b	0eee9	යටි රැවුල සම්පුර්ණයෙන්ම ගැලවිලා විසිවුණා නේද.
cefe4017fa	574a5	දියුණු වෙයි නැත්නම් වලපල්ලට යයි.
cefe55045d	21138	යහපත් මිතුරන් ඇසුරු කිරීම
cefe646b52	8e63d	මේකෙන් බොන්ඩ් බොහොම වැඩ ගන්නවා
cefe9c1ae5	c1715	දන්නව අපේ අතීතයත් රටේ අතීතයත්.
ceffac60db	e42fe	ලන්දේසීන් අප රට පාලනය කරන අවදියේ
ceffb5fee8	6a26f	valentine wishes
ceffebadf0	3eb66	මෙහි දී බව ද කියැවෙයි.
cf0042b0be	016b5	භය නොවන්න කර්මයට පදනම් වන්නේ
cf00bab0ee	72337	නින්ද යාමෙන් එසේ සිදුවන්නට ඇති බවය.
cf00e008c8	a6a62	මේ ක්ෂේත්‍රයේ පැවැත්මක් නෑ.
cf014b91c9	7599b	උන්වහන්සේ විසින් එය ඒ අයුරින්
cf01fc5c4b	43324	අද අප කතා කරන්නේ
cf02904506	effa6	අනෙක් ආහාරද ඇය අනුභව කළේ නියම
cf029ea1c3	c8784	නීතිවේදියා පැවසූ බවත්
cf030f4a72	3a976	බුද්ධ ධර්මය ඇසීමේදී
cf03537573	78366	එදා බාරගත්තේ නැති නිසා
cf03b6ef98	78366	බෝධි පූජා සඳහා
cf04f9b930	3139c	කියා දෙන පාඩමකි.
cf054bcffd	8b8a4	sinhala fonts
cf068604d0	206b6	මැන්ඩෙලා වීරයෙක් ක‍රල
cf072578af	e5fb8	සල්ලි නැතුව අනාත වුණ
cf074b64f6	44978	ධර්මාසනය කරා වැඩම කරවන ලදී.
cf07dd5b8f	231ca	මොකක්ද කියලා?
cf080acf95	a6a62	එමෙන්ම තම අනන්‍යතාවය සනාථ කිරීමට සමත්වන
cf08190ef0	b6ca9	wallpapers to go
cf08553778	c8784	ගොඩනගා ගත්තෙ නැති නිසා
cf087e6bfc	b796c	ගොඩක් අය මාව දන්නවා.
cf08e517b8	c1715	මේක මම ආපු කාලෙම බැලුවා.
cf08eb1544	a3d94	තවත් කෙනෙකු සමග හුවමාරු කර ගන්නට
cf0932d7a6	8af52	දන්නේ නැහැ මේ කියන්නේ.
cf09b39314	2f415	අනතුරුව සාක්ෂිකාරිය ඉහත කී
cf09f5a466	fda64	නමුත් පිනට කලබල වෙලා
cf0a01194e	d52f0	සුබ පතන්න ඕනේ.
cf0ac9fa56	0c839	බලන්න හරියයිද කියල.
cf0b2305a8	5a51f	මොකද දන්නේ නැහැ නේද?
cf0c1c6948	0622a	ඥාන නවයක් ඇත.
cf0cdcb7f6	ff39f	අපට අවබෝධ නොවුණෙත්
cf0d0cb307	e35a8	මෙලෙස භික්‍ෂුණී සමාජය උදෙසා
cf0d4b591e	34e38	මේක දුන්නට
cf0d665e7c	25717	මේකෙ කතාව දිවයන්නෙ තරුණ ළමයින් කීපදෙනෙක් වටා.
cf0dc8ae9d	fda64	මහා සාංඝික සහ ස්ථවිරවාදී යන දෙකොටසක් බිහි විය
cf0dce9ad5	b7163	තුලා ආර්ථික අපහසුතාවලට මුහුණ දීමට
cf0e01f7a5	045af	සම්මත වචන අඩංගු කමෙන්ට්ස් දාන්න එපා.
cf0e10dce7	646e1	ඒක දැනගෙන උන්
cf0e2c61b9	29f4f	බැලුම වැටෙනවා දැකලා
cf0e73dbf6	2a1cd	ප්‍රේක්ෂක ප්‍රසාදය සුවිශේෂී අයුරින් ඇද ගන්නට
cf0e7fe41b	a7d05	විස්තර ලියල තියන පොතද?
cf0eb066a6	0eea5	මේ සම්බන්ධව කරුණු
cf0f3baacc	f7f4f	ඉන් අනතුරුව අගනුවර පුරා ඇවිද ගිය චන්ද්‍රගුප්ත
cf0f40d962	202fc	බුද්ධකාලීන ඉන්දියාවේ
cf0fc5ca51	a624d	විනය භාර ගුරුතුමාත්
cf10499e46	89130	මෙයාව භාවිතා කරලා
cf1080427c	96564	ප්‍රමාදයට හා මදයට හේතුවන
cf10ae8935	dc5ef	දායක වෙලා තියෙනවා.
cf116eb666	ab81c	මමත් මේක බලලා තියෙනවා.
cf117db1e4	08a49	කෙලෙස් ධර්මවල බලපෑම නිසා බව
cf117effd9	a3a6a	ඔහුව ඉතාමත් ගම්බද පලාතකට
cf11dd30fe	f3f41	ගිහින් බලන්ඩ ඕනි
cf121bbf5e	8b124	ඒක නිසා ආදායම
cf124e1b6f	3062b	යුතුව දෙව්ලොව උපන්නා.
cf129c433a	c8784	නො අනුමානයි.
cf12c6d1b7	ccf7a	ජලය ලබාගෙන තිබුණි.
cf12d99d3f	466d8	අපිව නියෝජනය කරන්නවත්
cf13a03423	6dcd3	අපිට පොදු දෙයක් කාට හෝ අභිමත පරිදි
cf13bb1732	409ee	රජෙක් වුන යුරාජයගෙ
cf13c3f578	39cc4	පොලිස් විශේෂ කාර්ය බළකාය විසින්
cf140d49f9	3be3a	ඇස් රෝගය සනීප කරන එකක්.
cf1469a3cd	44978	මේවා විසුරුවා හැරීම.
cf1496d5bb	0224d	කල් තියා අපේ සහෝලාට
cf150d5fa0	9a1ed	තෑන්ක්ස් මචෝ සබ් ටික දෙනකන් තමයි
cf158f7878	a9c56	කතරගම වෙන ම ස්වාධීන රාජ්‍යයක් ව
cf15d8fdfc	a360d	ඔවුන් කියා නැහැ.
cf15ee3a5a	06105	මේ ඊතලය විදින ලද්දේ කෙබඳු දුන්නකින් ද
cf1602f448	9125c	ඔබම බිල්ලෙක් මවාගෙන
cf160f88f9	91403	ගැන කනගාටුයි.
cf167ce755	3386d	ඒත් දැන් හිතෙනවා
cf16c38aeb	55ab9	අපි සියලූ දෙනාටම මුහුණ දීමට
cf191268ba	fc710	බිනර පොහෝ දිනය
cf19393bd7	88c80	අපි ඒ හැමදේටම
cf19608fcb	3139c	අදහස හොඳයි වගේ
cf197651bc	45f15	how to lose belly fat
cf197ad10b	68b8a	අපිත් එක්ක ඉගෙන ගත්තා.
cf19abf8f3	8eb5c	සියවස් 5 කට පසුව
cf1a5e576d	4a53b	තැනකට ගිහිල්ලා සිංහලෙන් කථා කරනකොට
cf1abaa479	ac581	යන්ත්‍රයක් නොවැ මේ සිත කියලා කියන්නේ
cf1b4bd70e	016b5	කර්මස්ථානයට බාධා වන අන්දමේ
cf1b74e942	92637	භාවිත ශ්ලෝක ඇතුළත්
cf1b86eca5	85ebd	අපට දවසට විනාඩි
cf1b8d4423	23c9f	ඔබ ජිහාද් සටනට නොයන්නෙහි නම්
cf1be186b2	f40d9	මුගලන් මහ රහතන් වහන්සේට වගේම
cf1c293462	d6c85	ඉස්ලාම් ජාතිකයන්ට උදව් කරනු ලැබේ.
cf1d515e76	87c4c	අනිත් මිනිස්සුන්ට ඇඟිල්ල දික් කරන්න කළින්
cf1d539d6e	2a845	ඔහු ඔබව ගෙදරට ඇරලූවා කියලා
cf1d950413	1d339	දැනගන්නේ තමන්ව කවුරු හරි කෙනෙක්
cf1dc88ef9	cb1fe	පතිත වන්නට ඇතැයි
cf1dd9fa4a	e35a8	මෙම නිවස පරීක්‍ෂා කිරීමට පොලිස්‌ නිලධාරීන් කණ්‌ඩායමක්‌ මෙහි පැමිණි බවය.
cf1e0b30f0	cb1fe	අනෙක් ආගම් වල
cf1e2a628d	00349	භාවිතයෙන් උපසිරැසි සීරුමාරු කර ගැනීම.
cf1e3175c0	68b8a	මළගිය අය අරමුණු කර
cf1e9b9ece	0c839	wood chair
cf1eec5e09	05d76	මත්ස්‍ය හිස පමණි.
cf1f4c7a7d	74475	පෙබරවාරි මැද සිට
cf1fa1621a	d52f0	නාථ දෙවියන්ගේ කතාව විස්වාස කරනව.
cf1fecb2e4	59778	ඇත්තටම ඒ ළමා කාලය සුන්දර චිත්‍රයක් වගෙයි.
cf2033ebc2	156fe	හැමවිටම නේටෝ සංග්‍රාම
cf20472609	cd0b3	යුද්ධයට සැරැසී සිටි තැන
cf204fd5db	fc710	හිතුවේ අර දුෂ්කර ක්‍රියා අත්හැරපු නිසා
cf2082be8d	29f4f	එකම වේගයකින් රිය ධාවනය කරන්නට
cf20ae908b	c95d0	ඇය පිළිගත් ක්‍රමවේද හරහා
cf211d6f0e	45f15	තවත් වැඩි වැඩියෙන්
cf219a96da	a7d05	ෆට්ට ෆට්ට.
cf21a4b07a	fe361	ඒත් දොළහක්"" එහෙම තිබුණෙ නෑ"
