cf21acab35	එකල කලා ශිල්පීහු
cf21bd5fa4	යකුන් නම් වූ මිනිස් පිරිස ඇදහුයේ මළවුන්ය.
cf228f0e1d	එදා තමයි මම දැනගත්තෙ.
cf231a75c3	අපිට ආරක්ෂාවක් ඕන
cf237767a8	xp pro
cf242f58a6	ඔන්න එක දවසක් වළාකුළු අතරින්
cf248f722f	පිළිබඳ විමසා බැලීමද මෙහිලා වැදගත් වේ.
cf2499c0e6	ඒක ඕනෙම කෙනෙක්ට
cf24d84635	පවතින පාලකයා රකින්න.
cf24dbf854	අප්පේ ගොඩකාලයකට පස්සේ
cf251759b2	මව්පියෝ ද වෛද්‍යවරු ද දරුවන්ට කියති.
cf25629c47	ජයවිරාජ් ප්‍රසාද් ලියපු විදිහ
cf25ab441c	අප සහයෝගය දිය යුතු බවයි.
cf264d20a5	යනුවෙන්ද ඔහු පැවසීය
cf26f41209	නළුවෙක් ලෙසත් අත්දකිනවා..
cf27a5fe1f	මහ දැවැන්ත පුරුෂයෙක් ගාවට දැවැන්ත පක්ෂයක් ගාවට.
cf27db7474	ප්‍රණීත වූ ආහාර පාන
cf27fc9f75	ඒක හරි මචං
cf292e080a	නරඹන්නට හැකියාවක් ඔබට නැහැ.
cf2b090a8a	භාරතයේදී ය.
cf2b53e150	බොහෝ භික්ෂුණි ආරාම
cf2cc09a53	දෙවියන්ට දහම් දෙසීම සඳහාය
cf2d4e00f9	පොලිස් නිලධාරියෙකුත් මිය යනවා.
cf2d81144c	කොටුවූ මනුස්‌සයා හිරේ වැටුණේය
cf2db5d5e0	ඒත් මොහු ගේ කැමැත්ත වූයේ
cf2dbefea0	එහි පළමුවැන්න යි
cf3007f133	ඔබ තවමත් එතැනම බවයි.
cf30d2d7c9	දල්වන්න වගේම බිඳ දමන්නේත්
cf31d28ca8	බොහෝ දුක් සහිත වන අතර
cf327bc2fd	මට වැඩක් නෑ කියලා.
cf32a5f482	කාරණය සාකච්ඡා කිරීමට පෙර
cf332005d9	දේශනා කරනවා.
cf338f26a3	මේ දෙදෙනා මුල් කොට ගත යුතුයි.
cf34785e12	මංජුටත් තෙරුවන් සරණයි.
cf34cc0839	මුලින්ම තියෙන්නෙ කාන්තාවක් පැහරගන්නා සිදුවීමක්.
cf34e3881d	එය නොවන බව පැහැදිලියි.
cf3616dfa7	ගහන්න ඒවා නැතිවෙනකොට
cf363ff8ae	තැන්පත් කර ඇති බව සැළකේ.
cf36b596b3	හැබැයි මේ උපමාවට කැමති නෑ.
cf3707d494	ඉංග්‍රීසියෙන් ඉගෙන ගත්තට
cf3718d56d	තමා යෝජනා කරන බව
cf374bcfad	ඔවුනට අමතකව ඇත්තා සේ ය.
cf377e50d3	ඉහතින් උපුටා දක්වා ඇත්තේ
cf37bab8bf	මියගිය මවුපියන් වෙනුවෙන්
cf37cbc564	ඔන්න ඔය අභියෝගවලට මුහුනදීල
cf37f5339c	ඒක කියන්න බැරි වුණේ
cf38f1603d	කුළු හරක් ඉන්න පැත්තට තුවක්කුව ඉලක්ක කළා
cf38f82636	කලු හරකා යනකොට සුදු හරකත් යනවා
cf391c4056	එහිදී වෛද්‍ය නිර්දේශ
cf39843ca2	කාගේ හෝ නිර්මාණයක්
cf39da7c49	අන්න කෙස් බලන්න කිව්ව
cf3a01cc0a	උදේ හවස දුම්රියෙන් රැකියාවට යන එන පිරිස්
cf3a3276db	ගොඩනැඟෙන සමාජ සම්බන්ධතා මෙන්ම හිතවත්කම් ද
cf3b7386c3	අතිජාත දරුවන් ලෙසයි.
cf3b7eb89b	වෙනත් සතුරෙක් නැත.
cf3b9ca757	රාශියක් යට වී යයි.
cf3bf90caa	ලෝකයේ ඕනෑම ජන සමාජයකට සංස්කෘතියක් තිබෙනවා.
cf3c210774	මේ ස්වාමීන් වහන්සේලා දැකගත් පින්වතුන් මහත් සේ පැහැදුනා
cf3c29c07e	විශේෂ පලක් නොමැති අතර
cf3c2e4681	නමුත් දැන් ඔහුට මතක් වෙන්නේ
cf3c9d2014	පුරුදු පුහුණු කරගත යුතු කරුණු අතරෙන් තුනක්
cf3cabf4e1	nice
cf3cfddd28	එම රෝහලට පැමිණ සිටියාය.
cf3d3ac235	මේ සියලු පූජාවන් සිදු කරනුයේ
cf3d814bb6	එන්නේ ගෙදර නම්,
cf3da120e5	මෙහි දුර්ලභ ගණයේ ලිපි ලේඛන
cf3e200631	ඔය අතරේ බුදුරජාණන් වහන්සේලා
cf3e91c899	නමුත් පොර ටෝක් දෙන විට
cf3ed8f2f9	කියන ගමන්ම මාත් ගියා
cf4026b645	තණකොල පෙත්ත දුෂ්ඨය වුණත්
cf4097a32f	ඊට පසුව වෙන දේවල්
cf40d7f4a5	ඒත් බලෙන්
cf41d6cabf	ඔබගේ අන්තිම ඡේදයන්
cf422299ef	මිහිඳු හිමියෝ එහි දී
cf42a635d7	එකම රගපෑම තමයි
cf42b5a2e3	මෙරට සිංහල බෞද්ධ පදනම පිළිගන්නේ
cf42dfe679	ඉහළ මට්ටමෙන් යුත් අධ්‍යාපනයක්
cf42ffed98	වෙන අදහස් වලට ඉඩ තිබුනේ නැහැ.
cf4303f5b6	වෙන්නේ නැහැ නේ?
cf4307540e	මට දැන්නේ තේරුනේ
cf43eb66ea	හිමිහිට ගන්නවා
cf43feea2a	සුවිශේෂී සිදුවීම් ගණනාවක් ඇත
cf443e5c75	දඟයා ලිව්වා විතරමයි
cf45600dbc	පකිස්ථානය නම වැනි ස්ථානයද
cf457a1d33	කෝ අර දැනුමට කියලා දමන කෑල්ල
cf458a74d2	කියවන්න වෙන තැනක් නැනෙ.
cf45b57b3b	ඉස්සරහටත් මේ වගේ නිර්මාණ ලබා දෙන්න කියලත් ඉල්ලනවා
cf461ec044	මුල් කාලයේ මේ සඳහා භාවිතා කර ඇත්තේ
cf4657281e	සිවුවනක් පිරිසගේ
cf466d01b2	තර්කයෙහි සප්‍රමාණ බව පිළිගෙන තිබේ.
cf4673a2ce	ඉකුත් දා රාත්‍රියේදී තවත් යාචක කාන්තාවන් දෙදෙනකු
cf46771b7e	ඒත් පස්සෙ පස්සෙ
cf46be51a8	ඔබට දකින්නට ලැබේවි
cf46fa726b	අනුන්ට ගරහන එක ඕපාදූප කියන එක
cf47c15656	දන්නා අය දනිති
cf480cb407	මරණය නිතරම මෙනෙහි කරමින්
cf48a16411	විවිත්‍ර ලෙස ජාතක කතා චිත්‍රයට නඟන ලද බව
cf495699c0	හැබැයි මට සැබෑවට නිර්මාල් කෙනෙක් ලැබිලා නැහැ.
cf496307e7	ස්ත්‍රී පක්‍ෂය වෙනුවෙන් තනතුරක් පිරිනැමීමටද
cf4a0d189f	සම සෞඛ්‍ය පීඨයේ සිසුන්
cf4a94b399	දේශපාලන හා සමාජ වටපිටාවද සලකා බැලිය යුතුය.
cf4a9ecc6f	චෛත්‍යය වන්නේ ථූපාරාමයයි.
cf4b675cf9	එහි පැවතියේ එක්තරා අන්දමක ආගමික උන්මාදයකි.
cf4b7ddea5	ගත්තට පස්සෙනේ ඒක කරන්නේ කියලා.
cf4c1b9cc9	ඉතින් ඊට වඩා හොයනවනම් බදු ගෙවන්න ඕනි.
cf4c6a8e84	එකතු වෙලා ආරක්ෂා කළා.
cf4cd2aab9	classic cars
cf4d08a974	එක ඉරියව්වක සිටීම
cf4d720bc9	සංගීත ආරකින් මිනිස් සංතානයට ලැබෙනුයේ
cf4fd688d9	ප්‍රාග් ඉතිහාසඥයෝ විශ්වාස කරති
cf5055be4e	එහෙයින් මෝඩයෝ
cf5065ab05	ඊට පස්සේ මම එයාට කියනවා
cf5114209f	පිටකොටුවේ ශාන්ත මේරි,
cf51918e6b	ඒක මගේ හිතේ.
cf51991d5c	දාන්න වෙයි
cf51ec45a5	ගාථා වල විශේෂත්වය
cf5308588a	ඔවුන්ට පෝෂ්‍යදායී ආහාර සැපයීම
cf535153c2	නමුත් ඔබ කවියෙක් නම්
cf538705dc	වෑදගත් දේ තමයි කරනා ලද ක්‍රියාව
cf544934e7	web hosting company
cf5464cd1d	ඔබේ ජීවිතය
cf547612bb	ඔක්කොම එතකොට මේකත් දැම්මහාම
cf54fac653	tribal design tattoos
cf552d15b3	මේ ශක්තිය බලාපොරොත්තු වෙන්නෙ?
cf553d594a	ස්වභාවික විපතක් සම්බන්ධවයි.
cf5593125b	විශාලත්වය සිතාගත නොහැකිය
cf55f4c518	අපේ දරුවන් සූදානම්.
cf55fc35b4	සිරිලකට බලපෑ පළමු සුනාමි අත්දැකීම වන්නේද?
cf561517fc	පාරිභෝගිකයාට අනර්ඝතම නිෂ්පාදන පෙන්වා,
cf56444372	ඉතින් ගොඩාක් ස්තූතියි
cf56583291	පසුපසට ගමන් කරනවාද
cf568936bf	බුදුදහමේ පණිවුඩය
cf5728bdf1	දියුණු කරගැනීමේ අදහසින්
cf597043b7	ගිහින් තියෙන්නෙ තාත්තගෙ මාමලු
cf59ec76b4	බුදුරජාණන් වහන්සේ උදෙසා
cf59f8f346	මොකද දැනටමත් එහි උපසිරැස අවසන් කරලා තියෙන්නේ.
cf5a310fe9	කකා තමයි දවසකටවත් මිනිහා කියලා
cf5a76e426	අත අරින්න බැරිව ඇදගෙන යන සුද්ද හදපු
cf5ab6ed05	damaged vehicles for sale
cf5ae67e1f	මේ වගේ අම්බලමක් ඇතුල් කෝට්ටේ හන්දියේ තියෙනවා නේද?
cf5b001086	ඒකෙත් අවසන් පිටු කීපය
cf5b078703	පවසා තිබේ.
cf5b7b1ec7	විශුද්ධි මාර්ගයේ දී හඳුන්වයි.
cf5bb2bee3	එය හමුදාව අධිපති පංතිය
cf5c849cec	එයින් සමාජයේ උන්නතියට
cf5cc086df	වෙනස් කළ හොත්
cf5cfd43e8	අපේ අම්මගෙ මන්තරේ
cf5d81bdee	එමෙන් ම අළු යට සැගවුණු
cf5d88b0ed	පට්ට ෆිල්ම් එකක් හැමෝම බලපල්ලා.
cf5da97304	අනිත් එක ඇත්තටම
cf5dac51a6	ඒවා හොඳට කළා.
cf5e950640	ආහාරපානාදියෙන් පෝෂණය කළේ කරුණාභරිතවය.
cf5ea716ac	හිතන්න මේ ඔබ දකින අනුරපුරයට යටින්
cf5ec6b003	කෞතුකාගාරයන් හි පමණකි.
cf5ef452ec	පුනරුප්පත්තියක් නැතැයි නිගමනය කළේ ය
cf5f2604ab	ඒකෙන් හොයාගන්න එව්වා
cf5f44ef84	අනෙක් හැම දෙයින්ම
cf600ef178	බුදුරදුන්ගේ සමස්ත දේශනාවෙන්ම කියැවෙන්නේ
cf608618e7	උද්ඝෝෂණවලට වෙඩි තබන එක
cf60e22d17	සාමාන්‍ය ලෝකයේ පොඩි දෙයක් වුණත්
cf610ca474	ඔහු රජ්ජුරුවන්ට පෙන්වා දුන්නා.
cf611e2b90	විසින් සිදු කරනු ලබයි.
cf613cfa64	ඒත් මම දැන් හිතන්නේ
cf6178c317	මිනිස් සමාජය, තිරිසන් සතුන් මෙන්ම වෘක්‍ෂලතා ආදිය කෙරෙහිද
cf620f9b2f	ඊළග ආත්මේ අපි
cf622d6dc1	ගන්න කිසිම දෙයක් නෑ
cf62646440	පක්‍ෂය වෙනුවෙන් පෙනී සිටියා නම්?
cf62a5c3b1	නම් මට ප්‍රශ්නයක්
cf6369ee8b	අපිට ඒක කරන්න පුළුවන්.
cf6451647f	අහල දැකල තියෙන එකක්.
cf64d26d36	මේ දෙකින් විය හැක්කේ කුමක්ද?
cf64d9c8b5	එහෙත් දැවෙන යමක් අහසේ දුටු බව
cf650d85ca	උඹ මේකෙ කමෙන්ටි කරන ඇත්ත සිහල
cf65c4e221	දකිනවා කෙනෙක් සියදිවි නසා ගන්න උත්සහා කරනවා.
cf65db85d0	තම සකල ක්‍රියා කලාපයන්
cf65ed7bc5	මෙම තරුණයා අපට විස්තර කරනුයේ
cf660140a6	පාරිභෝගිකයාට මුල්‍යමය වශයෙන්
cf671b8ac9	මතක් වුනේ තවත් සිංදුවකුයි
cf67532dd2	මිනිසා පස්පවින්, දස අකුසලින්, පංච කාමයෙන් මුදාගෙන
cf67af89ef	දියුණු කරගත යුතුයි
cf67d8ee9e	ෆිල්ම් එක බලන්නම වෙනවා
cf6865469b	එවිට කේසි යළි සාමාන්‍ය පරිදි
cf68698d75	වින්දනය අපමණය.
cf688e0890	කදිම නිදසුනක් වෙයි
cf68b37261	ඒවා යොදා ගනිමින්
cf695762c7	එම ත්‍රිපිටක ධර්මය
cf6a5b291f	කපටි පොඩි නම නොදන්නවා වගේ ඉන්නවා.
cf6ac774f4	ප්‍රතිඵල හරියටම හරි
cf6bb07c45	මිසදිටුවන්ගෙන් වන හානි
cf6bb794f8	එහෙම පදනමකින් නෙවෙයි.
cf6bc6f75b	කියලා දැන් හිතෙනවා.
cf6bc79756	තුට්ටු දෙකට පාන්පිටි සමාගමේ
cf6c0f64e9	මෙම ග්‍රන්ථකරණය කෙරෙහි
cf6d498c15	ඔයා දාන්නෙ කොල්ලෝ දාන සපත්තු
cf6d71d8a2	නිවැරැදි බෞද්ධයන් ලෙස අප නැවත සිතා බැලිය යුතුය.
cf6dbe7027	ඔය ලක්ෂණ ටික තියෙනවා
cf6e16ae3a	අම්මගේ ආදරේ සමාන කරන්න පුළුවන්
cf6e4e3848	හාමුදුරුවෝ මේ බව වගකිවයුතු අංශ වලට දැන්වුවා.
cf6e9ec731	තමන් තනියම කරගැනීම
cf6eab5c44	උන්ගේ උද්දච්චකම පිපිරෙනවා.
cf6ee6378e	සාඩම්බරණීය බෞද්ධ උරුමයකි.
cf6f2e25ea	අජරාමරහි දක්නට ලැබෙන්නේ එයයි
cf6f695aad	මොන නමින් ලිව්වත්.
cf6fb9c8f7	උන් නම් සිංහලයෝ
cf6fc2b0a2	මෙය වරම් ලැබුවා
cf6fd39208	ආයේ සිංහලෙන් බලන්න පුලුවන් මේක.
cf6ff01a6d	ජීවිතය ගැට ගසා ගැනීමේ අභියෝගයටයි.
cf6ffe5a02	දේශපාලනඥයන්ගේ ඇසුරක්
cf70ce26db	අපි කට ඇරියොත්
cf711e3cdd	රෙයර් මීඩියම් ඩන් කියල
cf71c99889	මෙම අරමුණු ඉටු කර ගැනීම වෙනුවෙන්
cf71f1facd	එම නිසා කෙනෙක්
cf7241e21d	උඹ වගේ එකෙක් මෙහෙම හරි
cf72c2ae9b	එවේලෙහි අපගේ ශාස්තෘ වූ
cf7326fe5c	මුල් ඇදහීම අතහැරියේ නැහැ.
cf735803fb	නවකතාකරු ඇතැම් විට අමතක කර තිබේ
cf73c3e843	තීරණයක් ගන්න ඕන බලන්නේ
cf741f4c2d	ලම්භකව තියෙන නිසා මිස
cf74255d5d	විශ්ව විද්යාලෙකට දාගත්තොත් ඇති කියල.
cf74606b48	ශාන් සහෝ සිංහල උපසිරැසියට.
cf7542d769	කිසිම කෙනෙකුට දුරකථන ඇමතුමක්‌ගන්න බැහැනේ
cf756d8ff2	අද කතාවට වඩා
cf75e97c6b	මෙහි ලා පිනෙහි ස්වභාව තවදුරටත් වටහා ගත යුතුය
cf76152bf5	මුහුණ දෙන්න ඕන.
cf761f0d7e	ජීවත් වෙන්න..
cf76dc6e06	ඒක හින්දලු
cf76fad79e	එයාගේ කීම නිසා
cf76ffe15c	සිංහල දෙනකම් හිටියෙ.
cf77a92015	ලොව්තුරා බුදු බව ලබන්නේ ය.
cf787fd499	විස්තර කොට තිබෙනවා.
cf79234ff1	මෙච්චර දේවල් කරන්න බෑ.
cf794f9134	බාධාවක් වෙලා නෑ.
cf79529549	යෝනිසෝ මනසිකාරයෙන්
cf79635b97	පුද්ගල පෞරුෂය වර්ධනය කරන ආකාරය
cf7a9e68d7	අධිකරණ ක්‍රමවේදයක්
cf7adc1349	අපට ඒක කොච්චර දුරට
cf7aeb84f1	මේ සම්බුද්ධ ශාසනයට
cf7b76a4af	හෙළි වී ඇත.
cf7c219721	මඟ පෙන්වීම ලැබිණි.
cf7c344f19	රස තෘෂ්ණාව නැතිව යයි.
cf7c6b38d0	මේ වනවිට ඉන්නේ රහස්‌ පොලිස්‌ අත්අඩංගුවේය.
cf7cb9c85c	එවැනි විපරීත ඇඳුම් වලින්
cf7d347494	අට වෙනි කොටසටත් ඇවිදින්
cf7d4d4864	දෙනකම් හිටියේ.
cf7d648784	එක් දිනක් රාත්‍රියක ඔහුගේ පැල්පතට සොරෙක් ඇතුළු විය
cf7d9a54e5	බොහෝ කල් ගත වි ඇති බවයි.
cf7ddc59ef	නමුත් ආචාර්ය ඩොමිනික් පවසන ආකාරයට
cf7dece342	බුදුහාමුදුරුවෝ ද යමක් කළේ
cf7e234a49	ඒගොල්ලත් ඒව බලනවා.
cf7f370f91	අද වන විට සූත්‍ර පිටකයේ
cf7f419f69	බුදුරජාණන් වහන්සේ මීට අවුරුදු දෙදහස් පන්සිය ගණනකට කලින්
cf804491d3	කුකුරුමහන්දමන ටැම් ලිපියේ සඳහන්වේ.
cf81084db5	rose flower
cf813c1122	කේ.ඩී
cf81548dec	ඉටුකර ගත හැකි දවසකි.
cf81acdd79	උඹ ඒකේ ඇතුලෙම ඉන්න නිසා උඹට තියෙන අවබෝධය වැඩියි
cf81c11f1e	ඇතමුන් විවෘතව අග්නිදිග ආසියාතික යුද්ධය හෙලා දකින ලදී.
cf82059a0d	ඉතිං ඒවයේ අපට ඉහළ මට්ටමක් බලාපොරොත්තු වෙන්න බෑ
cf824f08ec	මෙහි පුරාණ දඹදිව පිළිබඳ වාර්තාවන් අඩංගු වේ
cf8254c3c8	ඒක එහේ හෝ මෙහේ
cf82ff5ef1	ඌට ඉලක්කම් වැඩි කිරීම
cf8302e710	තාම කවුරුවත් ඒක භාර අරගෙන නම් නැහැ.
cf83030333	අද්විතීය වූ මහා පුණ්‍යවන්තයෙක්.
cf835a9176	හොඳ හොඳ සෙල්ලං තියෙන්නෙ.
cf839302f1	ymail.com
cf8435f1eb	මේවායින් එකක් හෝ නොමැති නම්
cf8452c748	අවසානයේ මහරහත් පදවිය
cf847927fc	ඒවාට බෙහෙත්
cf8480bc74	කථානායක චමල් රාජපක්‍ෂ මහතා විසින්
cf84882bb8	එකම ප්‍රශ්නය උන් දෙගොල්ලන්ට රටෙන් කෑල්ලක් නොදීමයි
cf8503cda5	විධිවිධාන උපරිම ලෙස යොදා ඇත
cf85d5ecec	මතු වෙන්නේ නැහැ.
cf8654d375	බණ පොතට අනුව සිහිකරන කොටත් සිත පිරිල යනවා.
cf867580cb	ඕංෆාස්ට් ඇන්ඩ් ෆේවරියස් එකේ
cf86866ea4	ශක්තිමත් රෝදයක් සවිකිරීම
cf86abe127	එහෙම පසුබිමක
cf87485a58	අන්තිම අවසානයේ හරිය එද්දි
cf878eee44	ආත්මය හෝ ආත්මීය සේයාව,
cf87b3f275	මෙබඳු ගුණ කදම්බයෙන් යුත් මව්පියන්ට
cf8899db08	ඔහුගේ ශ්‍රී ලංකා චාරිකාවේ සම්ප්‍රදායයක් බවට පත් වී තිබේ
cf89079de6	උපුටා ගැනීම් සියල්ලම ඔවුන්ගේ අවසරය මතම සිදුවිය යුතුය
cf898fc824	සමත්වී නැතැයි ඔහු පවසන්නේ
cf89c5f5a5	අද මම පුදුම වෙමි
cf8a200210	උඹල පැවතගෙන එන්නෙ කාගෙන්ද
cf8a3a6c5b	රාජ්කුනුහබ්බවල නෙවෙයි
cf8a6f05e6	අපි රාජ්‍ය සේවය
cf8ac7bc82	හැම වෙලේම
cf8b03fae2	උපහාසයට ලක්කරන්න තරම්
cf8b3da934	බුදු දහමේ සැබෑ පරමර්ථය මේ ලෝකය විනාශ කිරීමයි.
cf8b94007c	අදටත් රෝම නීති අනුව ආගම වෙනුවෙන්
cf8c39f033	එය ප්‍රතික්ෂේප කිරීමේ හැකියාවක් පැවතීම යි.
cf8cc2a2da	බොහෝ අපරාධ එකී රෝගයේ ප්‍රතිඵල ය.
cf8ce6dbcd	අර ආගම යනු
cf8d0a927c	අද ‍අලුයම . ට පමණ
cf8d2dd880	පිළියෙළ වී ඇතැයි සිතිය නොහැකිය.
cf8d372cc1	ගන්න කාලය වගේ හතර පස් ගුණයක් වෙලාවක්
cf8d61d8e5	උත්තුංග දේහධාරී රණකාමී
cf8d7958dd	මෙන් දිස් විය.
cf8ddcaa0d	අපි ගෙවන්නම්
cf8e92e839	එහි ඇති සැතපෙන බුද්ධ ප්‍රතිමාව
cf8f352957	ජේ කියන්නේ හොඳ පුද්ගලයෙක් කියලා
cf8f36e812	යෝජනාවට පක්ෂව ඡන්දය දුන් අතර
cf8f3a0583	අපේ දුවා දරුවෝ විවාහ වෙලා
cf8f3a75fb	බෝධීන් වහන්සේ නැහැවීමට
cf8f5fad27	තුලා රැකියාව සුපුරුදු පරිදි කරගෙන යාමට
cf8f6d9a98	මේක වැදගත් වෙන්නෙ කොහොමද?
cf8f7666bd	චාර්ල්ස් ඩාවින්ගේ පරිණාමවාදයේ එන මූලික සංකල්පයකි
cf8f94e46f	සියළු දෙනාම තම ජීවිත පූජා කිරීමට සිදුවේද?
cf8fba1bc9	ලොව පහළ වී වදාළා.
cf90511036	හිතෙන්නේ නැහැ.
cf90ce8eb7	කිසිවෙකුට අයිතියක් නැත
cf91332a92	ඔබ ක්‍රිකට් ක්‍රීඩකයෙක් කියන එක
cf920fcae8	ජේතවනාරාමයේ ගොඩනැඟිල්ලක වෙයි.
cf9258ddbf	එයින් ජීවිතයේ ප්‍රබල වෙනසක්ද
cf92630fad	derana city of dance
cf92d97a35	ඕනෑම කෙනෙක් ඕනවට වඩා විස්වාස කරන්න එපා කියලා.
cf92ff6d69	army
cf93c36496	පශ්චාත් නූතන ලක්ෂණ
cf93d0efbe	මතක ඇති
cf942aaa6d	ඇත්තටම උඹලා හැසිරෙන්නෙ
cf94523f78	ආදරය වෙනුවෙන් ඔයාලට කොච්චර කැපවෙන්න පුලුවන්ද කියලා මේ චිත්‍රපටිය බලලා ටිකක් හිතන්න.
cf94c316ea	අනුමත රසායන තියෙනව
cf94f9cdd7	මුකුත් කිව්වේ නෑ
cf95da5338	භික්‍ෂුණීන් භික්‍ෂූන්ට අවවාද නොකළ යුතු ය.
cf960db250	ඒ රැකියා දෙන්න ඕනේ
cf9610c214	උඩරට විවාහ චාරිත්‍ර අනුව
cf966068a9	හිරෙන් එළියට ආවේ කොහොමද කියලා
cf96a8669a	වෙලාවක් නෑය කියල.
cf96f5643b	අප ගැන තැකීමකින් තොරවම
cf96f73085	හැම අතින්ම හොඳ වෙලා
cf97ef784d	මේ නිගමන අප පිළිගත යුතු බව
cf9815acc2	රාජ්‍ය අනුග්‍රහයෙන්.
cf98276359	එහි දෙවන තැන චීනයට
cf983e59d3	මෙහි ප්‍රධාන චරිත නිරූපණය කරයි.
cf98830773	ඒ කෙනා මහා වීරියවන්තයෙක්.
cf98837fc3	අන්තිමට මේකෙන් ජීවිතයට ගන්න දේකුත් තියනවා.
cf98a643b3	කාලාම සූත්‍රයේ දැක්වෙයි.
cf98dab874	සර් මුලින්ම හැදුව වේදිකා නාට්‍යය පිටගම්කාරයෝ ය.
cf98f3d1ab	පැවිදි අය හැදුනේත්
cf99e85f4a	යුරෝපීයයන්ට බියෙන් මුළුගැන්වුණු සිංහල ගැමියා තුළ තිබූ
cf9a3940d6	එතකොට ඒ මිනිස්සු මේ සමාජයේ සාමාජිකයන් නොවෙයිද?
cf9a48b060	සඳගිරිපව්ව ටෙලිනාට්‍යයේ රඟපෑම වෙනුවෙනි.
cf9b8299a3	ghost
cf9beda31e	ඉපදීම වගේම
cf9caf17da	උඩු දුවපු ප්‍රශ්න දකින්නේ නැහැ
cf9cfe2890	පෞද්ගලිකව අධ්‍යයනය කරන පිරිස්ද සිටිති.
cf9d008713	කිනම් අයුරකින්
cf9d219e61	ඔය පරසුද්දෝ ඊට පෙර
cf9d2cae73	උන්වහන්සේ භූමදාන කළ ස්ථානයට
cf9e164d83	වැදගත් ගුණාංගයක් ලෙස මා දකින්නේ
cf9eabbd31	එබැවින් වැරැදි නොකරන
cf9eafd47e	ඒත් මේ තියෙන
cf9eafe427	බෞද්ධයන්ට බෙහෙවින් වැදගත්වන කෘතියකි.
cf9eb00145	බොදුණුවාට සඳකඩ පහණ සහ පියගැටපෙළ හමුවේ.
cf9ede5d4e	ගෙදර ඉන්න පුළුවන්.
cf9f3e1a9c	මේ කෘතිය විඳින්නට
cf9f5bdeb8	එය පරණගල පන්සල ආසන්නයේ
cfa034e1a1	පුණ්‍යවන්ත මෙම රණ මොණරා,
cfa062332c	රැග් එක ගැන නෙමෙයි.
cfa0b74152	idm
cfa0c8a9d3	මැටි හරක් මිසක් වෙන කවුරුවත් නෙමෙයි.
cfa125dd04	පවුල් පිරි නිවාස ඔබේ නෙත ගැටෙනවා.
cfa1b4ed2e	කිලෝමීටර විසි දෙකක්
cfa2b04232	අටවන වසරේ දී
cfa2b6eb0c	ගෑනු කියන්නේ මනුස්සයෝ නෙවෙයි කියලා.
cfa32c7968	රෙදි කෑල්ලක් දුන්නා.
cfa37aa730	මට විශ්වාසයි.
cfa3d64c51	වේලාව බලන්න ඕනේ
cfa46903a2	phone wallpepar
cfa479fffb	පුහුණු කළ යුතු ය
cfa4ab3dd3	මෙම මිල අඩුකීරිම තියෙන්නේ
cfa5cacb5d	ඔබට ඇත්නට දෙනඑක නොවෙයි
cfa6004b1a	තමන්ට විශාල ආරක්ෂාවක් ලැබෙනවා.
cfa7265b65	ඔබ මේ අභියෝගය
cfa8475241	ව්‍යාඝ්‍රයන් හිපපොටේමස් පවා ඉදල තියනවා.
cfa88dcb67	අපට කිසිසේත්ම මෙවැනි දේ ගැන
cfa8b19ac3	එහි සිට මට කළ හැකි දේ
cfa8d27eff	හඳුනාගෙන තිබෙන්නේ මොකක්ද?
cfa920335c	ජනපති මුර්සිගේ පාලනය
cfa9291d87	මේක ලක්ශවාරයක් වටිනවා.
cfa92fd579	අපි අවසන් පන්දු ඕවරටම
cfa9387eac	ගාල්ල ඕලන්ද බලකොටුව හා පැරණි නගරය
cfa98a9436	එතුමා මල්වතු මහා විහාරයට ඥාතිකමක්ද තිබෙනවා
cfab13837c	ඊට සවන් දීම ඇත්තටම ආශ්චර්යයක් නොවේද?
cfab22ef89	තාත්තා මගේ හැම උපන් දිනයකටම
cfac4c2a7a	වැලි කොට්ටයක් ගෙන යනවාට වඩා
cfad20f4e7	හදන උන්ට තමයි මම බනින්නේ
cfad582c7a	එලෙස සමාජයට කණවැල අල්ලන්
cfadf0cc19	ඇය වාසනාවන්තය
cfae084121	ලාභ ලැබිය හැකි ගොවිතැනක් පවත්වාගෙන යාමට
cfae3f00d9	ඒ ක්‍ෂේත්‍ර නියෝජනය කරන අයත්
cfae449df7	ධර්ම පොතපත ලිපි ලේඛනවල බොහෝ වැරදි තියෙනවා
cfae44cd85	ස්ථිර ආදායමක් ලැබිය හැක
cfaf088eca	ඉතිහාසයෙහි සඳහන් වේ.
cfaf2542ad	ඒ අයගේ නම්
cfaf430911	ඇසුරු කළ නාගයින්
cfafe09782	ඔයාට එය ලෙහෙසි වැඩක්
cfaff0171c	essays about private universities in sri lanka
cfb09e2000	amazon
cfb24ce04e	තිබුණු සුදුසු කම මොකක්ද?
cfb2c106ad	එහි ඉතිරිව තිබිණි.
cfb2c7b7ba	ඔය තියෙන්නේ කරන්න ඕන දේ
cfb2c7c107	ඊර්ෂ්‍යයා ක්‍රෝධ දුරුකොට
cfb2f2d390	ඔන්න මම මේ පාර ගේන්නේ
cfb3b90217	මේ සඳහා එකක් භාවිත කළ හැක.
cfb47397ba	ඔහු දකින්නේ තවමත් මේ
cfb500300b	උණ පඳුරේ සිර වූ මහා උණ ගසක් හැටියට
cfb708b958	සිංහල භාෂාව මැනවින් උච්චාරණය කරන
cfb732c71b	softwares
cfb7648e5f	වැරදි සොයන අදහසින් ම යි.
cfb7cb36c6	ගොන් කතා නොකිය
cfb9ab253a	මිනිස්සු සැදැහැයෙන් මෙම බමුණනට ආහාර පාන පිදූහ.
cfba00766b	පඳුරක් අස්සට රිංගන එක
cfba7313a5	අවශ්‍ය නම් මගේ පින්තූරයක් අරගෙන
cfbab96e52	ඇතැම් මාධ්‍ය තුළ පළවන දේ දැක්කම අපට එහෙම හිතෙනවා.
cfbc7f37d1	යහපතට සැලසෙන්නේ අප්‍රමාණ මෙහෙවරක්.
cfbca70c3c	මෙය සමාජ සෙවයක්.
cfbd1dd6f4	බිතු සිතුවම් නිර්මාණයට
cfbd2b794d	පාසැලක් වෙත ගොස් ඇරලනවා.
cfbd529a48	මතට දුරාචාරයට තිත තබා
cfbdbe6e49	ඒ වගේ
cfbe0cbe3a	ඉතින් එහෙම දෙයක් එක්ක චිත්‍රපටයක් ආවොත්
cfbea45999	මේක ස්පාඤ්ඤ චිත්‍රපටියක්.
cfbeb12f5e	දර්ශනීය නැටුම් අංග
cfbebe0bab	kandy perahera
cfbf52cbe5	මල් සපයමින්
cfbfa58ef0	after 2012 film
cfbfc8f915	ඒ මොන කාලයේද
cfbfefb7b8	අල්ලගන්න එපා ඔය වැඩ වලට
cfc04a7e41	විසිතුරු විදියට සරසලා
cfc11758e4	කිසියම් විවාදයකට කරුණක් විය හැකි ය
cfc11aef2f	සමහර ව්‍යාපෘති නැරඹීමට
cfc1be2bfb	කුමරියගේ සිත උපන් අනුකම්පාව
cfc1e0ba0e	ආහාර බින්දුවක් දිව මත තියලා
cfc212b2ad	ක්‍රියාමාර්ගයක් නම් පමණකි.
cfc24fb574	එකම දෙයක් බවත්
cfc28a201d	ලියුම්කරුට ඇතැයි විශ්වාස කරමි.
cfc2e24f8c	අභ්‍යාස කිරීම,
cfc334e76d	කෙනෙක් විදියට.
cfc394af6a	ජීවිතාවබෝධයට ඉලක්ක කරපු
cfc3d645a1	අඩු තරමින් රටේ ජනාදිපති වත් දැනගෙන හිටියද අම්බරුවෝ?
cfc4281dca	ප්‍රමාදය පරිහාණියට මාර්ගයකි.
cfc490c8e2	මෙලෙස මනුෂ්‍යයෝ පමණක් නොව
cfc5885b63	මේ පුතු ඇතුන් රෑනක් මැද රජ වේය කියාය
cfc5a46a49	දෙමළ ජාතික සන්ධානයට මදි.
cfc6b39518	laila
cfc7aee02d	ආයාසයකින් නොහොත් උත්සාහයකින් තොරවය.
cfc7dab92b	තම අනන්‍යතාවය නොපෙන්වන අයෙක් සිටීම
cfc8477549	forearm tattoo
cfc84ef8b0	ඉතින් ෆිල්ම් එක බලන්නම වෙයි.
cfc851401d	korea
cfc8aa135c	සෞදි අරාබියේ කොටසක් දැයි විටෙක සිතේ.
cfc95ed4b8	මේ ගාථාවෙන් වදාළා.
cfc970f333	මේක බැලුවා කියලා
cfc9b9f42c	සමාජ පරිවර්තනයට මඟ පෑ
cfc9d9bead	අපිට බැහැ කළු ගල්වල ඔළුව ගහා ගන්න
cfcad2a675	ආස්වාදනය කරද්දී
cfcb151032	මහපාරෙම රහත් වුණා.
cfcb810ad3	කථාව නැතිව රෝගී වන තත්ත්වයක් හටගනී
cfccc79943	තාවකාලිකව නවතා දමා හෝ
cfcce57d5c	zoom
cfccfeeb9a	බෝසතාණන් වහන්සේ පාරමී පුරන අවධියේදි
cfcd8906b4	ඒ අපේ නා හිමියන්.
cfcd9694be	මෙම පුවත දැනගත්තේ.
cfcdf052ab	online gaming zone
cfcdfc71b6	අපි ඔවුන් සමග සාකච්ජා කළා
cfceb9855f	වසල කම අදහන ධර්මයෙන්ම එලියට.
cfd07aa65a	ඔහුට දුන් පින් පෙත් නොලැබෙන්නේ ය.
cfd0c0ed3e	එක් සුදුසුකමක් පමණි
cfd0de0405	රක්වාන කඳුවළල්ලට අයත්වන මෙම වනය
cfd12c9055	පාක්ෂිකයෙක් උනාම තියෙන වැරැද්ද.
cfd16e52d3	ඔය එක්කම මම අහන්න කැමතියි
cfd21616a0	ඊශ්‍රායලය යනුවෙන් ‍රටක් නොපවතින
cfd220c56a	ඔයගොල්ලො ඇවිත් ඉන්නේ.
cfd25965cd	ඉතින් ඔබ කියන්න
cfd2b339ee	එයින්ද පෙනීයන්නේ
cfd3484952	සුගතියක් නැත.
cfd3d89e13	උත්සව අවස්ථාවලදී අඳින
cfd3eca455	සසර දුක් බහුලව විඳීමට සිදුවේ.
cfd3efff75	ඇය වෙනුවෙන් යමක් කරන්න
cfd417a603	මුසුවීමට තිබූ ඉතාම වැදගත් නාලිකාව
cfd4610dec	ඇසුරින් තනන ලද්දක්
cfd463c620	හැකියාව ඇතිකර ගන්න ඕන
cfd494f59e	tarunaya dotcom
cfd56da79f	එසේ නොවේ යැයි කීමට
cfd574430e	නමුත් ඒවා විද්‍යාත්මකයි
cfd5846c8f	ඒත් පසුගිය කා‍ලේ සිනමාවට
cfd6513f07	විනය සම්බන්ධ ගැටලූවක් නිසයි
cfd65281ca	ඉන් මෙපිට පවතින තහනම් කිරීම්
cfd6618ac6	හරිම සතුටුයි.
cfd6dc99e1	කොහොමත් ටිකක් ලොකුනෙ'
cfd6fc4056	මැජික් යනු හාස්කම් වුවත්
cfd70e2629	පුහු සදාචාරයක් නිසා
cfd73e5474	ඒත් කවදාවත් ලඟට දැකලා නැති නිසා
cfd74a29d6	ඒ දැනුනු දුක අදටත් එහෙමමයි.
cfd7775ad2	දෙස් විදෙස් සංචාරකයන්ට මහත් අඩුවකි.
cfd7857bdc	සමහරක් අන්‍ය ජාතිකයන්‍ සිතන්නේ
cfd7c5b68f	දඬුවමකට යටත් කළ යුතු බව අපි කියමු
cfd8916be7	සැකකටයුතු පුද්ගලයකු කලබලයෙන් පැමිණ
cfd8b77dee	ඒකටත් එක්ක අපේ එවුන්!
cfd9050078	හැමෝම කරන්නෙ එකම දේ.
cfda38edb3	ඉතින් උන්ගෙ විද්‍යාව එ
cfdaee69f9	සමහර කාරණා නොහිතන මට්ටමේ කෙල වීමකට සප් එක දෙන්නත් බැරි නෑ
cfdb21f299	ආරාම විහාර නොමැති නිසා නොව
cfdb5f3897	යමෙකු මිය ගිය පසු
cfdbdb65c0	හොඳ නරක තීරණයට නිර්ණායකයක් නැත
cfdbdcd361	මේ සුවිශේෂී වනාන්තර ප්‍රදේශය තුළ ය
cfdbfd23cd	රූප දාන යනුවෙන් අදහස් කරන්නේ
cfdc8086d0	හේතුවි ඇති බැව පෙනේ
cfdcc1e0c4	සංස්කෘත විදර්ශනා යන්න
cfdcf0cc9e	පණිවිඩයක් ලබාදෙයි.
cfdd474a04	ඒ ගීතවත් පද මෙසේ ය.
cfde5384d1	දරුවෝ ටිකක් තමයි
cfdedf6420	අමාත්‍ය මර්වින් සිල්වා මීට ඉහතදී
cfdf168f87	උපතක් කරා අරගෙන යන එකයි.
cfdfe10816	මේනිසයි මේ පොත එළියට ඒම
cfe00871ac	අවුරුදු පහකට විතර වරක් වගා කිරීම.
cfe06344e6	සියවැනි ජන්ම දිනය යෙදෙන්නේ
cfe09ec529	වර්මානයේ මහා හඬක් බවට පත් කළ හැකිය.
cfe0d3cfe1	ඉසුරුගෙ ලේඛන ඒවයෙ කියවිලා තිබෙන
cfe1288fa0	ඉතින් ඔයාලට මේ කොටසින් බලා ගන්න පුළුවනි
cfe16aa854	එම කෘතියේ සඳහන් වන ආකාරයට
cfe16fe60e	පොඩ්ඩක්වත් කම්මැලි හිතෙන එකක් නම් නෑ.
cfe1a36ada	එය සදාතනික මතක සැමරුමකි.
cfe1d09138	මිනිසා තමන්ට ලැබෙන පංචකාම වස්තුන්
cfe20a5228	ඔවුන් ගන්නා ක්‍රියාමාර්ග කිහිපයක්
cfe2879967	මෙම යුගයේදී නොයෙක් නීච කුල ජාතිකයන් රජ වෙති.
cfe3b4f9e6	මේ රෝවර් යානය බැස්සවීම
cfe3fb0e47	අදාළ බලධාරීන්ගේ අවධානයට යොමු විය යුතුය
cfe5217f91	කාන්තාව කෙරෙහි දක්වන ලද සැලකිල්ල
cfe5dc02d3	ඔය චීනගෙ පාස්පෝට් එකට වඩා
cfe662835e	මහා සංඝයා වහන්සේට ද ආරාධනා කළා.
cfe683627d	අනතුරටපත් පිරිසට පිහිට වෙන්නට
cfe68ed907	සේවාවේ විකාශනය වෙන්නේ
cfe6b51082	මේ චිත්‍රපටිය කොච්චර සුපිරිද කියලා
cfe712900d	ගොඩනැගිල්ලේ සුන්බුන් අතර කෙරෙන සෝදිසි කිරීම්
cfe75939ca	house plan broker
cfe789b6a2	මෙය බෞද්ධ සංස්කෘතික අංගයන්ගෙන් පිරිපුන්
cfe7f25eb6	එම කලාපයේ හදිසි තත්වයක්
cfe807cbc6	සෞදියට ලෙබනනයට රස්සාවලට
cfe83c4a31	ගන්න කොට
cfe866f5f1	ඉන්දියානු සමාජයට හඳුන්වාදීමට
cfe883a10d	අවහිර බාධාවකින් තොරව
cfe8d9ef95	nokia xl
cfe91deee5	තරම් වූ උසස් ජාතිය
cfe92f7696	එම නිසා මේ පත් කිරීම
cfe93c7b02	ඔබත් එහි කොටස්කාරයෙක් නොවෙයිද?
cfe96fcec7	මොකද මේ නාට්‍යයේ නමට
cfe986ff40	දරුවා අකැමැති වුනත්
cfe9bfade7	අවස්ථාව ඊට ලැබුණේ නැහැ.
cfe9e46c09	බුදුහාමුදුරුවෝ අද කාලේ හිටියනම්
cfea4a108f	එකා මෙන් වැඩ කල යුතුයි.
cfebcf8d75	එහෙමත් නැත්නම් ආකල්පයක් දරන්න පුළුවන්.
cfec33ee47	දේශීය වෛද්‍ය අමාත්‍යාංශය සඳහා
cfec9b2519	පැයක්‌ ගතවීමට පෙර
cfecc69b22	එකෙක්වත් නෑ
cfed10d733	මට ගොළු හදවත කියවන්නවත් බලන්නවත්
cfed3cdf7a	ඔහු වෙතින් සම්පූර්ණ වෙයි
cfede5ba9b	ලංකාවට එරෙහි?
cfede6e511	මෙසේ කටයුතු කිරීමෙන්
cfef3c5fe0	අනිත් කාරණාව නම්
cfef77d736	අපේ ගොනා අපිට හොඳා
cfef8912fc	අපේ රටේ ආර්ථිකය කඩා වැටීමට හේතුව
cfefbf0123	බාගෙන බලනවා
cff0695785	නාකියා දැන්වත් කට පියාගෙන ගෙදරට වෙලා ඉදපන්
cff15c370b	මූ විතරක් නෙවෙයි තව මූ වගේ කීපදෙනෙක්ම ඉන්නවා දිය යට ගින්දර ගෙනියන.
cff15e8744	වන තරමටයි?
cff28aab19	love photos
cff2b55df0	ඕකනෙ කිවුවෙ රනිල් එක්ක බෑ කියලා
cff2cc3d2e	පෙර සිහි මුලාවීම සිදුවීමටත් ඉඩ තිබෙනවා.
cff2f051cb	දුක හිතිලා ආපහු යනවා
cff2f46acb	ඒ වගේම ඕනෑම කෙනකුට
cff303b326	සන්ධානයෙන් යනවා.
cff30f5346	අද කම්පස් එකට එන්නෙ
cff31c979b	ෆයිල් එකේ හැටියට
cff369cf6d	වඩාත් සුදුසු යැයි සිතමි.
cff3924d14	උප පොලිස් පරීක්ෂකවරයකු ලෙසට ඇමැති ආරක්ෂක අංශයේ සේවය කරන ඒ.ටී.
cff4205e0a	තාත්තාට ඉංජිනේරුවරයකු ලෙස
cff491599d	ඉතින් මේ මල්ල අරගෙන
cff4c106e4	එහෙත් අමරේගේ අමර වැඩ
cff4c9b236	point and click game
cff53016eb	දෙවන ආහාරය නම් ඵස්ස ආහාරය යි.
cff535c52e	පොලිස් වාහන ඉලක්ක කර ගෙන.
cff53f6ad0	ඉතාමත් වැඩ රාජකාරි බහුල කාල සීමාවක
cff548f6c8	සහය දැක්වීමට කැමතියි.
cff5584744	රුසියානු බලධාරින් පවසා සිටියි
cff55ca7ec	මනුස්ස ඝාතන සිදු නොකරයි
cff58da004	එනම් සූර්යයා මීන රාශියෙන් නික්මෙන්නේ
cff5ab6426	සොයා ගන්න බැරි වුණා.
cff61d9bdd	නමුත් එය ලෙහෙසි නෑ
cff67272e4	පින ගැන සිහිනොවීම නිසයි.
cff6a01b6a	කපු මහතා සතුටු වීමද
cff6d4a697	අපිත් වැඩිවිය පත්වුනාම තමයි
cff6f0da63	දනවන ගතිය නිසාම.
cff76c316c	පිරිත්දේශනා සඳහා දායකත්වය ලබා දෙයි.
cff7706db0	සාමකාමී මැතිවරණයක් තියෙනවා නම් කැමැතියිලු.
cff8a555ab	එක්තරා පන්සලකට ගියවිට
cff8b69fa5	මෝහනයට පත් තැනැත්තා
cff8d84fde	ශ්‍රේෂ්ඨ වූ රත්න භාවයෙකි.
cff913371b	ඔය ඉතුරු වෙලා තියෙන
cff98a6314	ඒ දේශපාලන කාරණා වැසී ගියේය
cff9c19113	පාප මිතුරන් හඳුනා ගැනීමට තරම් අප පරිස්සම් විය යුතුය.
cff9ed1ddc	අධ්‍යාපනයේ කොටසක් බවට පත්වී ඇත.
cffa73f441	එහෙත් අනාවරණය නොවූ උමං
cffb32f502	එල එල ඔන්න බෑවා
cffc3bec18	ඒත් හැම දේම හරියයිද
cffce492d5	මේ අවුලට හේතුව
cffd2be2ab	එක පාර හිතුනෙ
cffd47b88f	සංචාරකයන්ගේ පැමිණීම ඉහල ගියත්
cffd4d7489	after 2012 film
cffda5b923	මේක නම් පුදුම විදිහෙ
cffe1a59a2	අහිංසක කම රැක ගන්න කියලා
cffe1fabaa	ඔවුහු හැඳින්වෙති.
cffe2bf80d	මා යහපත් ලෙස හැසිරෙන්නේ
cffeced63c	proposal marriage
cfff1fac0a	ජූරි තීරණයක්.
cfff32b57d	ඔක්කොම හොයලා මෙතන දාගෙන
cfff87ebe6	අනිවාර්යෙන්ම එහෙම කෙනෙක්
cfff8e12db	මේ සිව් සර්ප රාජ කුලයන්
