d4000e4cb5	දන්න ඉටි ගෙඩියකුත් නැහැ
d4003c60a4	එහි වැදගත් කොට නොසලකන සම්මුති ලෝකයෙහි
d401398cf9	car games free online
d40280f966	චාරිත්‍රයක් වශයෙන් සිදුකෙරෙයි.
d403206a3a	අපේ ගුරාගෙ ලිපි ඇරුණු කොට
d403733d7f	බුදුන් වඳිනකොට
d403c867f9	නවසිලන්තය සමඟ තරග වැදී
d403fdd40a	පසු සිදු වූයේ කුමක්ද?
d4043c3e16	අහන්න දකින්න ලැබෙන්නේ ඒක එළිවුණොත්නේ
d4046ad841	උඹ ගැන
d4046c1301	පටන් ගත්තෙ සුපිරිමඑකකින්.
d404955d52	බුදුරජාණන් වහන්සේ සර්වඥතා ඥානයෙන් දුටුසේක.
d4049656d1	ගීතයට සිදුවන හානිය වඩා බරපතල ය.
d4053e3f3f	මේ ආශා නිසයි අපට එහෙම වෙන්නේ.
d405a6d34f	නමුත් මේ වනවිට කලාපීය සුහදත්වය
d405c3e269	බලාගෙන ඉන්න අයට තේරෙනවා
d406079881	කාන්තාව මායාකාරී බව
d4064ff531	ආයුෂ්මත් ආනන්දයන් වහන්සේ ඇමතූ සේක
d40668d734	ඕනෑම දෙයක් සඳහා සුදුසු තැනක්
d407b7beed	අනතුරු හොරකම් ඔව්ව විතරයි
d4083dd67e	මේ‍ක නම එලම එළ ෆිල්ම් එකක්
d408494ee6	ඉඳල තියෙනවා
d4086705a7	ඔබ ඒ චරිතයේ
d408da0709	සැබෑවට ම ගත් කළ
d408e7d82d	ඔය වකුගඩු ලෙඩ්ඩු ටික
d409615718	එහෙත් අඩු වයසින් විවාහ වීම
d40992e026	ඒ නිසා තමයි ඔවුන්ට සසුනින් ඉවත් වෙන්න
d4099e9262	sri lanka newsroom
d409e7b7a9	අන්‍යාගමික ශාස්තෘන් වෙව්ලුවා හළ
d409ee7863	ඔක්කොම එකතු උනේ නැත්නම්
d409f26665	අත්සන් කලේ නැතිනම්
d40a3693b5	ධනාත්මක චින්තනය අනුව
d40a4fd45c	පිළිවෙළින් පන්සියය, තුන්සියය හා දෙසිය වශයෙන්
d40a9be58c	පූර්ණවර්ධන සිටුවරයාට විවාහ කරදීම නිසයි
d40aa48f75	විස්තර වශයෙන් අවබෝධ කර ගැනීමට සමත්ය.
d40ab4e86a	මේ සූත්‍ර දේශනා කියැවිය යුතුය.
d40ac27740	පැවසූ නිසා නැවැත්තුවා
d40b055ec7	ඇතැම්විට ඒ ඒ ප්‍රදේශවල යම් යම් ගති පැවති මිනිසුන්
d40b1bcc3b	ලංකාවේ එකෙක්ට සලකන විදිය
d40b267daa	අං කෙළියට සූදානම් කරන
d40b287328	අනාගත වැදගත් නායකයෙක් වෙන්න සිටින
d40b5e447d	ක්ෂණික ව ආ හැඟීම්වල ප්‍රකාශන වශයෙන්
d40b9dbe0e	සාමාන්‍ය ජීවිතයේ තෙරුවන් වැඳලා
d40bf02265	welcome to facebook
d40c8d9487	අදහස් අපට දැකිය හැක්කේ
d40ca04927	ඒව පෙන්නල දෙනකොට
d40cd6ee31	හිඳි බුදුරුව දෙපස සම්ප්‍රදායික මල් වැලකි
d40ce10fe7	අමාත්‍ය ආචාර්ය දි.
d40cf29f35	ඔහු පියදාස මහතාට
d40cf6ed34	ඔබ දන්නවනෙ කැලිෆෝනියාවේ විශේෂයෙන්ම
d40d57d5b8	හරියට කියන්න මතක නෑ.
d40e6481fd	රටේ සිදුවන අපරාධ සහ අනතුරු රැසකටම මුල්
d40e6d1e44	ඇනා ද තමන් විශ්වාස කිරීම
d40e7ab368	ඔන්න මම උපසිරසක් අරන් ආවා
d40e7fdfa7	බොහොම ස්තූතී ආ
d40ea21e9a	ඉතිහාසය ඇතැම් අවස්ථාවල ආගම කොට කල්පනා කිරීම
d410ed3688	ඒක විකුණ ගෙන කාපු උන්ට
d411d99ae1	ලුමිනස් කාර්යාල ගොඩනැගිල්ල තුළට
d411ea9276	හාමිනේ ඒ තරුණයා අපේ දුව දුටු ගමන්
d411ebae0f	මේවා ජාත්‍යන්තර වුවමනාවන්ට සිද්ධවෙනවා වෙන්නත් පුළුවන්.
d41281770c	උදා සහෝට සහ විකී සහෝට ගොඩාක්ම ස්තුතියි
d4139c0112	වෙළෙඳ ව්‍යාපාරිකයන්ට ලාභ ලබාගත හැකි දවසකි.
d4139c6523	මනසත් කිසිම දෙකින් තොරව
d413aefdd3	අයියා! දැන් අයියලාට හිතෙන්නේ නැද්ද
d414099803	එම නිසා ඒ මාසය වෙසක් මහ
d41514ab37	අන්තිමේ මේ මැහැල්ල
d41515b353	කොටස් විසි හතරකටයි තියෙන්නේ
d4152fbfbf	එවැනිම යන්ත්‍ර සූත්‍ර තිබුණා
d4159edab3	යම් මුදලක් අය කළ හැකිය.
d415c1d9a4	colombo chat
d416cc7776	snow white
d4171c597d	නම් ගම් කීමෙන් හිත් රිදීම් විනා
d4173d15b3	එනිසා ද මෙම ප්‍රශ්නය
d4181b1564	වෙන්න ඕනි කියන්නේ.
d418ac2966	විජය රජුගේ පටන් පණ්ඩුකාභය රජු දක්වා
d418b89ccd	අටවැනි වතාවට එංගලන්තයට යන නන්දා මාලිනියට
d418dee334	ප්‍රඥා පාරමිතාවට හිමි වන්නේ ප්‍රමුඛතාවකි.
d4190719a0	milk products and constipation
d41946d9c3	මරණ බයට මුහුණ දීලා සිටියා.
d419d58baf	ඇයට ආරංචි වී තිබු නිසා
d419e660c6	අපි කවුරුත් නොහිතන දෙයක් සිදු වේවිද කියලා
d41a7431a1	ජනතා අභිලාෂයට අනුව යන නිසා
d41ac62ec7	ඉතිං අපේ රටේ ඔය දෙකෙන්ම මේ කටයුත්ත වෙන්නෙම නෑනේ
d41aca026a	මම ඒකට කැමති වෙනවා
d41ae71217	ඉදිරි අනාගතය උබට
d41b3fe465	ඒකේ ප්‍රතිඵලයක් විදියට
d41b746f17	සංඝ පිළිවෙත් පෙන්නුම් කළ
d41bbe3b18	මේ සියලු සිදුවීම් වලින් ප්‍රදර්ශනය වන්නේ
d41bcd09c0	වීරගුලේ ගුරුතුමා වන අතර අනෙක් තැනැත්තා
d41c0dc0c1	මවගේ හදවතේ දුක් වේදනා
d41c64472c	මෙම නියෝගය නිකුත් කර ඇත
d41c71a97b	විවිධ මත ප්‍රකාශ කරනවා.
d41cc1ef4f	දමිල අහිංසක ජනයා
d41ccf1e03	බෞද්ධ විහාරස්ථානයක සියලු අංග
d41cd8462d	අනික පොර මොන වගේ
d41cf46974	හැබැයි ඔහු දන්නවා
d41cf61eb3	ගමේ ඉන්න ‍පොඩි වෙළෙන්දාට තමයි
d41cf75511	උඩු යටිකුරු වෙන්න
d41d3668c5	ගලවලා දැම්මාම
d41d6fce7b	අංගුත්තර නිකායේ පළමුවැනි නීතත්ථ සූත්‍රයෙහි සඳහන් වේ.
d41e8ddd3b	අලි මිනිස් ගැටුම තරම්ම වන්නට
d41eec434e	කියන්න දෙයක් නෑනේ.
d41f159c68	අභියෝග භාර දිය යුතුයි.
d41f1d66e7	ආනාපානසති භාවනාව සමග
d41f2bdf1c	භාවනාවක් පිළිබඳ උපදෙස්
d41f3c9034	එසේම ඔබ කියනාකාරයෙන් වූ අඩු පාඩු
d41f95a58b	එකා හදිසියෙම ඩොමෙන් එකකුත් ගත්තා
d41fa0ebad	අපි දන්නවා.
d41fa608f5	එමෙන්ම ජාතික චින්තනයන් ලැබූ
d41fd773de	එම රන් රුවන් මුතු මාල වළලූ ආදිය රැකීම
d421586a2f	කලාව ආගම සමඟ සංස්කෘතිය
d4216bf7a8	පුරුදු කරවන එක
d4218a2f02	india actress
d42197ec7f	ඒ පුංචි මිනිස්‌සු හොයලා දෙන
d421c00134	අනේද කියන්නේ
d42261204b	සැඟවුණු උගුල් කුමක්ද
d4229dcf7c	තමන් ඉගෙන ගන්න
d423227333	එකෙන් ඇතිවුන කම්පනයට අදත් ඒ ළමයා මානසික ලෙඩෙක්
d42339e565	ඒකනායක මෙහි ප්‍රධාන ආරාධිත අමුත්තා වුවත්
d4234736a1	ජුදී ජන පහන් සාංවේගය උදෙසා
d423579d02	ඒක හොඳද නැද්ද කියලත්
d423bba893	ඔබට සමහරවිට මෙය නරඹන විට හිතෙයි
d4245e6d5d	ආත්ම වශයෙන් විශ්වාස කෙරිණි.
d42481a7b0	අප ණයවී ඇත.
d424b92910	ලොව පුරා බෞද්ධ විහාරස්ථානවල දායක පිරිස්
d424c97f14	බඹසර හැසිරෙන්නවුනට අනුග්‍රහ කරන්නේය.
d4251b1762	ඇමේසන් ගවේෂක වනමැද තිබෙන දැඩි සීතල දරාගෙන තවත් ඉදිරියටම ගියේය.
d4251dcd81	යක්ෂ, නාග ගෝත්‍රිකයන් සිටි බවට
d4253feace	මේවා නිසි අයුරින් ඉටුකිරීමට හැකි වන්නේ ද
d425889918	එහි සත්ත්ව පොසිලද පවතී.
d425ca839d	වැඩිය ලඟට එහෙම යන්නේ නෑ
d426277ccc	ටිකක් විවේක ගන්න ඕනෙලු
d42675f92e	තේමීය ජාතකයෙන් ගෙනහැර දක්වනු ලැබේ.
d426adc1f7	උද්දිකගේ රඟපෑමට
d426b6059e	සිය සොල්දාදුවන් බදවා ගන්නේ
d42740a554	හෑල්ලුවට ලක් කරන්නේ නම්
d427a28131	එම කලාපය
d427d0099a	තැංකුයි මෙයා සිද්දිය ගැන නම්
d4289f7583	අදාළ ලිපියෙත් කියල තිබුණෙ
d42933b200	නළු කොලුවා නැගිටියි
d42a030328	පැන නගින ඇතැම් ගැටලු 100 ක් පිළිබඳව
d42a4d1317	එහි මගඵල ලාබීන් නැත
d42ad5596d	සෑහෙන පළල් සංවාදයකට අවශ්‍ය
d42ad75b7a	කොයි ඡායා රූපයත් ඒ වගේමනේ කියලා.
d42aeb355c	මෙම විග්‍රහය තවදුරටත් පැහැදිලි කර ගැනීමට
d42aece571	ඒවාට ආර්ථික මධ්‍යස්ථාන දැම්මට
d42b6c85ed	අභ්‍යන්තර හා බාහිර සාධක මත
d42bc30a38	පෝස්ට් එකට එකතු කලාට.
d42bc95c76	ඉන්දියාවේ මීළඟ අගමැතිවරයා
d42c41a992	ඉටුකර ගැනීමටත් හැකිවනු ඇත.
d42c9227b9	ඉස්සෙල්ලා කියහං බලන්න විශ්වය කියන්නේ මොකක්ද කියලා
d42cf6e58b	ඒ උණුසුම අවසන් වූ පසු
d42cfe6c3b	අපි කැමැති
d42d1df92b	මගෙ තියන උද්දච්ච කමට.
d42d4513a7	කරඬුව බැඳීම ගැටලූවක් වූයේ නැත
d42de14604	දෙකක් හරි
d42dff2df8	ඒ වගේම දියවෙලා යන දේවල්
d42e375566	ඇය රඳවා සිටි නිවසේ සිරකාරියක ගේ මට්ටමිනි
d42ec8266c	කෙලින්ම මුහුද කරා යන්න.
d42f3c9326	ආයේ ඉතින් අමුතුවෙන් කියන්න ඕනි නෑනේ
d42f67aac1	එතකොට මේ දැරිවි අරගෙන එන්නේ
d42f68538a	අදාළ පැමිණිල්ල සම්බන්ධයෙන්
d42fa419e4	නමුත් දැන් ඒ බව
d4305718cf	වගාවන් පාලු වෙලා යනවා
d4307cea2f	එබැවින් නිසි වයසට පත් වූ විට
d4307e5c78	එය පියගැටයක හැඩයෙන් යුක්ත විය.
d43112a223	ගාමිණී සර්
d43207625f	මහතා අදහස් දැක්වීය
d4322cc6c0	විශාල ජල පහර එතැනට
d433980bdb	මේක මෙතන කවුරුවත් නොකිව්වට
d433e702ca	සැනසීම ලබා දෙන දැනුම් පද්ධතියක්
d433ef0231	එහි සුන්දරත්වය කියා නිමකළ නොහැක
d43403e998	සායම් සඳහා ගිය මුදල පමණක් ලබා ගෙන ඇත.
d4342db9ec	සොනාලි සමඟ පැය තුනක්
d434cc9c7e	එම පුද්ගලයා ඇයි මේ
d435083987	පලමු හා අවසාන එක උනේ
d4351448fe	මෙම නම්බු නාමය ලැබුණේ
d435621bed	එමෙන්ම ක්‍රමයෙන් ආදායම වැඩිකර ගැනීමටත්
d435d5afcf	බ්ලොග් ලියන්නේ
d43602a926	එහි ඇත්ත නැත්ත විමසා සිටියා.
d436129149	harry potter
d4362db18b	ජාතිය වර්ධනය කරගන්න බහ නේද?
d4363d027e	අර කතාවක් තියෙන්නෙ
d436c153e7	ඔයා දෙදාහක් දෙන්න
d436cdac91	මට මතක් වුනේ මෙන්න මේ
d436e18a66	මුළු රටම එසේ එකමුතුව ක්‍රියාත්මක වුවහොත්
d4372b2eca	ඊශ්‍රායලයේ ආක්‍රමණ නිසා
d43745d824	සමාජ ආර්ථික සංවර්ධන අත්පත් කර ගැනීමේ ගමනක්
d437c16a77	ලේඛනාරක්ෂක දෙපාර්තමේන්තුවේ ලිියාපදිංචි කර තිබෙ
d437ca06eb	මේ වන විටත් ක්‍රියාත්මකය
d437fb8dc5	ගායන වාදන නර්තන කළ බවත් සටහන්වෙයි
d43867687e	හින්දි සිනමාවෙත් එවන් ඒවා ඕනෑ තරම් තියෙනවා.
d4393514f4	බෙර සෑදීමෙදී
d43951f9a6	දකින්න ලැබේවි.
d43952c88e	බුදුරදුන් නම්
d43a5125cc	අපේ ඔය කියන දික් කොටස නැතෙයි
d43aa03643	බිරිඳකගේ වගකීම අතිවිශාලය.
d43b9b0bd7	උබ කියපන් පුන්චි බන්ඩෝ
d43c8d3e0a	ඔය වගේ එකක
d43cad1479	උන් කරන්නේ පාර දිගේ යන සංචාරකයන්ට හොඬ පා
d43cbbd06a	මේක දැනගෙන හිටියා.
d43ce10ead	උඹ හිතන් ඉන්නෙ දුර මැන්නෙ අඩි වලින් කියලද?
d43d2b1de0	අර පොඩි කාලේ මතකය
d43e0a2480	හරියටම කලින් කියල තිබුන වගේ
d43e834063	එම ප්‍රකාශ නොකිරීම
d43f5acea1	දැන් දකින්න ලැබෙනවා.
d43fb64562	තර්ක කරන්නවත් දෙයක් තියෙනවද
d4402a6d99	මනුෂ්‍යයකු මැරී
d44043166e	සාමාන්‍ය පෙළ සඳහා
d440581d5c	කතන්දර ආවේ අද ඊයේ නොවේ.
d440b00a65	බුද්ධිය වැඩි දියුණු කිරීම පිණිස
d440d0a07f	පුද්ගලයෙකු වටා ගෙතුන කතාවක්
d440de53f3	නිකන් හිටියා
d441739ad1	අනික පාසලෙන් ලැබුණ පන්නරයත්
d441a5f41e	එහිදී තැනට සහ මාතෘකාවට අදාලව
d441f4ee8f	ගුවන් සේවිකාවකට අසීමිත නිදහසක් ලැබෙනවද කියලා
d44270d84e	ආත්ම විස්වාසයක් නැති අය
d442c43827	neck shape for kurta top
d443d610b6	ඉතිං අපි දෙගොල්ලෝම එකම චිත්‍රපටයට
d44451ad1a	ඉතා රහසිගත ස්ථානයක මිහිදන් කිරීමට
d4446dd550	දක්ෂ නිරූපිකාවක් වෙන්න ඇයට
d4449f7874	මණි අක්‍ඛිත නා රජු ඇතුළු සැම දෙනාටම
d445287b0b	news lanka
d445c6d1c0	භික්‍ෂූන් වහන්සේ හා ගිහි පඬිවරුන් විසින්
d445fb607e	ආගම් පිළිබඳව විවිද මත පැවතුනද
d446ca464e	ඒ අයට හිමි තැන් දැනගෙන
d446e7f10b	ඔය ඉන්නේ අගේට
d447576b31	රට කාබාසිනියා කරන්න කැමති
d44766e1c2	මහා සංඝයා වහන්සේ එම කාර්යභාරය
d4481c658a	ඔය කියනව වගේ
d4483d38fe	මෙම සෙනෙහබර, එනමුත් ධර්මයම ඇසුරු කරන
d448f5528a	නිව්යෝර්ක් නගරයේ ඉඳලා.
d4490c8a1e	නැති බවයි.
d449353629	ඒවා සොයා ගන්නා බවට ඔහු පොරොන්දුවක් දුන්නේය.
d44a0d89f2	විවිධ ආකාරයකට හසුරුවා යා හැකියි.
d44a5fe2ba	කරන්නෙක් නොමැතිව කෙරෙන්නකි.
d44a6b1643	සිංහ ආදායම් මාර්ග
d44b362c9b	ඔබ අප පසු පස්සෙන් එනවා කියල.
d44be90e93	නිසි දෙයකට යොමු නොකිරීමේ හේතුව
d44c265b14	මරණය දෙස බලා සිටියෙමි.
d44c27e043	නොසිතූ ආකාරයෙන් ව්‍යාර්ථ වීම
d44c8823ea	ඒගොල්ලො පොඩි කයියක් එහෙම ගහගෙන
d44d144298	අර සින්දුව කියන්න ඇත්තේ ඒකි තමා
d44d2e6207	කෙල්ල ට්‍රැක්එකට වැටෙන්නෙ.
d44da7b5d7	පත්තිනි දේවියට කැප කර ඇත්තේය
d44dd40f1a	මෙය හොදම අවස්ථාව කරගෙන
d44df7c348	ඡන්දය පැවැත්වීමෙන් ප්‍රතිඵලයක් නැහැ
d44e188785	උන්වහන්සේ පැවිදිවුන
d44ebf0642	අධ්‍යාපනය විද්‍යාස්ථානාධිපති පාප සංයෝග බැවින්
d44ef82384	හොඳ හෝ නරක හෝ සිතිවිල්ලක් මුල් කරගෙන
d44f129d93	ඔබේ මනස දියුණු වුණොත්
d44f61b2e6	හිතින් කොල්ලෙක් උනත්
d4504cc39d	ඉන්ද්‍රිය සංවරය ඇති කිරීම
d4507d9850	පුළුවන් නේද.
d450cf04a1	ක්‍රමවත් පදනමක් මත පියවර කිහිපයකින් ගොඩනැඟී ඇත.
d4511ab1f6	ඉතිහාසය ඇතැම් අවස්ථාවල ආගම කොට කල්පනා කිරීම
d4517858dc	මිට පෙර ශ්‍රේෂ්ඨාධිකරණය මගින් ද නඩු තීන්දුවක් දී තිබෙනවා.
d451a4de4a	අපිට පොඩි දිරිමත් කිරීමක් දෙන්න
d451c4fb00	දේශීය මුදල් සංසරණය වූයේ ද දේශය තුළම ය.
d4522e1f6f	මේ වැඩ නිසා දිනකට රෝහල් ගතවන ගනන අති විශාලයි.
d452701df6	සිංහල මිනිස්සුන්ගෙන් ඒ ප්‍රඥාව
d452c7796c	ඒ නිකෙලෙස් රහතුන්ගේ දැක්ම
d45345c06b	උරුම හිමිකම්,
d4534bc92d	අපි ඉවෙන් වගේ දන්නවා
d45368c4a4	උන්මත්තක අරමුණු කරා
d453c6d65c	මැනවින් හෙළිපෙහෙළි වේ.
d453caefb8	හැබැයි ඔබ මොන ලෝකයක සිට ආවාදැයි
d453e8ac1f	ඊට පස්සෙ මෙහෙම කිව්වලු.
d4548c2a0b	මේ මන්ත්‍රීවරුන්ට මේක බලලා යන්න දෙන්න
d454d9808b	ශ්‍රී ලාංකිකයා මරදාන ප්‍රදේශයේ පදිංචිකරුවෙකි
d455284ac5	කරන්නෙ ඉදලක් හදල කාටහරි විකුණන එක
d455459329	ජෛව විවිධත්වය කොයිතරම් විචිත්‍රද.
d455eff419	මැකා‍ෆි ආයතනය පවසනවා
d4561a34e9	ආණ්ඩු පක්ෂයේ දේශපාලනඥයින් විසින්
d45796cca3	ඉක්මනට දෙන්න?
d457a7d012	ඒකාලේ බෞද්ධයෝ මදි නොකියන්න
d457adfbc3	දඩයක්කාරයා ඛෙරකාරයාගේ දුව සමඟ
d457f87afd	ඔය පුතාට
d45810f087	එහෙත් ඔහු පසුකාලීන ව
d458183999	මිලානෝ බලකොටුව වීඩියෝ දසුන් සහිතයි
d4582a1ace	ඇතිකර ගැනීම ප්‍රතිඵලදායක වන්නේමය.
d458a5ad36	උඹට දඹාන අවුල්ද?
d459c196d1	අහල තියෙනවා.
d459ec5689	තිස්ස කෘතිය
d459f1d830	මම අද දෙන්න යන්නේ.
d45a480494	අනිවාර්යෙන්ම යොමුවෙනවා
d45adf2488	මොකද බඩුගන්න තවත් කඩ තියෙන නිසා
d45b2d89ef	එම නිසා පින්වත් මහණෙනි
d45b561393	මෙහි විහාර මන්දිරයේ නිර්මාණය කර තිබෙන
d45b577c5e	ඉන්න නළු නිළියන් කවුද
d45bb05fec	ඉතින් හොරා යන්න ගිය නිසා
d45c5fb5f2	උස් පහත් භේද හැර
d45d1092b9	එය නිර්මාණය කළේ
d45d996f06	ඔක්කොම මෙතනදි පාවිච්චි කරනවා.
d45dd75c1a	වඩා වැදගත් බව පැහැදිලි ය.
d45e02ae95	පියවර ගෙන තිබුණේ නැත
d45ebdea65	අවුරුදු ක්‍රීඩා ජන ක්‍රීඩා ඇතුළු
d45ed48c4f	elephant tub
d45f65dc18	මට නම් ඔවුන් ටික පේන්න බැහැ
d45f765e78	ඒ ළමයගෙන් අනාගතයට වැඩදායක නායකයෙක් බිහිකරගන්න තිබුනා
d45fc0eba0	ත්‍රිපිටකයෙහි නොයෙක් තැන්හි සඳහන් වීමෙන් පෙනී යනුයේ
d4601367db	ආරක්ෂක නිලධාරීන් සටහන් කරනවා..
d4601f9564	අපේ ස්වභාවික සම්පත්
d4614cade6	රහත් උතුමන් මේ කිසිම තැනක කම්පා වීමක් නෑ.
d46213efb8	ඒකෙ කිසිම මෝඩ කමක් තියෙන්වද කියලාත්
d4629d9c04	වංශකථාගත සාධකවලට අමතරව
d4631b150b	ඔබ චිත්‍රපට හෝ
d463a71622	අත්තම්මා ටෙලිනාට්‍යය අපි සැබෑ ජීවිතයේත් පෙම්වතුන් කළේ
d463c43f38	භාවනා ක්‍රමවේදයන් වර්ධනය වීම
d463d32d6c	බෝගම්බර බන්ධනාගාරය වේ.
d463e16748	ඒ කිව්වේ මැයි මාසයේ නිකුත්වෙන
d4646fb4cf	හැබැයි ඒ යන ගමන්
d464bcd654	ජනප්‍රවාදයන් හා එකතුවීමට
d464d2856c	එබැවින් මැලේ ජාතික නායකයන්
d4652b810f	මට්ඨකුණ්ඩලී කතාව, සාමාවතී කතාව, ලාජා දෙව් වත ආදී වූ කතා පුවත් මගින්
d46557f6ae	එහි සිංහලෙන් ලියූ
d465b609ea	මේ දැකපු වයසක මිනිහව මරලා දාන්න
d466e7f60c	එයා යම් කෙනකුගේ අගුණයක් දැක්කොත්
d466f8ccc1	පිවිසි ජෝර්ජ් කීට් මහතා
d4671d8cfb	twilight
d46744c4b6	දිමුතු සහෝ චාලි චැප්ලින්ගේ චිත්‍රපටි මමත් බලන්න පටන්ගත්තේ
d467a111cd	නොදී ඉන්න බැහැ නේ නේද?
d468ba1330	පට්ටම පට්ට චිත්‍රපටයක්.
d468de1636	අනිත් අයට
d4698125f3	පසුගිය දා පැවති අතර
d46a04a96b	ඒකාන්ත වශයෙන් ඔහු දුක් කෙළවර කරන්නේ ය.
d46a100cbf	ජාල සම්බන්ධතාවෙ කැඩෙනවනේ.
d46a623b35	බැලූ බැල්මට නීති විරෝධී ලෙස පෙනෙන
d46a67f319	මහින්දාගමනයෙන් පසු මිහින්තලේ ඉදි වූ
d46a98b672	බද්ධ වී ඇති නිසයි
d46accb43c	කොහොමත් බෞද්ධයෝ වශවෙන්
d46ae47d4e	අවසානයේ ඔවුන් වියදම් කළ මුදල ද
d46b20bd9c	එක්කෝ සත්‍යයි
d46b412f1b	මාත් බාන්ඩ දැම්මා.
d46b96b005	උදාර සොහොයුරාට අප සැමගේ ස්තූතිය
d46bd22fb1	තිව්තිසා දෙව්ලොව සතර දෙවිදුගේ පුත්‍රයා වී උපදිනවා.
d46c19963f	සිරිමා බෝ හාමුදුරුවන්ට පැන් ගන්නා
d46c49ec12	ගොවිතැනක් කරගෙන ජීවත් වෙන ඔහු
d46cd21a0d	අපේ රටේ කොච්චර වැදගත් ලස්සන ස්ථාන තියෙනවාද?
d46e2e4e5b	උන්වන්සේ සම්බුද්ධත්වයට පත්වෙලා
d46e832abf	wedding cake structure
d46e9a3a4d	ඔය කියන මෛත්‍රීය තේරෙයි
d46ea3bd3c	එතනින් ගිහින් ගුවන් යානයට ජෝ නගින්න ගියත්
d46f02ba11	ගිනි තබා විනාශ කර ඇති බවත් කියැවේ.
d46f2af6f8	බුදුරජාණන් වහන්සේ දැකීම
d46f9930f2	එමෙන්ම මෙහි ඇති කුරගල පිහිටි ගුහාවෙන්
d46fd7454b	ඔබට මහත් ආශිර්වාදයකි
d4701a6c5b	යන්තන් කාලෙකට පස්සේ
d4702c7e1a	අනුරාධපුර මහ නගර සභාවේ
d4703c079a	පොඩ්ඩක් උතුරු මුහුදෙන් පැනල
d4706f2e24	අඩුම ගානේ කිරිතේ වත් බොන්නැ
d470d70942	ඔබට මේ ‍දේ කරන්න බෑ කියලා
d470dac9c2	එබැවින් තමන් පිහිට කොට
d4716a630a	එකෙනෙහි එක්‌ සගයකු පාර දෙසට යන්නට වූයේ
d47170f5de	ගොවියා කරාවි
d471a62009	වෙල්කම් බැක්
d471b47562	එබැවින් එකල විසූ බොහෝ භික්‍ෂූන්
d471c50805	ඇතැම් විට බලවත් ග්‍රහ කෝපයක් වෙන්නට පුළුවනි.
d47216ce4b	පැදුරු හෝ යම් ඇතිරිල්ලක් එලාගෙන
d472aad983	ඒ සඳහා අවබෝධයක් කැමැත්තක් ඇති නොවේ.
d472ad755b	ශ්‍රී ලංකාවේ කලා මණ්ඩලයෙනි.
d472ef330d	නියමයි නේද?
d4736adca0	මෙම සිදුවීම් ඇසුරින්
d4755a53d6	අම්මේ ඔබ අපට ආඩම්බරයෙකි.
d475f80367	ලංකාවට වැඩම කරල
d4761a002e	මිනිස්සු උස් හඬින් මහහඬින්
d476268c92	සෑම වසරක ම පළවන නවකථා
d4769f751e	එය යුද්ධය විසින් ජීවන අශාවන්
d476aa3976	අවශ්‍ය දේවල් දෙන්න පුළුවන් නම්
d476f93e72	කතාබහ ආරම්භ කරනවා
d477179185	සාලෙන් ආයෙමත්
d47790ba2c	ගිලන් භික්ෂූන් වහන්සේලාට
d477f958c4	එතැන ගන්නේ නූගතුන් හා මෝඝ පුරුෂයින්ය
d47850aa06	මේකෙන් ගැලවෙන්න තිබ්බ
d478c3e8d5	මොකද මේ වන විට
d478dd398c	ඉන්දියාවේ රාමායනේ එන රාම කුමරු
d478e6bc32	මේ මැයි මාසයේදී
d47943d3d8	දේවාල ආශ්‍රිතව පිහිටුවා ඇති කප වටාය.
d479952450	එහෙත් අදාල කටයුතු පිලිබඳ
d47a63583c	බුද්ධියෙන් දෙන්නා වූ දාන ලෙස හඳුන්වා තිබේ.
d47a8d735c	මේ අයට කරගන්න බැහැ
d47a9c1427	අන්තිමේදි බලනකොට
d47b014da4	ඔයා තවම පොඩීනේ
d47b2ba695	ඔබ වැනි ගැලවුම්කරුවන් අපට අවශ්‍ය නොවීම පිණිසය
d47b5923ea	යමෙක් පස් පවින් වැළකී
d47c28f796	ව්‍යායාම් ගැන කියලා දුන්නා.
d47cb151ce	ඊට පස්සේ බලපිටියේ සිද්ධාර්ථ විද්‍යාලයට ඇතුළත් වුණා
d47ce5849e	ජනාධිපති මහින්ද රාජපක්‍ෂ මහතා වෙත යොමු කර ඇත
d47d5aeef2	බෝම තුති ඉක්මන්ටම දෙන්න
d47d6bba25	එවැනි අබිරහස්‌ ඝාතන සිදුකර
d47de245c0	එකී ක්‍ෂේත්‍ර පාඩු රහිතව පවත්වාගෙන යාම
d47e3b0004	ක්‍රියාත්මක නොවීම කනගාටුවට කරුණක්.
d47e4cd4ac	ඇහුවාම මෙන්න
d47e7aecda	worlds end
d47ebe149a	එළියට එද්දීම
d47f24fffe	කන්ටවත් නිදහසක් නැති හැටි.
d47f2d7739	තද කළු පැහැයෙකි.
d47f8fbd91	ඉර එළිය රස්නෙ වැඩියි
d47faebe85	මහරජතුමනි මේ මොකද
d47fcd17cc	සල්ලි වලට සුද්දාගේ ලෙවකාපු උන් කියලා ඔක්කෝම දන්නවා
d480ee4f88	ඉතිහාසයේ මහා ශිෂ්‍ය සටන්වල
d48154e859	ඇතැම් බෞද්ධයෝ ද ඒ මත පිළිගෙන
d48189e849	සිය පුතුට පවසනු ලබයි.
d481e9d6ba	බෞද්ධයකුව උපන් ඔබ අතිශය පුණ්‍යවන්තයි.
d4826cc739	ඔවුන් සමග කතාබස් කරන්නේත්
d4828e949b	ගියවර දෙවියන් හා මිනිසුන් අතර ඇති වූ සටනෙන් පසු
d4831c7ec7	චුන්දගෙන් පහර ලබන අහිංසක ඌරන් තමයි.
d4836fb5d2	සුදුසු වෛද්‍යවරයා එදා අනුරාධපුරයේ සිටියේ නැත.
d4837335a1	ශිල්පියා දක්වා ඇති කුසලතාව
d483810a7c	කාලයත් සමඟ සටන් වදිමින්
d483bcd0af	සම්පූර්ණ විස්තර තියෙනවා
d4843630cd	එතන අනිත්‍යය ගැන සියලු දේම තියෙනවා
d4846980c2	චන්දන වික්‍රමසිංහ පිළිබඳ අප
d484af1347	එවැනි යෝජනාවක්
d484d37767	හැබැයි අන්තිමේදී වෙන්නේ
d48540c190	වහ වහා රජගහ නුවරට වැඩම කළහ
d485424eff	අපරිමිත වූ දුරකට රැගෙන යයි.
d485629192	කළ මේ ප්‍රශ්න කිරීම නම් සාධාරණය
d485c623d5	ප්‍රශ්නාවලියක් වත් හරියට හදා ගන්න
d486036dbc	ඔබ කිව්ව වගේ කෙටි වුනාට
d486b36d49	පසුගිය ජූලි මාසයේ.
d487192024	ලලිත් කොතලාවල බලහත්කාරයෙන්ම
d487d647f6	එනම් වත්මන් විල්පත්තුව
d48838332b	ඒ ගැන වැඩිදුර හොයන්න ගියෙ නැහැ.
d488429a8a	magazines for teens
d48863ee4f	වටහා ගත නොහැකි වනු ඇත
d488725c81	සමාජයට සම්පතක් නෙවෙයි.
d48889afb1	ඒක දැනෙනවා නම්
d4890c3270	ඉසුරුගෙන් ඉල්ලා සිටිනවා
d4891bff76	අනේ මම දන්නේ නෑ
d489913922	සියුම් විදියට විවේචනය කරන
d4899372c7	බුදුරදුන් නර්මදා නදී තීරයේ
d489b5675d	දම්වැලක්‌ කකුලේ බැඳගෙන
d48c0bdbbe	සාසනයේ පැවැත්මට ආමිස පූජා
d48d4dd442	හොරකම් කරන්න පුළුවන් ලු.
d48e0ad45d	විමසිය නොහැකිද
d48e0eface	"'ජරා"" කියන එක"
d48e727158	එයින් යම් පාඩම් ඉගෙන ගැනීමේ
d48e7af96e	mahamaya girls college kandy
d48efa69d7	එහෙත් අජිත්ට ගහන්න කළින්
d48fd1d99e	අද චීනයේ අධිරාජ්‍යයට අහුවෙච්ච කෑල්ල බවට
d48ffdcb02	අපේ නිවසේ නම්
d490468075	රාජ්ගේ බ්ලොග් එකත් ගොඩක් දෙනෙක්
d4917093af	කොන්ක්‍රීට් කිරීම සිදුකරන්නේ
d491fea1ff	මේ ඉසුරුමුණියේ පෙම් යුවල යනු රාමා සීතා යුවලයි.
d4926568d6	බයවෙන්න එපා.
d492cfc0e1	අත්අඩංගුවට පත් වූ බොහෝ දෙනාගේ පවුල් සීසීකඩ කැඩී ගියේය
d492e8d811	අපි ඔක්කොම අද හොදින් ඉන්නවා
d49307844f	සතුන් මැරීම බයත් වෛරයත් හටගන්නා
d493125e2b	සත්‍ය අවබෝධකරගෙන නිවන් මඟ තෝරාගනී.
d49357fec7	එහාට පෙරලලා
d493fc3fdd	වැද්දාගේ ග්‍රහණයට හසුවූවාක් මෙන්
d493ffd698	වහාම මහාචාර්ය කෑල්ල භාවිතය ද අත්හළ යුතුය
d4940c72bb	නමුත් කුණුහරපය උනත්
d494228fc6	දැන් අපි මේ කතා කරන්නෙ
d49495ca86	තාම කවුරුවත් බාරගෙන නෑ.
d494b82c1d	අපි තවදුරටත්
d49528eb2e	යමක් විනිවිද දකින්න පුළුවන් හැකියාව ලැබෙනවා.
d495304f79	driver scanner 2012 activation key
d4953b50fb	ඉහළම ජන ප්‍රසාදය හිමිව තිබුණේ
d495693c30	ඊලඟ කොටස ගෙන එන්න.
d4961cc5db	බහුජාතික කොම්පැනියක්
d496528f7b	මරලා දාල කියලා තේරුම් ගත්තු
d496bf77c0	ලක්දිව මිහින්තලයට වැඩියේ සාංචියේ සිටය.
d496e335f5	වුවමනා ධනය උපයා ගන්නට මගක් ද නැත.
d49740d902	මහල්ලා, රෝගියා රාජදඬුවම් ලද්දා
d4987d0c87	මේ බඳු ක්‍රමවලට වඩා
d498953499	ඔබට මගේ
d499143422	ජනතාවගේ සෞඛ්‍ය මට්ටම් වැඩිදියුණු කිරීමටත් කැපවුණා.
d4991e7a36	නිවනට ළං වෙන එකක් නෙවෙයි
d499d34090	වස විෂ පානය කොට මිය යයිද
d499e39262	ඇත්ත තමයි.
d499f0fb4b	හැම තාත්තා කෙනෙකුගේම අත්දැකීම්
d49a46de1e	එදා සිංහල පමණයි කියපු අය
d49a4ab269	උසස් වීම් වරප්‍රසාද
d49b744c8e	නමුත් ඉහත උපදේශය
d49b85dfc3	වැළැක්විය නොහැක.
d49c637dfa	ඔහු අනෙකුත් අකුසල් සඳහා පෙළඹෙන බවයි.
d49caeee4f	එහිදී චන්දිමාල් කිසිවක්‌ සඳහන් නොකළ
d49d265b30	ඒවායේ ලුණු රස ටිකක් අඩු තමා
d49dc150c1	යොමුව පැවැත්ම සේ හැඳින්වේ.
d49debad4f	බුලික් හමුවූ බවත් ඔහු කියයි
d49e4db34f	ඒකත් වැරදියි කියලා
d49f792642	බැතිබව වඩවන දර්ශනයක්
d49f7dc86a	එවැනි ප්‍රකාශයක් කළ යුතු නම්
d49f8c1d4f	අනිවාර්යෙන්ම ඒ කාලයේ පැවති සමාජ වටපිටාව බලපාන්න ඇති
d4a053f83b	පියවර ගෙන ඇත.
d4a0db3d42	ගැටුම පිළිබඳ කෘත්‍යවාදයට අනුව
d4a15aace0	අප ඒවාට සහභාගී වන්නෙ
d4a1cceea9	කිසිම සැකයක් නෑ.
d4a30f69fa	තෝ මෙතන මාගල් වගේ ඒවා දාන්නේ
d4a34532ce	දැනීම බරක් බව පැවසේ.
d4a347edcd	බුදුරදුන් පිරිනිවන් පානා බව අසා
d4a3727ec2	අගවිනිසුරුවරිය එය ප්‍රතික්‍ෂෙප කළා
d4a3a1dfdc	කූට වෙළෙන්දාටම වාසි ඇතිවේ.
d4a3a7774d	මෑතකදී පශ්චාත් උපාධි ඩිප්ලෝමා පාඨමාලාවක්
d4a4074bed	හිතුවෙ නෑ ඕයි
d4a4eaaedd	බෙදී වෙන් වී ගොස් ඇත.
d4a57b096d	බස් රථයේ ගමන් ගන්නා මගීන්ගේ ආරක්ෂාව
d4a5eba239	මෙතෙක් කර ඇති පරීක්ෂණවලින් හෙළි විය
d4a61e003d	ට්‍රයි කරලා බැලුවා නං.
d4a66214af	බොහොම ස්තුතියි ජය.
d4a670268a	විය යුතු නොවේ.
d4a6b3262d	පසුව ඇය සොයා නිවසට පැමිණ තිබේ
d4a6e119a3	කියන්නම ඕන.
d4a73a732d	ඒත් විශාල ප්‍රශ්නයක්
d4a77e2c55	මෙතැන මාව තව අවුරුදු දහයක්‌ හිරකරලා හිටියත් මාව එල්ලුවත්
d4a7827089	එයයි නිවසක හැඩය.
d4a81e27e4	සෞම්‍ය සිතුවිලි නිශ්පාදනය කරන්න පුළුවන්
d4a83f61ae	බෝවීමත් අඩුවෙලාලු
d4a856955e	ඔබවහන්සේ නම් ඒකාන්තයෙන්ම
d4a88dd7a3	මේ‍ක‍ ඇ‍ත්‍ත‍ට‍ම
d4a8d16c7d	අනුන්ගෙන් අසා දැනගත්
d4a922b224	ඒත් එන්න එන්න
d4a98f4a8c	අනිවාර්යෙන්ම බෞද්ධයෙක් කියන්නෙ හදවතින්
d4aa196a14	ඒවා වන්නේ.
d4aa26f091	ජයකොඩි වගේම අපිත් කැමති නැහැ.
d4aa61d778	මුලු ලංකාවෙම වෙලාලු
d4aa679bb1	මාලදිවයින් යන්නද හදන්නේ?
d4ab31d696	විශාල දැඟලිල්ලක් දඟලනවා
d4ab67659a	අපිට වෙනම ඇඳුම් පවා තියෙනවා.
d4ab72b304	ඊට පස්සේ එහෙම කරපු පොල් ගෙඩිය
d4abc8b517	මෙම ග්‍රන්ථකරණය කෙරෙහි
d4ac5d9f0e	අල්ලලා දාමු කකා.
d4ac6e107c	වැටලීම් කළ නිලධාරීන්ට හැකිවිනි
d4ad215f59	how many calories should i eat to lose weight
d4ad3ff8d7	ඉඳලා මිල අඩු කරපු දවසක ගන්න.
d4ad9f042d	එතකොට කිව්වා
d4adbe7db0	අප සමහරවිට නොදුටු පැත්තක්
d4adc7f710	එදිනෙදා ජීවිතයට යොදා
d4ae0fc35c	ඔය හාමුදුරුවෝ කියන වචනේ දෙමළ ඌරුවට වර නැගෙන සිංහල වචනයක්.
d4ae22be63	වගේම ප්‍රතිමාවක්
d4ae28314e	රූපවාහිනී තිරයට එකතු වෙන්නේ කොහොමද කියමු?
d4ae6efe4f	තේරුම් ගත්තේ නෑ.
d4af69d0f8	ලෙහෙසි නැති නිසා.
d4afd17e10	සාමය සඳහා ලෝකය පුරා
d4afe28bf9	උඩුමහලෙහි ප්‍රධාන කොටස් දෙකක්
d4b0d26efc	එය අපගේ සසර ගමන
d4b137c1cb	අපට ඉන්න වුණේ
d4b2e74319	ප්‍රථම සංඝායනාවේදී
d4b2ed7a30	අන්න ඒ නිදහස් විදිහට
d4b2efc2e2	අපි අදටත් හිතන් ඉන්නේ
d4b3e5bac9	පංච කාම අරමුණු මුල් කරගත්තු විඳීමක්
d4b4690ab9	හිමි නෑ.
d4b4f7dd1e	පැය තුනක් රඳවා ගෙන සිටි බව ඇය ප්‍රකාශ කළාය
d4b5148330	එන්න තියන තවත් සුපිරි චිත්‍රපටයක් ගැන
d4b556decf	එබව සදහන්වේ
d4b60ab80f	නුවණ යොදවා එය කරන්නේ වෙයි
d4b66c5d34	එබැවින් කුමන අරුතක් මත හා
d4b6a280df	එදා වැඩකරන ජනතාව වෙනුවෙන්
d4b6cc6918	කාටවත් පේන්නෙ නැහැ.
d4b73a1c2e	ඒ වගේ ශ්‍රේෂ්ඨ අයගේ පහළවීම
d4b753e421	අපිට මෙහෙම නොකරන්න
d4b7c101e3	ඒක ඇත්ත!
d4b7dc2848	ඔබගේ මිතුරන් අතරේ ලිපිය
d4b7ee0581	කෙලින් උත්තර නොදී
d4b85ba58b	මම පිලිගනිමි.
d4b90acaf5	වෙනත් ආයතන තිබිය යුතුයි.
d4b92c559c	එකක් වත් බටහිරයන්ද පරම සත්‍ය ලෙස පිලි නොගනී
d4b93794b1	නැත්නම් වෙළඳපොලෙන් ඉවත්කරනව කියලද
d4b951cf39	සුවිශේෂී නිදන් වස්තූන් පිළිබඳ සටහන් නොමැත.
d4b97b120d	යමෙක් මහ පොළව සමඟ උරණ වී
d4ba0a8ba9	බුදුරදුන් පූර්ව ජාතීන් හිදී කරන ලද
d4ba2a587d	කරමු නේ ජය වේවා
d4ba5af3af	ලග්නගත කුජ ද එඩිතරකම ගෞරවය රැකදෙයි.
d4ba8bdf04	ඒ තත්ත්වය උඩු යටිකුරු වෙමින් පවතී
d4bac1413e	මේ වෙනකොට තහවුරු කරගත්තා
d4bacc8760	තමයි කටයුතු කරන්නේ
d4bb390d03	අවබෝධයෙන් තෙරුවන් සරණ යෑම.
d4bb5a8995	මුදලට ලොල්වෙලා
d4bb8f39e8	අකුසල කර්ම කළ අය
d4bba2c0b1	ඇයි මේ
d4bbfe220d	ඒත් ඔබේ පිළිතුර එය වුනොත්
d4bc6abe51	බුදු දහමේ අරමුණ වන්නේ ද
d4bc84ddd1	අශ්වයා පැන්න නිසා
d4bcf8f07b	ලෙඩ රෝග වලින් වැළකිලා
d4bd0822ab	මුලින්ම පුතෙක් ලැබුණු එක හොඳයි කියලා දැන් හිතෙනවා.
d4bd608b4d	එන්න දෙවුන්දර තුඩුවෙන් ඉගිල්ලී
d4bdcf7699	බාහිරින් පැත්තක යොදා
d4bec49c91	වෙනදා මෙන් නොව
d4bed5ac02	ගේට්ටු පියන් අද මුළුමනින්ම විවෘතව තිබිණි.
d4bee2ce34	සාක්ෂි දෙමින්
d4beee3795	අනිත් සීසන් එක ආවහම
d4bf04f9a9	සිත පිහිටුවන්න කියලා
d4bf0fe075	මේ නම්වලින් සඳහන් වන
d4bf3dc1ce	පකාරය වෙන්න ඕනෙ.
d4bf8dc614	එම අවස්ථාවේදී මෙසේ පවසයි
d4bf93a968	ජීවත්වීමට වාසනාව ලද
d4bfac2e64	රටවැසියන් බහුල වශයෙන් රෝගීන් බවට පත්වන
d4c1978ad6	ඊට අමතරව රැකියා විරහිත තරුණ තරුණියන්
d4c217147b	ඉන්දියාවට කතාකරලා
d4c22c4b9e	පටන් ගැනීමට නිසා
d4c27f6402	ජය ලබන්න නම්
d4c4339066	සිංහල බ්ලොග් ලෝකේ
d4c5fdc0da	රසිකයන්ගෙන් ලත් ප්‍රතිචාර
d4c619da03	සම්බන්ධයෙන් අර්බුදයක් පැන නැගී තිබෙනවා.
d4c65ab35a	තරුණිය ඔහුට මතක් කර සිටියා ය.
d4c6680609	තෙත් තොල්පෙති හිරියෙන් විකසිත වුණ
d4c67ee199	අදත් මිහින්තලයේ රුව් පිළිරැව් දෙයි.
d4c69a182d	එකල රචනා කළ සංස්කෘත බෞද්ධ ග්‍රන්ථ දුර්ලභය.
d4c7177a94	බලපු එලම එකක්.
d4c71f7e03	ශ්‍රී ලංකාව නියෝජනයට සුදුසුකම් ලැබුවා
d4c76f4928	නවකතාවෙ ඊලඟට වන හැමදේම සදහා බලපානව.
d4c7c4c829	හිමි කර දෙන්නේ
d4c7cf6bfd	නාහිමිපාණන්ට දැන්
d4c866c0b6	අසල්වැසි නිවෙසකින්
d4c8db6799	විහාරයේ කලක් පැවැතිය
d4c9c7422d	භික්‍ෂුණීන් පිළිබඳව සඳහනක් ශාසනයේ
d4caa91cfe	කැප්ටන් ඩෝසන්ට නයෙක් දෂ්ඨ කළේය
d4cb165d0f	සිංහල සිනමාවේ දැවැන්ත කඩා වැටීම
d4cb623c5e	ඔයාටත් තේරේවි මේ චිත්‍රපටිය බැලුවාම.
d4cb7caa64	බිලියන ක් පාඩු ලැබුවෙ?
d4cc0703d1	එහි ප්‍රතිඵලය
d4cc9b6bc4	ඔහු කියා සිටියේය.
d4cd45f2af	ගෙදර අය ඔබට අමතන්නේ මොකක් කියලද?
d4ce028013	ඇය මෙසේ පැවැසුවාය.
d4ce5cc0ab	මෙම ප්‍රකාශය වැරැදි ලෙස තමාට වාසි ලෙස
d4ce76f10f	එය තම ශීලය පරිපූර්ණ වීමටද
d4ce9de3e7	ඔය පන්සල් වල ඉන්න
d4ced31675	අවුරුදු වෙනකොට ඇමරිකාවෙ තරුණ තරුණියන්ගෙ වැඩ.
d4cf567348	ආසයි මේ වගේ කතා වලට
d4cf877073	කියන්න ගොඩක් දේවල් තියනවා
d4cf9f90b8	අදි මදි කලේය.
d4cfa9dd47	තවම මං පුංචි දරුවෙක්.
d4cfbc71a9	දේශනා පාඨයෙහි සඳහන්ව ඇත.
d4d12ef029	මේක පුරාවටම කතා වෙන්නේ දුප්පතුන්ට යුක්තිය ලබා ගැනීම
d4d147e9b7	මේ උතුම් කර්ත්‍යවයට සූදානම් වීම පිණිස
d4d187816c	භයානක උපකල්පනය.
d4d1ac0703	උඩින් ගිය අපේ රටේ ප්‍රථම ආදිවාසියා ඔහු වෙයි
d4d22fe94b	නොසලකා හැරීම්
d4d27859bc	ජාතික ව්‍යාපාරය ඉදිරිපත් කරන
d4d2aeb15d	හරි දැන් බලමු
d4d2c40bfd	මේ නගරය සම්පූර්ණයෙන්ම
d4d3e2e61c	පටන් ගත්තා.
d4d3f3c5cf	ඒවායේ විපාක මේ ආකාරයෙන් ලබා දෙන බවයි
d4d4165332	සතෙක් පෙලල හරි සල්ලි හොයනවා.
d4d42e6d97	ඔබලා එරික් සෝල් හයිම් මහතා
d4d5835044	විනාඩි විස්සක් වැනි කෙටි කාලයක් පමණි
d4d591e2fd	ආචාර්යවරයෙකුට ලැබිය යුතු
d4d5d6fa52	මෙහි කිසියම් වරදක් ඇත්නම් මට කියන්න.
d4d5e4b21e	දරුවා පාසලට ගන්නා බව
d4d66baa6e	එම ලේඛනයේ රඳවා ගැනීමට හේතුව
d4d6bd3174	එහෙත් ඔවුන් අතර විසඳාගත නොහැකි ප්‍රශ්නයක් මතු විය
d4d6c32917	අපි හැමෝම අනෙකගෙ පුද්ගලිකත්වයට ගරුකරන්න ඕන.
d4d75076ad	ඉහත දක්වා ඇත්තේ සාරාංශගත කරුනු
d4d78c0c60	එහෙත් ඒ මත දැරීම
d4d7c8600e	සුළු රැකියාවක නිරත වන්නන්
d4d7cf2c9d	එතුමටවත් බැරිවුනා
d4d8485474	සිරිවඩ්ඩන නම් වූ මහ සිටුවරයාගේ පුත්ව ඉපිද සිටියහ.
d4d8c55e75	අර වලල්ල බිම දාල ගහේ නැග්ග එක
d4d951f010	දෑතින් මූණ වසාගෙන දිව්වලු.
d4d9a91a0c	අනාගතයේදී රාජ්‍ය පාලකයන්
d4d9d9a494	කමෙන්ට කරන්නත් අමතක කරන්න එපා.
d4daf9e1f2	අපි මේ වැව් දෙකේම
d4db5a99bc	කියවල ඉවර කරන්න බෑ
d4db5fe5d5	බොහොම ස්තූතියි.!
d4dbb23311	එසේ සමාජගත කෙරෙන දැරියන්
d4dbc4c11e	මට වෙලාවකට හිතෙනවා මන්ද බුද්ධිකද කියලා.
d4dc6d2b40	කියන බෑන්ඩ් එක හදාගෙන තියෙන්නෙ.
d4dc71bdc0	මට කියන්න.
d4dc74189b	මේ ඇමැතිවරයා ගැන
d4dc7da13b	කොටසක් ඉතුරුවෙද්දී
d4dcdb8701	එතකොට කොණ්ඩේ කොටට කපලා
d4dd286e06	වෙනස මොකද්ද?
d4dd3fa06a	අශෝක කුමරු විවාහ වූ බව කියැවේ
d4dd40c0c5	මේකෙ කතාව මම කියන්නෙ නෑ
d4dd44ff3f	එයින් අහිමි වී ඇති
d4dd81d664	ඇල්ෆා පිටත් වෙනවා.
d4dd86dc81	රජතුමා බියට පත්ව පසුදා උදෑසනම
d4ddb7ff83	හැබැයි එහෙම කෑගහන අය
d4ddfb8536	ඔයාටත් ඉන්නවද
d4de02f5b3	උපන් වෙලාවට අනුව
d4de406faa	අපි දන්නවා කියලා පෙන්වන්නයි.
d4df378fca	සෙබළුන්ගෙන් විමසා ඇත.
d4df38f4ca	එහෙම රෙගුලාසි පැනවීමට
d4dfcf83a1	යළි නිවෙසින් එළියට බහින්නේ
d4e0fedaca	ඒකාකාරී බවෙන් මිදුණු
d4e170fc22	පැකට් එක කඩලා
d4e1e56ebc	එත් ඒක එහෙම වෙන්නේ නැ
d4e33a5ef2	ඇයි සහෝදරයා මේ ඉන්නේ
d4e3e517b2	මෙහෙණි සස්න පිහිටුවා
d4e43d7a45	නොහැකි වනු ඇත.
d4e54e0f55	ක්‍රියාවක හා සිදුවීමක වෙනස හඳුනා ගැනීමෙනි.
d4e584b46a	පළමුව ධර්මය දේශනා කිරීම සඳහා
d4e625c64f	කොළඹ ආසන්නයේ රූපලාවණ්‍යායතනයක් කරගෙන යන
d4e656e3ef	ඊජිප්තුවෙ පිරමිඩ හැදුවෙ
d4e68f9c2f	තවම ආදරයක්‌ සොයනවා
d4e6ab7351	ලියාපදිංචි වෙන්න ඕන.
d4e700b2aa	සතර අපායට වැටුණහොත්
d4e73dba4a	පත්වෙන හේතු මොනවාද කියලත්
d4e757c5b0	අපේරටේ වගේ පන්සල්වල කරන
d4e8191168	මෙය කැපී පෙනේ
d4e84c1c94	පිළිගත් නිසා
d4e8689e2c	එක පාරක් කිව්වා
d4e8c80d9f	sabeetha perera
d4e9ac42f9	ශක්ති ලෙස හදුන්වනු ලැබෙත්.
d4e9caafea	එසේ වුව ශ්වේත රාත්‍රීන් විසිහතරක්
d4e9dc6aeb	අන්තිමේදී මම කිව්වා
d4ea24a04c	මිහින්තලාවේ ලෙන් හැට අටක් තුළ කොටන ලද
d4ea7e294f	ඊට පස්සේ ඕන්න
d4ea939a2e	මට නං මේක බර වැඩියි
d4eaf6020c	එවා දියරද පිටිද කියන ගැටලුව පැන නගින්නේ නෑ.
d4eb81af8d	පුවත්පත වාර්තා කරන පරිදි
d4ebd8119d	ජනතාව වෙනුවෙන් බෙහෝ දේවල් ඉටු කරන්න තිබුණා
d4ebf6d39d	එය අභය හෝ විතර්ක මුද්‍රාව
d4ec463924	මම පොඩි එකාට තිබ්බා.
d4ec754f5a	මේක නොබලා ඉන්න ඕන.
d4ec8c5ce5	විශේෂඥ පසුතල නිර්මාණ ශිල්පීන්
d4ed418814	පණිවුඩයක් යැවීමට
d4edaa8a59	මෙයාගෙ කට බැලුවම
d4efabb18a	ඇය ඒ සඳහා සහභාගි වුණේ නැහැ.
d4efaf9133	ඔවුහු ගිමන් නිවූහ
d4efc0b554	ඔබ කිව්වෙ වැදගත් කරුණක් මිත්‍රයා
d4eff54320	අනුන්ට සෙත්පතා කියවන විට
d4f12a4ffa	බොහෝ ඒවා ලිඛිතව සඳහන් නොවේ.
d4f139bc49	තියෙන්න පුළුවන්නෙ ප්‍රජාතන්ත්‍රවාදයයි ධනවාදයි
d4f13d9950	වචන එක්කාසු කරන්නට උත්සාහ කළේ ය
d4f194d6d8	sinhala teledrama theme songs
d4f1de70a0	ඒවා මේ දේශපාලන පක්ෂ අතරට
d4f1f5e4a2	එනම් අධ්‍යාපනය හරහා ඇති කරනු ලබන
d4f207b6db	එකට බුදියන්නේ එකට
d4f27a7304	ගොඩක් වෙලාවට දුක්වුණු දවස් තියෙනවා.
d4f3a843b1	උසස් අධ්‍යාපන අමාත්‍යංශය වැඩකුත් නැහැ
d4f46062d2	විශේෂ යමක් කියා සිතන්නේ ම
d4f5047cbc	කතා වෙන කෑල්ලක්.
d4f5858737	ඒවා වැරදි ඉදිරියේ ක්‍රියාත්මක නොවන්නේ නම්
d4f61b521b	මට විශ්වාසයි.
d4f62fb88d	මට ලැබුණොත් මම දේශපාලනයට එයි.
d4f695e7c2	අත්අඩංගුවේ සිටි වන සැකකරු වන මනෝජ් චමින්ද
d4f69a33e0	ආධාර ලැබෙන තුරු
d4f8327ee5	ඉස්සරහට ලෝකේ මිනිස්සු අපිට වඩා ගොඩක් දැනුමින් සන්නද්ධ
d4f874d519	තවත් ඉදිරියට මේක අරං යන්ඩ හිතුවොත්නම්
d4f8ff2d36	අදාළ බස් රථය
d4f9051697	චුල්ලසෙට්ඨි කෙනකු ගැන
d4f978238a	එවිට සක්දෙවිඳුන් උත්තර
d4f997c32b	එයින් බස් හිමියාටත් බස් සේවකයාටත්
d4f9afe2d6	නමුත් ඔවුන් තැබිය යුතු තැනින්
d4f9cef1f1	බලමු අද ගෙනාවේ මොකක්ද කියලා.
d4f9e28c27	අද දින තාක්ෂණ හා පර්යේෂණ අමාත්‍ය
d4faa7a9fd	ඇයට පහසු විටක
d4fb07b6da	කළ කී දෑ ගැන
d4fbcd56cf	ලෙඩ වෙන්නේ දිව.
d4fbd76cb0	රෙදි කෑල්ලක් දුන්නා.
d4fbf32960	උපන්දිනේට පමනක් දානයක් දියයුතුයි
d4fbf3872d	ඔහොම කියනකොට
d4fc0349aa	ජාතිවාදය අවුස්සන්න හදනවා.
d4fc60f05d	මල්ලෙ දාගෙන මම කුරුදු තැළුවා.
d4fc866540	අසන්නට ලැබෙන ගුරුවරුන් වෙත
d4fca23692	ලෝකය වරදවා දක්වන පෙන්වන පාට කණ්ණාඩියක් වැනි ය.
d4fcbd5d94	හරිම ලස්සනයි.
d4fcc0a480	අප මෙහිදී
d4fccb5cfd	බුදුදහම තුළිනි.
d4fd47c5c0	හිනාවෙන්න පටන් ගත්තා
d4fd87cd3d	සූත්‍ර පන්ති ආරම්භ කළා.
d4fdfe314f	සාධු දමිත ඥානානන්ද හිමියන්ගෙ
d4fe08d6ea	තැන්ක්ස් මතක් කරලා දුන්නට
d4fe1c3921	එමෙන්ම ඉදිරියේදී ඇතිවිය හැකියැයි කිවහැකි
d4fe1cb500	රතු ගෝලය ඉලක්ක කරගත් නිසා
d4fe317ca1	ප්‍රශ්නයක් වෙන එකක් නෑ
d4fe7e594a	ඌ ඔය කටින්ම කියයි
d4fe8a901d	වාර්තාකරුවෝ පැවැසූහ.
d4fe8de595	nitrotech
d4feba62af	මොකද මයිකල්ගේ සැලැස්ම වුනේ
d4ff2b7e00	ඵලය අපට දැකගත හැකිවෙයි.
d4ff96de49	මීට කලින් කිසි දවසක
d4ffd09400	මෙම තරුණයා කිහිප වරක්ම මෙම තරුණිය මුණගැසීමට උත්සාහ කළ ද තරුණිය ඒ අවස්ථා මගහැර තිබේ.
d4ffe27a85	උතුරේ පදිංචිව සිටි මුස්ලිම් ජාතිකයින්ව
