dd006190d2	වෙනම චරිතයකුත් තියෙනවා නේද?
dd0066f4c9	එම අවස්ථාවෙහි කිණිහිරෙන්
dd010d46a5	මෙලොව ඉපදුණු අප
dd0132d416	ඔබ ඇණයක් වෙන්නයි යන්නේ
dd019cfabf	vijay family
dd025bd39a	වාසිය ලැබෙන්නේ දරුවන්ට.
dd02b268df	යටි පතුල් වළලූකර ආශ්‍රිත ශරීර කොටස්වල රෝග සෑදීමට හේතුයි.
dd034abca0	සරසවි ආචාර්ය මණ්ඩලයද
dd037e91ff	නිරන්තරයෙන් සිදුවන
dd03903c5b	අඩු ගානේ
dd03e4750b	ජයලත්ට ඕනේ විදිහට.
dd03fe404b	සෞඛ්‍යමය කරුණු මතයි.
dd040716f4	ලංකාවෙ සිංහල බෞද්ධ ජනතාව
dd044d5a96	ස්ලෝවැකියාවට යන්න කියලා
dd04b3023f	වැඩ හිඳින මාලිගාවේ උඩුමහල ය.
dd052e599b	එමනිසාවෙනි පනත දෙකට කඩා
dd061c60dc	ඔච්චර පැහැදිලිව පේන්න නම්
dd0641d0dc	සාමාන්‍ය ප්‍රේක්ෂකයාගේ ප්‍රතිචාර ගැන
dd06762667	ඇය මුලින්ම ගැයූ ගීතය
dd06a09515	මැදපෙරදිග පැවතෙන්නේ.
dd06a29a07	එහෙනම් යනගමන්
dd06e59726	නමුත් පවුලක
dd07529ea5	ආයෙමත් දෙවියන් අතර උපදීවි.
dd07543064	රාජ්‍ය මූල්‍ය ශක්තිය
dd079022c3	පිරිත් ස්වරය
dd079dad60	සිංහල උප සිරැසි සමඟින්
dd08b82240	ඒත් මෙයා සම්පූර්ණ ගෞරවය
dd08d11500	ඒ උතුම් සීලය ඉගෙනගෙන
dd0929f6d7	විජේවීරට බයයි නේද?
dd09576f03	ගෙනෙන්නේ නැති කොට.
dd097018df	රෝගය නවතියි කියල
dd09af9f01	ඒකෙත් එල්ලිලා තියෙන්නේ
dd0a5ed352	පවතින බව මිස
dd0ab6c2c8	එම ආරංචි මාර්ග
dd0abe40a8	සංගමයෙන් ඉටුවන වැදගත් ක්‍රියාවකි.
dd0b00aa90	මොකද ඒකේ අයිතිකාරයෙක් මට ඉන්නවා
dd0b2ace14	අපේ පුංචි දූපතට උනත්
dd0ba78c99	උන් වහන්සේ ගෝල රහතුන් සමග
dd0bba9695	වැරදියි කියල හිතෙනවා
dd0bc67621	මට රිමාන්ඩ් ගත වෙන්න වුණා
dd0bfa68ce	පුරුෂයින්ටත් සමානයි.
dd0c2a1da4	wife switch
dd0cb64ca3	පලා නොයන තාක් එය කළ
dd0d661865	එසේ සිදු නොවුනද
dd0d72a18d	අයකුට දුකක් නැති වීමටත්
dd0d7956c8	ඔබතුමා එසේ නොවන බව පෙනේ.
dd0da206fc	කීයක් වටිනවද මම අහනව.
dd0e180a91	කමක් නෑ ඉතින් බාගෙනම බලමුකෝ
dd0f308d7a	මහරජතුමනි, මෙම සිහිනයේ ප්‍රතිඵල දැකගත හැක්කේ
dd0f4a38ee	ලෝකෙට හෙළිදරව් කළා.
dd0fca47a9	ඓතිහාසික උදැල්ලක් නම්
dd105b218d	තරගයයි විතරයි වැඩිවෙලා තියෙන්නේ.
dd10f50e05	අහපු විස්තරෙන් හිතලායි හැදුවේ!
dd1138e408	ඉන්න හොඳම කෙනෙක්
dd11773803	sirasa
dd1189e4c3	එබඳු අවස්ථාවකදී දේශකයන් වහන්සේට
dd127623d1	මිනිය තනි නො කිරීම ද සිදුකෙරෙන්නකි.
dd12a677cb	එවන් සතෙක් මරාගෙන කෑමට
dd12ba954e	නෑගෙනහිර ආසියාවේ කිසිම රටක
dd132eea47	එය මනාව පිළිබිඹු කරන ප්‍රධානම අවස්‌ථාව වූයේ
dd13c4b002	ජීවත්වූ මානවයා තුළින්
dd13dfbf14	කාර්යාල වලින් පැනීම් ගැන ඇත්ත කතා කිහිපයක්
dd144855f7	සිනමාශාලා අයත් ආයතන ප්‍රධානීන් බලාපොරොත්තු වන්නේ
dd158e41ec	ඒක මේ ඉන්න ගොබිලො එක්ක පුළුවන්ද.
dd15fcfbf1	සැදැහැති බෞද්ධයන් බවට පත්විය හැකිය.
dd162f4e38	මෙසේ වන්නේ
dd1643282d	ඔය වගේ මිනිස්සු කට්ටිය එකතු වෙලා
dd16a4b835	තායිලන්තය සියම යන රටවල්හි
dd16a78feb	ඇට්ටකුණා වේ යැයි කියයි.
dd16d9dd1c	හඳුනාගත යුතු ය.
dd16f38c95	ඔහුගේ යටි අරමුණ මනාව පැහැදිලිවේ.
dd173fd465	එක්තරා ව්‍යාපාරිකයෙක් ඉන්නවා
dd18349a27	එම කතා පුවතට අළලා
dd185d8f91	පැපුවා නිව්ගිනියාවේ පදිංචි කරවන අතර
dd186fbbf3	ඇල්මාරියට අහුවීම
dd18cc2de4	ජම්බුකට චතුරාර්ය සත්‍යය දේශනා කළා.
dd191b6ee6	තැනින් තැනින් දුමාර නැගි
dd19449a6f	ඉස්සර ලොරි කාරයෝ
dd195da7f9	වරින්වර ගෙන්වාගෙන පවත්වාගෙන
dd19875db8	ෂඬ් ඓද්‍රියන් භාවිතයෙන් ලබා ගත යුතු දැනුම
dd19cf5cc6	එම ආයතනය
dd1a5fdd17	අන්තිමට කතා රසය නැති වෙලා
dd1ad6bd97	පරිශීලනය කළ කෙනෙක්.
dd1b63dd6a	පින ගැන අවබෝධයක් නැති නිසයි.
dd1b701a71	නොදන්න දේ බොහොමයක් ඉගෙන ගත්ත
dd1b9ef2a4	දැන්නම් අනිවා බලන්න ඕනෙ.
dd1c366eed	බහුතරයක් ඉපදීලා තියෙන්නේ
dd1c54ad3e	අපේ දරුවාට සාධාරණයක් ඉටු වෙනකල්
dd1d918a46	ග්‍රාමීය ආර්ථිකයට රාජ්‍ය අරමුදල්
dd1df5335f	ඒ උරුමය හරියට ගෙන යන්න බැහැ.
dd1e49e1c2	උත්සාහ ගන්නා යකා පසුව
dd1e4a1550	එකල ජීවත් වූ මිනිසාට
dd1e653d79	මුතු බෙල්ලා ආපහු සිප්පි කටුවක් වෙලා පැංචාගේ අතට පැන්නා.
dd1f396850	කතන්දරට කතන්දර යැයි නොකියා
dd1fa020c7	යන්න හිතාගන්න කියාද?
dd1fc8e313	සියලු ප්‍රාර්ථනාව චෛත්‍යයට
dd1ff81b11	එවන් උත්තරීතර නායකත්වයකටය.
dd20644ea8	අරන් එනවා.
dd2147b54e	උනන්දුවෙන් උද්යෝගයෙන් යුතුව කරගෙන යා හැක.
dd218a4cb3	සත්ත්වයාගේ කායික, මානසික, තෘප්තියේ මූලික ලක්ෂණයක් ලෙස
dd219499ba	ඒත් මම ආරාධනා කරනවා
dd21babb3c	මේ කතාව දැන් මතක් උනේ?
dd21bcb28c	ඇය දකුණු ආසියාවේ වයස්ගතම කාන්තාව ලෙස නම් දරා ඇත
dd21caf63d	වටිනාකම පාදාගන්නවා වගේ ක්‍රියාවක්.
dd21dc01f9	මෙය ලංකාවේ ඇති
dd2233977c	ආවරණය වන්නේ ද දුම්බර අඩවියෙනි
dd225f37ba	එතරම් අදාල නොවේ
dd22a6681c	එකී දුබලතාව
dd22f25585	වාසි සැලසෙන අද දින
dd235acc23	අනුගමනය කළ යුතු එකම මඟක් දක්වති.
dd2387fda7	දල ලෝම සහිත පනුවන්
dd23996a0a	නාට්‍යයේ වටිනා තැන් බොහොමයක් ම.
dd23d61f12	සැබෑ ලේඛකයන් නිර්මාණකරුවන් ගැන ඉවක්
dd240856ad	අලුතෙන් ජැකා කරන ෆිල්ම් එකේ
dd242dd6c3	මෙහි නිදන් කර ඇති
dd2496e6be	අතර මැදි පිරිසක් වූහ.
dd24b51623	ඒ මරු සිරා ගැන
dd26b62761	මේ ගැන තදින් ඉන්න පුලුවන්
dd270fac8b	අපි තාම විහිළු කරනව තාත්තට.
dd275e858d	පූජ්‍ය මාදුළුවාවේ සෝභිත හිමියෝ මෙසේද ප්‍රකාශ කළහ
dd27836952	එලෝළුයි මසුයි විතරයි!
dd27f20b5f	අ‍පොහොසත් වී ඇති බව
dd280b00fa	බලාපොරොත්තු වෙන එක විහිලුවක්.
dd28e7efc1	එක හුස්මට කියවගෙන ගිහින් බලනකොට
dd29042ded	නමුත් කිසිම දෙයක් නැති
dd29116ae9	හැමෝටම ජය.
dd29208dd1	නූතන වර්ගපූර්ණකරුවා
dd294b9a83	නඟුල් ඉස තබාගෙන සමහරු පැසෙති
dd2a06db98	මගෙන් සිද්ධිය පිළිබඳව විස්තර අසා අත්සනක් ගත්තා
dd2a21e617	රාජ් අයියා
dd2b58b224	ශ්‍රී ලංකා ක්‍රිකට් ආයතනය
dd2b86b3fd	ලාංකේය කලා නිර්මාණ විෂයයෙහි
dd2bd0f41d	එදා බස්රියට කුරුණෑගලට යාමට
dd2c074a14	වෙඩිතැබීමක්ද සිදුව ඇති බව සඳහන් වේ
dd2c19dc95	මේ ගමන යන්න බැහැ.
dd2cbdcb7f	sea
dd2d03e0d1	පියකරු වත කමලයි.
dd2da2664f	සෑහෙන කාලකට පස්සෙනෙ
dd2df9c132	ලොකු පඩියක් ගන්න එක නම්
dd2e83bb19	එක ම චිත්‍රය වුණත්
dd2edadd2a	අලුත් චරිතයක් එනවා.
dd2f1fee3e	ඊට හාත්පසින්ම වෙනස්.
dd2f531e7b	ඔහේ කියල දැමීම තරම් නොවේ.
dd2f57e822	ඉතින් බුද්ධාගමට මොන කෙලියක් උනත්
dd2fa7cf06	වෙලාව හොයා ගන්න වෙලා තියෙන්නේ.
dd2ff8dc49	සහතික වලට සීමාවූ උගතුන් මිස
dd3044b88d	රථය ඉදිරියේම තබාගෙන
dd305938b2	එළෂා නියම වැඩක් වගේ!
dd30622080	මෙබඳු සූත්‍ර විශාල ප්‍රමාණයක්
dd30922cc7	අපිම බේත් හේත් කරගන්නවා.
dd30bfa86f	වැඩ කරනවා
dd30db4636	පරිගණකයට ඇතුළත් කරගෙන තිබුණ
dd31a79715	watch price
dd31dff475	යම් බුද්ධි මට්ටමක්
dd322f7bab	ඉතින් ඒ මනුස්සයාගේ ප්‍රවාද ගැන මොන කතාද
dd3375f159	දවසක උන්ගෙ දේවලුත් කොල්ලකෑමට ලක් වෙන එක නවත්තන්න
dd33971220	අනිවාර්යයෙන්ම ඔයාලා වෙනුවෙන් තමයි
dd33d1f3f4	ලක්දිව තුන්විටක් පැදකුණු කොට
dd341ea558	දුමී යනු අමරදේව ගේ මචං ය.
dd345d1420	විද්‍යාවේ භාවිත වන තාක්ෂණික වචන භාවිත කරමින් නෙමෙයි.
dd3460e79f	අපි හිඟුරක්ගොඩ ආනන්ද බාලිකා විද්‍යාලය පහු කරලා
dd34e5ca2d	ගොඩක් කරදර විදින්න සිදුවෙයි.
dd34f9176e	අවසානයේ මේ උපසිරැසිවෙනුවෙන්
dd34fdca5a	පවතින අනෝන්‍ය සබැඳියාව නිසාම
dd353a05e7	ඇසි පිය හෙළන පමාවෙන්
dd355b2171	අපි ඒ වෙලාවට කතා කරන්නේ පුතාලා ගැන.
dd35712886	ලද රැකියාව සම්බන්ධයෙන් නොව
dd35c55731	ඔබ දැන් එළියට ඇවිල්ලා
dd3631fc9b	එය රජයකට වෙනසක් සිදු කිරීමට
dd36cb54b8	scholarship grade 05
dd36d0e8aa	මේ මොකක් ගැනද කියන්නේ කියලා
dd36d53215	යානය අතුරුදන්වීමෙන් අනතුරුව
dd36e6e70e	අපේ සමාජය යනු
dd37173c87	විශේෂයෙන් සිංහල අලුත් අවුරුද්ද
dd3737aac4	සිනා සිසී උන්වහන්සේ පසුකොට ගමන් කළේය.
dd379f6c5e	අමාත්‍යවරයා වැඩිදුරටත් සඳහන් කර තිබේ
dd38965c27	අතර මගදී
dd38dc57d5	රෝගය දුරලන ගොළු සන්නි යකා
dd392a651a	සොහොන් කොතකට පූජා කළ ඉතිහාසයක්
dd3959943f	විස්තර රාශියක් දීපවංසයේ සඳහන් වේ
dd39f09404	අර නිහාල් නෙල්සන් ගේ සින්දුවකුත් තියෙන්නේ!
dd39f5378c	ඔය ආමි පොරවලුත් ඔය පොන්න සුබ පැතීම කරනවා
dd3a07d744	එය ඉතා කණගාටුදායක තත්වයක්
dd3a856538	එකකින් සම්මාන ලැබෙන කොට
dd3ab46e90	අපි මේ චිත්‍රපටය නම් කරන්න හිතුවේ
dd3acefeec	එමෙන්ම උන්වහන්සේ මෙලොව උපදින්නේ
dd3b045822	බඩ මැදින් දෙකට නැවී
dd3b5ad467	අධ්‍යාපනය ඔස්සේ මානව සම්පත් දියුණු කළ යුතුය.
dd3bbbe989	රෝහලේ ලෙඩුන් බලන වේලාව එනතෙක් බලා සිටින්නේ
dd3bfd1dd4	අනේ මම දන්නේ නෑ
dd3c22efa0	අපේ පවුලේ නම් නමේ අගට.
dd3c4cdcde	ඇයි බන් කුරුස කාරයෝ මිනිස්සු මැරුවේ
dd3c5c2015	දී කිරි කෑ මුදියන්සේලාගේ කියලා
dd3c6ea7d6	මෙම දෝණපාක සූත්‍රය දේශනා කළ සේක.
dd3d3de01f	මට ඔයාට තරම් දැනුමක් නෑ.
dd3d5881f9	ගමන් ගත්තේය.
dd3d8c982b	තිරගතවුණු කාලෙත් එක්ක සලකනකොට
dd3d9edb3a	ගොඩක් හොඳයි
dd3ed256c8	ඇගේ රංගන දක්ෂතාව පිළිබඳව
dd3ede3d1a	ඒත් මුස්ලිම් ආගමිකයන්ට
dd3f5cb5de	ඇල්ල නැරඹීම සඳහා පැමිණි සංචාරකයන්
dd3f836a84	අරුණළු පැතිරෙන හිමිදිරි යාමේ
dd3fcb081e	දේශනාවක් කල සැරියුත් හිමියන්
dd3fddbe19	දෙස් විදෙස් සංචාරකයන් ගේ
dd40743035	යුද්දේ ඉවර වුනු ගමන්ම.
dd408356d3	මින් මැනගත හැකිය
dd409d3f2c	එච්චර ගාණක් දීලා අරන් මොනවද කරන්න තියෙන්නේ
dd40dcd900	තරමක් අනුරාගික දෘෂ්ටිකෝණයකි
dd413ca2bb	බාගත කරගත හැක.
dd4152ea33	තුෂාර තෙන්නකෝන් අධ්‍යක්ෂණය කර
dd416288a6	අන්තිමට මමත් ඒකෙ සාමාජිකයෙක් උනා නොදැනුවත්වම.
dd42765bdf	මේවා දාන්න කන කට්ට
dd42f4e561	යක්ෂණියගේ හද ගැස්ම නැවුම් ය.
dd430e8287	අත්අඩංගුවට පත් වෙනවා
dd43318900	අප සිත යනුවෙන් හඳුන්වන්නේ ද එයයි.
dd441f7ec5	මිනිස්සු හිතෙන් හදා ගත්තුවා.
dd44c922e2	ඒවගේම බයිස්කෝප් අඩවියට පිලිගන්නවා
dd4569e1dd	ඒක ඇය
dd45ac206d	දැවැන්ත වෘත්තීය නාට්‍ය කලාවට දරුණු චෝදනාවක් ඇත
dd46510ecd	සදහන් වේ.
dd46d991c9	අපි දකින කාලෙත් තිබුන
dd46dacf7d	පෙර අපර දෙදිගම විසූ බොහෝ චින්තකයෝ
dd47aecdc2	ස්වාමීනි මම පළමුව කිවුවේ
dd47b29f89	ඊට පස්සේ මම සුනන්ද සර්ට කිව්වා
dd47c69407	උගත් බුද්ධිමතුන්ගේ සහයෝගය මගින්
dd47f3c761	සිටුතුමණි මට පුළුවන් බුදුරජාණන් වහන්සේව
dd48e13ab5	ලොව ක්‍රියාකාරිත්වය නියාම ධර්ම පහක් අනුව සිදුවෙයි.
dd48fa3b1d	ඉතිං වැඩි විස්තර ලියන එක නවත්තලා
dd492a2d81	ඒකනේ දෙන්නට දෙන්නා
dd493362bc	සිය නීති රෙගුලාසි සඳහා
dd4979ffc8	එකක් නෙමේ.
dd49bb65ff	මට ඇත්තේද දුකකි.
dd4a15bbd2	හය ලක්ෂ අසූදාහ වෙනුවට
dd4a79e887	ඔබට තියන නිසා.
dd4ab8184c	එරන්දිගෙන්ද විශ්ව හමුවූ අන්දම
dd4b58ddff	ශ්‍රී ලංකාවෙහි අවකාශයක් නැත
dd4b91b670	වනු නොඅනුමානය.
dd4bb9584e	ලෝක විනාශයකදී
dd4e3f5b68	ඊළඟට ඒ ඇස් ගිය
dd4e6a3922	එජාප නායකත්වය සඳහා
dd4e85dc67	රාජ අණින් බාර ගැනීම
dd4e8ad3ae	එක වචනයක්වත් නැති නිහඬ රැඟුමක් ලෙස
dd4ffaacfc	එතරම්ම කණගාටුවට කරැණක් නෙමෙයි.
dd502f5c80	ඒත් හැකි සෑම වෙලාවකදීම
dd507da3ca	මට විශ්වාසයි
dd50f8614b	ඌ ගෙම්බෙක්ද අලියෙක්ද කියන එක
dd512deecc	අපටත් මේ
dd520ac26d	අපිට මුලින් කිව්වා
dd5214394b	ප්‍රකාශකයා ද බවට පත්විය
dd54cd07cb	තැන්කූ මලේ බොහොම ස්තූතියි
dd564b14a5	ලබාදීමට අමතක නොකළාය
dd57eee222	කතාවට කලින් කියන්න දෙයක් තියෙනවා.
dd584c242d	එම සූත්‍රය තුළින් පැහැදිලි කරනු ලැබේ.
dd588e2382	ඔබට පුළුවන් විය යුතුයි.
dd59a55067	මෙලොවදී මෙන්ම පරලොවදී ද
dd59fa6df2	පටන් ගනිද්දි මට සිද්ධ වුණා
dd5a754b30	හේවිසි වාදනය කරන්නේ මෙහි සිටය.
dd5a83a180	කැටයම් කලාවෙන්
dd5a9aecd5	හිතලා බලන්න ඕන.
dd5ae5e4da	ඇතැම් ඉන්දීය පුවත් සේවා වාර්තා කළේ දිවුරුම් දීම අනිද්දා සිදුවනු ඇති බවය.
dd5bd64e2a	කියුබන් රජය පවසන්නේ
dd5c3efa53	එහෙත් අප සමාජයට
dd5c6210cb	මේකෙ ඇත්ත පේන්නෙ
dd5c8fe93e	උපන් දින තෑග්ගක් ලෙස
dd5cae83d0	ඉදිරියට වෙනවනම් පොඩියට හරි දායකත්වයක් දෙන්න.
dd5cbf0c51	අද ලෝකෙම ඉවරයි.
dd5d618355	ඔබ මැදුම් පිළිවෙතෙහි පිහිටීමට හුරුවන්න
dd5da6ef5d	ඔබ මොකද කළේ?
dd5e091145	මිනිසුන් කදිම උපක්‍රමයක් ඇතිවයි උපදින්නෙ.
dd5e19446b	අද රටක ජාතීන් අතර ආරවුල් ගැන ද සැලකිලිමත් වෙයි
dd5e27106f	නළුවෙක් ලෙසත් අත්දකිනවා..
dd5e807c63	එය ඇත්තක් දැයි සොයා බලාගෙන
dd5e8cc84f	අවබෝධ කරගැනීම පිණිස
dd5e93ad41	දක්ෂිණ අධිවේගී මාර්ගයේ
dd5e9cb078	මේ ගැන සිතා බැලීමට
dd5ed889d4	රජු බුදු සමය වැළඳ ගෙන
dd5f25a712	මේ ගස හෙළීමට නොහැකි විය.
dd5f57f2fb	පොළොව සම්බන්ධ කටයුතුවලින් වාසි සැලසෙන බව පෙනී යයි.
dd61199dc7	මෙය හේතුඵල දහම අනුව හටගත්තක් නිසා
dd618d6c72	අපේ කවුරුහරි සංගීත කලාකාරයෙක් මැරුණාම
dd6233eda0	නොවැ නේද?
dd625cfca8	එයට යා යුත්තේ චාලියී.
dd628e4953	සිහි විකාර වූ මිනිසෙක් ගැන.
dd6316d91a	උබ වගේ අන්ද බිරි එකෙකුට
dd631d7647	winx club layla gif
dd635b828e	දයාන් ජයතිලකලා කියන පරිදි
dd63a7add4	මගේ මහත්මයා හෘදයාබාධයකින් මිය යන විට
dd63f61640	මේ සඳහා භාවිත කරනුයේ
dd63fc34bc	ප්‍රවාහන කටයුතු වලටද බාධාවක් විය
dd645439bb	අද මට මෙවැනි හානියක් වෙන්නේ නෑ.
dd64eef56a	ඉතින් දෙදෙනාට දෙදනාගේ කැමැත්ත තිබුණත්
dd653e0be0	ඊයෙ රෑ මාළිගයත් ජනපදයත්
dd65aed98f	එයින් පස්සේ අද වෙනකල්ම
dd65c54e0f	download movies free without membership
dd65f1528d	ඔය පරම්පරා වෙනස ගැන
dd666e8699	තවදුරටත් නීතිය කඩකිරීමම පමණි
dd66999974	ඒත් ඒකට හරි උත්තරයක්
dd6763171f	මේ සැරසිලි ප්‍රදර්ශනය කරන්නන්ගේද
dd6773f477	ආර්ථික ක්‍රමවේදයක් අපේ රටේ ගොඩනැගුවා
dd67dd2fe3	උපදවීමට උපාදානස්කන්ධ
dd687441e2	මෙහි නිරිසත්වයෝ
dd689c3f63	තමා අවබෝද නොකළ දෙයක්
dd699d1233	මොකද අපේ කියවන ගොඩක් දෙනෙක්
dd69bd25b9	මහා ප්‍රඥාවයි.
dd69dabced	මෙවන් බොදු ගීඅමා රසක් මෙන්
dd6a103bf5	මේවා සඳහා ආදර්ශය ලබාගන්නා ලද්දේ
dd6a66694e	කාටවත් ආඩම්බර වෙන්න තරම් ඉතිහාසයක් නැහැ.
dd6ad25030	මින් ඉදිරියට සිදු නොවිය යුතු බවයි
dd6b53153c	නම්‍යශීලී පෙනුමින් යුතු බවයි
dd6c16f09a	ඔබ වහන්සේගෙන් දැන ගන්නට කැමැතියි.
dd6c3ac163	ඒත් එහෙම කියන්න
dd6c68d81a	බුද්ධ පූජා සහ බෝධි පූජා ද ඇතුළත් වේ.
dd6cebe277	උදාහරනයක් දෙන්න කියලා
dd6d810e47	ඔබ මේවා බාගෙන
dd6d89fd31	රටේ සංවර්ධනයට ඵලදායකව ශ්‍රමය වැය කළ යුතුය
dd6d94b1ec	දෙයකැයි සිතිය නොහැක.
dd6ede2149	අන්න බලන්න සමාන ‍දේවල් වලට
dd6f4d8976	එක දවසක් හස්බන්ඩ් කෙනෙකුයි වයිෆ් කෙනෙකුයි තර්ක කරනවලු
dd6f63b3b7	අතරේ දෝලනය වෙමින් සිටී.
dd6fe4c6df	ඒත් මං එහෙම පුළුවන් කියලා
dd7001be70	එයට හේතුව කුලවාදීන්ගේ මූලික පදනමම
dd70d9e5c4	ඉතා හොද ලිපියක්.
dd7126a838	ගීත වින්දනය තව දුරටත් ව්‍යාප්ත වෙමින් පවතී
dd7219eeff	ඇය මේබව කියා සිටියේ සිය පියාගේ ඝාතන සිද්ධිය සම්බන්ධ නඩුවට
dd72270737	පාරම් බෑමයි.
dd72842e2c	කරන්නෙත් නැහැ.
dd736c2edf	අරව මේවා නැතිව
dd737b1a8a	මන්දාකිණි නො පවතින බව ය.
dd739f4ae8	nisades
dd73e45415	බඹරැල්ල බස් එකකට
dd743bb079	මෙයින් පැහැදිලි වනුයේ
dd747cb7af	භද්දකච්චායනා කුමරියගේ පැමිණීමද
dd74c88222	එසේ හෙයින් ඔහුගේ පක්ෂපාතීත්වයක් ඇත
dd74d449f2	මුළු ලොවේම අවධානයට යොමුව ඇත්තේ
dd75ce2bb0	හඳුනාගත යුත්තේ
dd7669bfbe	automatic chicken feeder
dd773a57e0	ශාන්ති කුමාර් තමයි මේ චිත්‍රපටියේ අධ්‍යක්‍ෂවරයා.
dd775dcc2b	භික්‍ෂුවක ලෙස සිටියේය
dd78017b2c	එමෙන්ම යථාර්ථවත්ව
dd784a73b7	ඉතිං මේවාට එකම විසඳුම තමයි
dd7850aa91	කළුරිය කළොත්
dd7854ae44	අද රෝම ගිවිසුම අත්සන් කරලා මේ ප්‍රශ්ණය විසඳන්න බෑ
dd78c28852	යොදා ඇති ගුරු, දුඹුරු මිශ්‍ර වර්ණ මාලාව
dd79dfb4d4	අපි ඔවුන්ගේ ගෙවීම් දෙස
dd7a120fb1	තිබෙන්නේ ඒ වැව පමණි.
dd7a13df39	ඉදිරි අයවැයට පෙර
dd7a4f4700	උපරිම අයුරින් අපේ කණ්ඩායම සේවය කරනවා
dd7a76c0e2	ස්වවීර්යයෙන් දියුණුවේ
dd7abcfe77	ඒත් යන්තර මන්තර වලින්
dd7b4e5f26	ඔය කිව්වට මුන් වගේ කානු වලයි
dd7bec644d	එවන් උතුම් දහම් දෙසූ මිනිසුන් දෙදෙනෙකු
dd7bf43272	එතනින් එහාමෙහා ගමනේ යෙදුන
dd7c1f6871	මොනතරම් මහන්සි ගත්තත්
dd7c85a6da	විද්‍යාඥයෝ පෙන්වා දෙති.
dd7c9a3e4f	කෘතියෙන් ලැබෙන රසය
dd7cfe9310	එම අවස්ථාවට සහභාගි වෙමින්
dd7d0e900a	මේ වස් කාලයේ ඔබට ලබාගත හැකි
dd7d333b13	එහෙයින් මෝඩයෝ
dd7d9eebee	ඔබ කන බොන දේවල් රස විඳින දේවල්
dd7e0679bc	ඊට පිටතින් මිරිසවැටි චෛත්‍යය ඉදිකර තිබේ.
dd7e28d290	රැකියා අවස්ථාද ඒ මඟින් අහිමි වේ
dd7e3c688d	ගමේ වෙන කඩ නැතැයි
dd7e462dbc	බොහෝ දෙනාට තමන් ගේ සැපත සතුට හා
dd7e54869b	ටොරොන්ටෝ අසපුව නිකුත්කර ඇති නිවේදනයේ
dd7f18cb05	පාණාතිපාත කියන එකට.
dd7f67b804	එප්පාවල පිහිටි පොස්පේට් නිධියද
dd7fe61820	ආශ්‍රය කිරීම මට ලැජ්ජාවකි
dd80e8e1bb	අවසන ඔහු වේදේහ රජුගේ
dd80f9c4e6	එනම් ඔවුන්ද ජනප්‍රිය දේශපාලන මාවතට
dd81410d46	සේරුවිල හරහා අනුරාධපුරයට පිවිසිය හැකිය.
dd81a16ecf	උසස් පෙළ කලා විෂයන්ගෙන් ඉගෙන ගන්න
dd81fcd227	සසුන්ගතවූවන්ගෙන් වැඩිදෙනා
dd82190181	කෙතෙක් ශ්‍රාවකයා ඇද බැඳ තබා ගැනීමට සමත්ද?
dd82ac0007	බාගත්තු කොපියක් තියෙන නිසා
dd82f16e7a	පුංචි ගෑණු ළමයෙක් එක්ක.
dd82fa2bdc	සෑම නිවෙසකම තිබුණි.
dd848ed63c	එහෙම නොගිය අය ගමට ගහද්දි
dd859f579c	දැන් කාලෙ මද සරු භාවයට
dd85a72dca	සිංහලයෙන් නවකතා කියවන
dd85eaffe2	අපට විශාල ශක්තියක් වෙලා තිබෙනවා.
dd85ed92a2	සමානාත්මතාව තිබුනු නිදහස් අවකාශයක්.
dd866d7a74	කම්මුල ඉඹල එහෙම තියෙනවා.
dd86797a3b	ඉංග්‍රීසීන් විසින් හයිය ලබා දුන් ප්‍රභාකරන්ගේ සීයලා වපුල
dd86bb28bf	අපි කොහොම කතා කළත්
dd86bc2de4	කවුරුවත් පිළිගත්තේ නෑ.
dd871b5e4d	ඔබ “හෙල බසින් ලියූ ත්‍රිපිටකය
dd8740cf98	ඉන් අනතුරුව එම කළාපය තුළ
dd877ab884	සමරකෝන් ස්වතන්ත්‍ර රචකයෙකු විය.
dd87bc92c6	ඔන්න ගොළුබෙල්ලා නොපෙනී ගියාට පස්සේ
dd883df6c2	පොලවට තද වෙන්න පාගන්න ඕන.
dd893d5f8f	බුදුන් සතු වූ මහා පින් මහිමය
dd898a5b91	එසේ කළ නොහැකිවූ විට
dd89a5aaff	ජීවන අරගලයේ ස්වභාවය පිළිබඳ
dd89a84c0d	මේකෙ තියෙන සමහර කතා ගෙතිලා තියෙන්නේ වක්‍රෝත්තිය වටා.
dd8a5b5c22	කියන එවුන්ව මැරුවේ.
dd8b2c3972	ඔබට ඇතිවන නොයෙකුත්
dd8b71ebbc	මේ කරන සේවයට මගේ හදවතින්ම ස්තුතියි කරනවා
dd8ba47c85	අතිශය අධම දේවල්
dd8bd8efcc	විමසා බැලීම වැදගත්ය
dd8c7cf123	කට්ට මුරිප්පු හන්දියේ ගහක ගුරුතුමිය බැඳලා
dd8c994247	මුගලන් මහ තෙරුන් වහන්සේ
dd8d4784ca	වෙනම කාන්තාවක් යොදවා
dd8d681542	ඇත්ත වශයෙන්ම මේ කථාව තුළින් මිනිස් ලිංගිකත්වය පිළිබඳ දක්වන්නේ සංකීර්ණ අදහසක්.
dd8d86d7d2	මුදල් අය කිරීම ආදී සියලූ කටයුතු
dd8d922026	ප්‍රසන්න අප්ප්‍රසන්න වැඩ නොකරනු.
dd8dc63372	කුරුණෑගල යුගයේ ජනප්‍රිය වුණේ මෛත්‍රී වර්ණනාව
dd8de9abd9	මරු පහරක් වදිනවානම්
dd8e82f79d	පවත්වාගෙන යන නව ව්‍යාපාර කටයුතු සුවිශේෂී දියුණුවක් ලබයි.
dd8eb25425	මිදීමේ ආරක්‍ෂක මන්ත්‍ර ලෙස නොව
dd8eff3543	අපි ඔවුන්ට පින් දෙන්නෙමු.
dd8f3d9443	ඔය අතරේ නොයෙක්
dd914e41ec	එනම් පිරිත් ගායනයේ ඇති නාද මාලාව
dd9248b44b	සාමාන්‍ය දෛනික පුරුද්දක් විය.
dd92b71f47	හැබැයි ඒ ගහට මිනිස්සු නමක් පට බැඳලා තියෙනවා.
dd92fd246b	මොකොද කියන්නේ
dd93d0c290	කියන්නන් වාලේ කිව්වා.
dd93ec55c9	පුද්ගලයන්ගේ සිත්වල බලපවත්වන රාගය,
dd9473af13	ඇතැම් සංවිධායකවරු සිය නඩය මෙම සිද්ධස්ථාන අසලට කැඳවාගෙන විත්
dd95216a06	නාවික ගමනාගමනය ගුවන් සීමා ජනතාව වැනි කාරණාත්
dd958998bf	ඉතා ඉවසිල්ලෙන් සුන්බුන් පීරමින්
dd95f3bbf0	බලපෑම් ඇතිකර ඇති බවට සාධක හමුවේ.
dd962df259	මහා පුදුම දෙයක්
dd971dcde5	හොර කරල බොරු කරල ගන්න බැරි
dd979f28d9	කිසියම් උත්තේජනයකින්
dd97dd8c47	අනුනට දුන් මුදල් ආපසු ගැනීම
dd97f08411	අහිංසක ලෙඩ්ඩුන්ට උදව් කරන්න
dd982eb150	තුන්දාස් පන්සීයයි
dd98376c8e	අන්තිමට ඒගොල්ල දිහා බලාගෙන ඉඳලා
dd9871e013	නමුත් ඇතැම් ස්වාමීන් වහන්සේලා
dd987c707c	එම රසායන ද්‍රව්‍යය
dd98a69faf	එයින් ඔහුට තේරුම් යනවා
dd98cf9135	අමුතු ගති පැවතුම් තියෙන්නේ
dd99039689	c news
dd9943845c	ජනප්‍රියතාවය ඇතිවෙන බව.
dd99ba84ce	ජන කවියකු විසින්
dd99f9ca67	තොප දන්නෙහිය.
dd9b5ebf16	කිසිවෙකුට නොබැඳී ගිය ජීවිතයක්.
dd9c13bc9b	එවන් කළගුණ දත් අපුරු කලාකරුවකු
dd9c1e0cd2	දැන් දැන් ශ්‍රී ලංකාව ගැන
dd9c5c5400	නංගිත් ඒ පස්සෙන් දූවනවා.
dd9cb40ac6	හොරකම් කරන්නෙ නෑ.
dd9cbaf4c8	එය තව මාස කීපයකින් එළිදැක්විය හැකියැයි
dd9cd10573	තිබ්බේ ‍රැවුල හින්දාබොන්ඩ් ‍ෆිල්මෙකත්
dd9cde03a2	අපි ලේසියෙන් දාගෙන බැලුවට
dd9cf4927a	බෝධි රෝපනයේ දී
dd9d17117b	එය නමුත් එවැන්නෙකු නැති තැන
dd9d4170a5	ස්පර්ශ කරමින් ඒ පිළිබඳ රචනා කරපු නාට්‍ය
dd9d95cfb2	කියල සිහි කිරීම නෙවෙයි.
dd9ea1b1ee	එහෙම වෙන්නත්
dd9eb05374	අප අමතක නොකළ යුතුයි
dda000f16c	අග තනතුරු පතමි.
dda042d3ae	සිදුවන බව පෙන්නුම් කරයි.
dda1641726	නොදන්න දේවල් ගොඩක් දැනගත්තා
dda16f3061	යෝගීන් කතා කරන්නේ අවශ්‍යම දෙයට
dda2584a09	මෙම නැරඹුම් මධ්‍යස්ථානයේ ඉහළට ගොඩ වූ විට අවට පරිසරය සිත් සේ නැරඹිය හැක.
dda2ad2d27	තවමත් සංසාරේ විඳවනවා
dda3750042	එකමුතුකමක් තියෙන්න ඕනේ.
dda3c3f604	විරුද්ධ වන්නේ නැත
dda3c87fd0	lankatruth
dda3cbe0a0	නමුත් මා සිතන ආකාරයට
dda3d44fd6	වෘත්තිය සමිති සංඛ්‍යාව පහක් විය.
dda3da113a	එම ද්විත්ව ඝාතන වන්නේ
dda42daafe	බාහිර අභියෝගවලට මුහුණ දීම සඳහා වන ප්‍රතිපත්ති
dda54873b9	හැබැයි ඉන්න ටිකෙ ඉන්න
dda751f6ee	ජලය පිසගෙන එන සුළඟ
dda7fe53af	හිමීට පාත්වෙලා
dda8b881ac	කැමැත්ත අඩු වෙමින් තිබේ.
dda91f008a	කල් තියා අපේ සහෝලාට
dda97ef4ab	පොහොය දිනයේ
dda9f07faf	මෙවැනි නොයෙක් ආකාරයේ නිදසුන්
ddaa154e79	සම්මත කරගන්න
ddaa2068bd	ඒකෙන්ම පේනවා
ddaa5419cf	keybord stand with
ddaa55879e	දරුවකු පිළිසිඳ ගන්නා විට
ddaa80e199	මෝඩ රෝස මලුයි මෝඩ බඹරුයි ඉන්න කල්
ddaade136c	මොකද හේතුව
ddab4f3baa	මෙවන් ශ්‍රේෂ්ඨ උරුම
ddab6446d0	එමෙන්ම මහා සෑයෙහි ධාතු නිධානෝත්සවයේදී
ddad354aaa	හසිනි ගෝනගල වන ඇය
ddad8d77f1	බෙහෙතක් හොයාගන්න
ddae1e9466	අපි පුනරුද ව්‍යාපාර කියලා
ddae547aec	ඔබට පුදන්නට මා ලඟ සෙනෙහස නෑ.
ddaf2d80af	හැකියා දක්‌ෂතා නිසා
ddaf45b47e	පැමිණි විට සියල්ල විවෘත වෙනවා.
ddaf4c77f1	මොකෝ මේ බ්ලොග් අවකාශයේ
ddb00438c5	දවස පහන් කරලා
ddb062d0c8	සිංගප්පූරුවේ කැසිනෝ ආයතන දෙක පිහිටුවීමට
ddb0aad6f3	ඉතින් මේ ගමේ කෙල්ලෙක්
ddb0b96566	පිරිස වැඩි කර ගැන්මට
ddb0ea37f2	ඔය මහ ලොකු බෞද්ධයො ටික
ddb0ffa404	කියල තිබුණේ නෑ.
ddb192e115	එමෙන්ම මේ සංගායනාවට
ddb1a916e8	තව කෝටි කොච්චරක් දුරට යනවාද
ddb1ca9c76	නෙල්සන් මැන්ඩෙලාගේ පිළිරුවක්
ddb23ddc17	එයට හේතුව වන්නේ
ddb29a1489	පුරුදු වෙන කෙනාගේ ස්වභාවය තමයි
ddb2a1c310	සිංහල වෙදකමට
ddb2ad8c27	ඇතිවන්නෙත් සුවිසල් තිගැස්මක්.
ddb2cae47a	ඉවහල් කර ගනී
ddb317c2ac	ගෙවල් වලට හොරෙන්.
ddb326f42b	අපේ කුරුල්ලන් ලෙඩ වෙනවා.
ddb4b73d75	මෙයට ඉතා හොඳ නිදසුනක්
ddb4fdc8d3	අනික එදා ඒවායේ කතාවක් තිබුණා
ddb50af7e9	අතිශයින් වැදගත් ය.
ddb52f99d0	ඒකෙන්ම මේ චිත්‍රපටිය
ddb54eb62d	අනවතප්ත විලෙන් පැන්ගෙන එන්නැයි කීහ.
ddb55168fb	සදාකාලිකව කළ හැකි දෙයක් නොවේ.
ddb57c1d49	සුදුසුකම් ලබා ඇත.
ddb5923aa7	නමුත් ඒ විප්ලවවාදී අස්ථානයන්
ddb6ce7596	hand bags
ddb73d9994	ගුවන් හමුදා නිලධාරියකු වන්නටය.
ddb789dcbd	යක්කු වගෙ මුං ටික කමෙන්ට් දාලනෙ
ddb7aa6246	එහි අලංකාරය සිත් සේ විදගත්
ddb7d4deb9	මෙය වනාහි
ddb8162af2	කෙල්ලට විතරක් වැරැද්ද පටවන සමාජයක්ම
ddb81d955b	කරුණු තුනක් විතරයි.
ddb8da1107	ලංකාවෙ අපිට අනෙක් චිත්‍රපට තවම හොයාගන්න අමාරුයි.
ddb8e1eab5	udari photo
ddb944ccce	පළවෙනි කොටස කියවලද?
ddb94824f8	මේ කරුණු වලින් පැහැදිලි වෙයි.
ddb98c7ceb	වෙනස්වන ධර්මතාවයෙන් යුක්තය.
ddb995c0e2	පාවිච්චි කරලා
ddb9b7368b	උන් ටික කොටින්ටයි හම්බයෝන්ටයි කඩේ යන එක පුදුමයක් නෙවේ
ddb9e94ca4	එය බුදු වරයකුට පමණක් කළ හැකි දෙයක් බව ද සඳහන්ය
ddba1efbf7	අනතුර වළක්වා ගැනීම
ddba58f280	ඒ ප්‍රාන්ත රජවරුන්ට දිය යුතු බව කියමිනි
ddbaab67b4	cake games
ddbafd08a9	මොකද බෞද්ධයො විතරනේ
ddbb4d4b94	අහසට වෙඩි තබා ඇත
ddbbbcb30e	ඒ ගැන හරි අවබෝධයක් නොලැබෙන බව.
ddbd284b3c	නැවත නැවත විමර්ශනය කරයි.
ddbd42ead6	අප රටේ ප්‍රධානම ආහාරය වන
ddbe303f6f	රසවත් චාරිකා සටහනක්
ddbe681eb1	මරු වැඩේ සහෝ.
ddbeda7295	ඒත් මේ ගීතය සම්බන්ධයෙන්
ddbf8217c2	snakes
ddc013d688	වත්තල මුහුදු වෙරළට පැමිණ ඇත
ddc0e3b9b8	මොකද තාත්තා කියන චරිතයට මුදල් කියන සාධකය හින්දම
ddc0f053c9	සිව්වනක් පිරිස අමතා
ddc0f2e562	ඉහළ විදුලි පාවිච්චියකට යන්නේ
ddc220dd26	ඇතැම් අවස්ථාවල මෙම ඉරියව්ව යොදාගෙන තිබේ.
ddc25ed8eb	දවස පහන් කරලා
ddc2b56a30	එයා අලුත් කෙනෙක් නෙවේ.
ddc2e42995	භගු රහතන් වහන්සේ
ddc37e83bb	ලෝකයේ තොරතුරු අරගෙන
ddc3b78ec3	මම මේ කකුල් දෙකම
ddc3dd88b6	ඒ කාලෙ ඉඳලම ලකී
ddc4fadb4b	කාලය ඉක්මවා යන බැව
ddc5a50dfd	අපට පියවි ඇසින් නොදැක්ක හැකි
ddc6224677	හැබැයි මේ දෙන්නම කරන්නේ
ddc6618f49	අධ්‍යාපන කටයුතුවලට යහපත් වන අතර
ddc67a8d14	කෙල්ලෙක්‌ යවනවා හෝටලේට
ddc6981d50	එම චෝදනාව තරයේ බැහැර කළේය
ddc7bc607c	අඩේනවා මටනම් දැන්
ddc80b42fc	එම ද්වාරත්‍රයෙන් අකුසල් කළ අය
ddc8e208d4	දෙපාර්ශවයක ආරවුලක් විසඳීමේදී
ddc8f244b6	ඝාතනය කළ හින්දු අන්තවාදියා
ddc931f207	රතු පාට වෙලා
ddc93d93e1	රැකියාව කාර්යබහුල වුණත්
ddc947a3e0	බෙදා දැක්විය හැකිය.
ddcac9ae40	බිහිසුණු දර්ශන ගොඩාක් තියනවා
ddcae21633	එංගලන්තේ සුද්ද ගැන කියනව
ddcb890313	එම ගාථාවන්හි සරල තේරුමත්
ddcca94556	භාෂණව මතක් වෙලා
ddccc9d3be	මළුවට ඇතුලු වන භික්ෂූන්
ddcce8ec0a	අකුරු කරවීය.
ddccf51784	කැප කරනවා
ddcd0e5a94	අමාත්‍යවරයා මේ අදහස් පළ කළේ
ddcde7763f	අවංකවම මට නොසිතුණි.
ddce040226	අපේ ඒකායන පරමාර්ථය
ddce0477d6	අනික මේ වගේ කතා වලින්
ddce5e4cef	ඔබගේ තර්ක සියල්ලම
ddcf1902cb	නැග ඔන්නට හේතුවක් වෙයි.
ddcf671f12	අර කඩුපුල් මල් ගෙනාපු පුද්ගලයා
ddd020a487	අපි මේ නියෝජිතයන්ට අද දැනුම් දුන්නා
ddd0f51747	ලැබීම
ddd109df49	ප්‍රසාදය දිනාගත් අයෙක්.
ddd1541120	නිසි වයස පැමිණි කල
ddd17a0716	windows xp pro sp3 key
ddd1eacff2	මඩිහේ පඤ්ඤාසීහ මහානායක ස්වාමීන්ද්‍රයන් වහන්සේ
ddd26393d7	දානය පිළිබඳ සූත්‍ර පිටකය පුරාමත්
ddd351dfe0	මේ චිත්‍රපටය අරගෙනම බලන්න වෙනවා.
ddd4ea206b	මේ යක්ෂණියන් කටයුතු කරනවා.
ddd5247c35	එය සංසාරගත බැඳීමක්
ddd5823f65	ස්තූතියි'ක' යන්නෙ සින්දුව කල්යාණී කඩුල්ල ළග
ddd652b9d7	මගේ කිසිදු අදහසක් නැත.
ddd69df505	පෞරාණික බෞද්ධ මධ්‍යස්ථානයක් වන
ddd6bb1680	මුහුදු ගමන්වල යෙදුණ විදේශිකයන්ට
ddd6dbbe7d	එය අපූරු ලෙස නිෂ්පාදනය වන්නට ඉඩ තිබෙන රචනයකි
ddd7471788	ගුවන් යානය අනතුරට ලක්ව
ddd7871e5f	වැදුම් දෙන්නත් වැදුම් ලබන්නත්
ddd817ae09	ඉතා අලුත් නවකතාවක්
ddd820f54d	අද වෙනතුරු අපේ ආරක්ෂක අංශ
ddd980af86	බුදුදහමේ දැක්වෙන්නේ මෙසේය.
ddda7da091	අනතුර සිදුවී ඇති බව ‍පොලිසිය කියයි.
dddb9aae22	ඔන්න මේ අතරෙදි තමයි
dddcec2dd6	ඒකට සුදුසු බුද්ධිමට්ටමක්
dddd7a3567	ශ්‍රී හස්තය මගේ හිසමත තබා
dddd87c2e0	ඇතිවීමට ඉවහල් වූවා විය හැකි ය.
ddddda8ca2	සෙල්ලම් ප්ලාස්ටික් පිස්තෝලයක් තිබුනා
ddde3f6475	ඊට පස්සේ මොකද කළේ?
ddde60bbe6	මොකද මෙහි පිටසක්වල ජීවින් පරිණාමනය වීමට යොදාගත් වාහන
ddde723c26	පුරුෂයාට ඒකාන්තයෙන්ම එපා වේ.
dddee6ef1d	තීන්දු වෙනවා.
dddf0944e4	බහිරවයා යනු
dddf53d507	මේ පිස්සු කතාවට හේතුව
dddf725fcd	අහන්න දෙයක් නෑනේ.
dddf75fb89	සතුරන්ගේ සිවිල් වැසියන්
dddf920f26	අන්න ඒකට තමයි
dddfdf3798	අලුත් ජීවිතයක් පටන් ගන්න
dddfe68da2	අත්තම්මා ටෙලිනාට්‍යයට කලින්
dde0032302	එම පුවත ගල් ටැඹක ලියා
dde02f714a	එබැවින් දැනුම අතිනුත්,
dde04d6563	සිය දායක පිරිසගේ දෙලොව දියුණුව පිණිස
dde103aaaa	මගේ හිත දුකින් පිරෙනවා.
dde13607da	maththala airport
dde156d058	අනුනට සංග්‍රහ කළ බව
dde1f31ef2	සිංහලයාගේ විනෝද සැණකෙළිය
dde2c06b3e	මිෂනාරී දේවස්ථානය
dde3883aac	ලකුණු පටිපාටිය ලබාදීමට නියමිතව තිබිණි
dde404dc80	ඉස්සර මාසෙක එක ගානේ
dde41f914d	අනාගතයේ යම් දිනෙක මේ තිත් යාවෙන බව
dde50e5d3d	එදිනෙදා ජීවිතයට එක්කරගෙන
dde51e5e6c	අපිට ලැබිලයි තියෙන්නෙ.
dde5a45d08	දෙපාර්ශවයක ආරවුලක් විසඳීමේදී
dde5bfb28f	මෙහි ධර්ම චක්‍ර ප්‍රවර්තන මුද්‍රාව
dde5e3757d	එයට යටවෙනවා.
dde6d7a033	ඔබගේ මිතුරන් අතරේ ලිපිය
dde7e04ac2	එතකොට එයාලට වයස වගේ
dde8384bbd	වෙනස්වන ආකාරය හා විවිධ වන ආකාරය
dde897a7aa	දිනයට නැකතට හා ලග්නයට අදාල
dde8ddb9c2	ගෑනු සතුන් පසුපස යන්නට ටේපරයා පුරුදු වෙයි
dde9d804cd	තිබුනෙ කෙහෙල් කාල එන්න.
ddeaf036b4	අළු බවට පත් වුණා.
ddebc36f24	එක සෑරයක් පේරදෙනියෙ උප කුලපති වෙච්ච මහාචාර්ය ප්‍රනාන්දුට
ddec2410c8	එකපාරටම දීපිකා මගෙ අත ඇල්ලුවා
ddec4ac2c8	ඇදහිය නොහැක්කක් සේ දැනුනත්
ddec4c3b04	පිටුපසින් විෂ දලත්
dded39bee5	සිතා බැලිය යුතු ය.
ddeda34a84	සාමාන්‍යයෙන් ජගුවරයා ගේ දිග
ddedee4f8c	යුද පෙන්නන්න අරන් යනවා
ddee76c026	ඔහු නැවත තම සිත හා කතා කළේය
ddee80a476	මෙසේ කුසල් කර්මයකින්
ddeeea1f83	ඔන්න මමත් බානවා.
ddef343545	ඔයවගේ දේවල් ගැන කතා කරන්නයි
ddef5e95a1	ඔබ සියළුදෙනා වින්ද
ddf01f1b05	ඉස්සෙල්ල බුදුබව කියන එක
ddf13f8eb9	අපේ සංගීතයට තාම විශාරද දෙන්නේ
ddf17d6f1b	ඔය හංගපු තැන අදටත් පූජනීය ස්ථානයක් බව මතකයි.
ddf18e3475	බොහෝ දුරට පාසල් සිසු දරුවන්
ddf1a4bc79	ඇසීමෙන් ඉගෙනීමයි.
ddf1c52e86	කතන්දර ඔවුන්ගේ ජීවිතවලට කොයිතරම් නම් බලපාල තියෙනවද
ddf212fab6	හේතුවක් ලෙස පෙනෙන්නේ
ddf32678b7	සාමාන්‍ය පෙළ විභාගයෙන්
ddf329eb58	නම හෙළි නො කළ
ddf3e2317e	ඒක වහගන්න
ddf4777717	දරුවන්ගේ ගුණය
ddf4ead381	ගුරුත්වාකර්ෂණය කියා දෙයක් ඇතැයි සිතන්නේ
ddf549da26	ඒත් ෂැඩෝට නම්
ddf562b056	මොහු තුළ තිබුනේ නෑ
ddf6134ec3	මේකෙ වැඩ කෑලි කොයිතරං හිටියත්
ddf67400cf	බුද්ධිය සහ හැඟීම් අතර ද
ddf691e290	ස්ත්‍රී මධ්‍යස්ථානයේ චන්ද්‍රා දේවනාරායන
ddf80f9391	ලයිසන් තියෙන බාර් එකකට
ddf878be80	එදා තමයි දුකාට ඇතිවුනු මේ සිතුවිල්ලෙන්
ddf8eff132	ඉතින් එදා ඇය මංගලෝත්සවයට යන අතරේ
ddf9bc6778	බලාගන්ඩ තව ටිකක් කල් ඉන්ඩ වෙනවා.
ddfa43d5c2	මොවුහු විශ්වාස කළහ.
ddfa743f1e	ඔස්ට්‍රේලියාව පවසයි
ddfae4fd3f	ඒත් සිනමාව ගැන
ddfb42f136	මෙලෙස විශ්ව ශක්තියේ ක්‍ෂුද්‍ර අංශුවක් වන මිනිසා
ddfc85bf8e	ඇයගේ තොරතුරු
ddfcaf504a	මෙතැනට කැඳවන්න කියලා.
ddfcf64205	අර හැංගිලා තියෙන ප්‍රචණ්ඩත්වේ
ddfd3b5638	ඈතට විහිද යන සුවඳ වර්ග ගැන
ddfe41219c	නමුත් ඒ මහා අසමසම චරිතය අලලා
ddfe7f9cc7	ගොඩක් වැදගත් දේවල්
ddfe9a631a	අප නොදන්නා පමණින් නැතැයි කීම නිවැරදිද?
ddfe9e7484	එයින් ආහාරපාන, ඇඳුම් පැළඳුම් ආදී ද්‍රව්‍ය
ddfe9f63bd	එකට පිහිටා ඇති නිසා
