0000f47c22	මහවැලි ගඟට ගොස් ආපසු එන ගමනේදී
e60009afb3	kandy
e6002dfbef	පහන පත්තු වෙවී තියෙනවා.
e60037b864	මානව පරිණාමයේ එක්තරා අවස්ථාවක පටන්
e6005ff5ff	තම පුතා නැවත ජීවත් කරවීමට
e6012ffa87	මා කොතන හිටියත්
e601f45802	ලොතරැයි ගැනිල්ල එපා වෙනවා
e602ea943b	බුද්ධ දර්ශනයත් රාජ්‍ය පරිපාලනයත් පටලවා ගන්න එපා.
e603314ef5	සාමයෙන් රොන් අරගෙන යයි
e6033ed2e5	මොහු තමන්ගේ ආනුභාවය පතුරුවමින්
e603d8f148	ප්‍රශ්නය මඟහැරීයේ ය
e603fede3d	මූලික දැනුම හා ශික්‍ෂණය
e6049b3c40	මහලු අසරණ හා රෝගී පුද්ගලයන්ට
e604bd3f70	දුරුවෙන්නටත් පටන්ගන්නා බව ඔබටම දැනේ.
e605357fc0	අපි ඉතින් රත්නපුරේ පහු කරන්න
e6058f7079	අයිස් තේ වලට වඩා
e606732165	මේ ආකාරයට අනාගත සසුනේ ශ්‍රාවකයන් අතර
e606df1971	මෙම සිදුවීම විස්තර කර ඇත.
e606e4028e	සොසේජස් සහ හොට් ඩොග් වැනි නිෂ්පාදනයන්
e6073ca4ce	රාජ්‍ය සාහිත්‍ය විනිශ්චයේ ඒජන්තවරයෙක් විදිහට
e607451aa6	අංගුත්තර නිකායේ පළමුවැනි නීතත්ථ සූත්‍රයෙහි සඳහන් වේ.
e607670e07	එම ඇමරිකානු කණ්ඩායම
e60777b68e	පස්ස දොරින් ගහනවා වගේ පනතක්.
e6080c103e	ඔය තත්වෙට දියුණු උනේ
e60815e572	ඔන්න අද හතරවෙනි කතාමාලාවේ
e608200cbd	යම් කෙනෙක් එයාට කියනවා
e608c6ad6f	අතරමගදි නතර කරලා
e6090910a2	ඒත් යම් කොටසක්
e6093989c5	ඒක අපේ කරුමෙ
e609434977	ඉගෙනුම ලැබූහ
e6094bd620	රට්ඨපාල හිමි අනුගමනය කළ බවයි
e609ee0bf6	චෛත්‍ය යනු දේවස්ථානය
e60a1060f5	එහෙත් එහි යථාර්ථය
e60a484711	එයත් එනවා පිත්ත කරේ තියාගෙන
e60a6d2134	එක්සත් ජාතීන්ගේ මහ ‍ලේකම්වරයා කියා සිටී
e60b07e775	කෙතරම් වෙනස් වුණත්
e60b31f77f	සෑම ගහ කොළකම
e60b53624d	යෞවන කටයුතු අමාත්‍යවරුන්ගේ එක ලියවිල්ලක් එනවා.
e60b8c8493	ඔයාලට අරගෙන එන්නෙ
e60c37e50c	සිංහල සබ් එක එක්ක
e60cae6c02	ආචාර්යවරුන්ටද දේශන ශාලාවේදී
e60d2785cf	අන්තිමට මට කියන්න තියෙන්නේ
e60dc2e5d9	මෙයා ගැන කලකිරිලා.
e60ddbdcaf	යමෙකුට පිනෙන් වැඩක් වේ නම් එය ඔවුන්ට කියන්න.
e60fddc1fe	බුදුන්වහන්සේ භාවිත කළ සේක.
e61081a8b3	මෙම ශ්‍රේෂ්ඨ පුරුෂයන් දෙදෙනාගේ පුරෝගාමිත්වයෙන් සිදුවූ
e610ed614e	දැඩි විමසුමකින්
e6115ba4b0	එකත්පස් ව හුන් ආයුෂ්මත් ආනන්දයන් වහන්සේට
e611c43eb6	ඔබේ මනාපයට තැනක් ලබාදීම.
e611e81157	මොනවා කරන්නද?.
e6121e611b	film fare award 2012
e6125e14d4	එහෙත් ඔවුන්ගේ මුලික අරමුණ
e612673457	අපතේ ගිය දෙයක්‌ නොසිතූ පරිදි
e612fc860b	සිසුන්ට අනුව සිසුන් යනු පොතේ ගුරාලා ටිකකි
e61333524b	යම් සීමාවන් තුළ පවතින බව පැහැදිලි ය.
e613f4f6e8	මගේ පස්සෙන් ඉන්න අයගෙනුත්
e614b0a92b	gold price
e6150b21d5	හැඩි දැඩි මනෝ ලෝකයක හුදකලා වීම නිසාම
e61545b703	එහෙත් අපව සිංහල ජාතිය විසින් එක් කර ඇත්තාහුය
e61618df51	ඒත් සිනමාව ගැන
e616354e4d	වදාළ ස්වාමීන් වහන්සේලාගේ ප්‍රයත්නයයි
e616383889	මෙය දකින්නේ
e617159d19	කොච්චර තියනවද කියල මං දන්නෑ.
e6172cd35b	වෙන්නේ මොනවාද
e617fd6674	මරණින් මතු දිව්‍ය ලෝකයක උපත ලබා
e618053a8b	ගහන්න කටහඬක් නෑ
e6181cd89c	තවමත් ඉන්නේ මහා බ්‍රහ්මයා ලෝකය මැව්වා කියන ස්ථාවරයේ
e618f84ddd	ඉතා දුෂ්කර වූ බැවින්
e6191b9c37	එනිසාම දළදා වහන්සේ
e619337778	බෞද්ධ සාහිත්‍යයෙහි සඳහන් වන අන්දමට
e61978373e	ඔබ හිතන්නේ අතීතයේ
e619a96682	අද මහත් ආකර්ශනීය පින්කමක්
e61a05a989	හමාස් සංවිධානය සීමා සටහන් කොට ඇත.
e61ad8d322	සිහිය නුවණ පිහිටුවා ගැනීම.
e61adee504	ඇත්ත තත්වය හංගලා
e61b85c844	ඇය ම මව වන්නී ය.
e61b97b24f	ඔබ දැක ඇතුවාට සැක නැත.
e61c675c3c	ministry of public administration
e61ca14e2d	සාක්‌ෂි කරු මෙසේ ද කියා සිටියේය.
e61ccdf49a	නොසෙල්වී සිටියහ.
e61cd7ee7f	මොන තරම් තාත්විකද කියලා.
e61d44cc66	මොකද කි‍යන්න තියෙන්නේ.
e61d738011	පාපොච්චාරනය කරමින් කියා සිටියේ
e61d7829ba	හැම මොහොතකම අපි ඉවර වෙනවා
e61d956d09	රවට්ටපු කෙනෙක්.
e61dc80555	ළමයි ලොකුවෙලා
e61e09d961	පෙනෙන්නට නැත.
e61e99f565	මොරටුව පැත්තෙනම් වැරදිලාවත් යන්න එපා
e61f675fd2	පිටපත් දෙකයි.
e61f947859	අප නිතරම පින්කම් කළ යුතුය
e61f97ed8f	තම සිතට වංචා කළ හැකි නොවේ.
e61fb978ee	දයාරත්න රණතුංග කරපු කැසට් එක.
e61fc4b13d	මානුෂිකත්වය ආදරය කැප කිරීම්
e620e7fd54	පිටතට ගලා එන්නට වෙයි
e62106e15f	එය ප්‍රශ්නයක් බවට පත්ව තිබෙන්නේ
e62159b02c	තවදුරටත් ජීවිතාවබෝධය පිණිස
e621683451	අනෙක දිග කතා කියවන්න
e6219b4118	එහෙම මතක් උනේ නැද්ද ගෙම්බෝ.
e621c4c0ad	මෙන්න ප්‍රසිද්ධම ගීතය
e621ff787a	අතුරුදහන් වුන පොඩි ගැහැණු ලමයා
e6220fe5e6	මේ දරුවා ගේ් රැකවරණයට කිසිම මනුස්සයෙක් නැහැ
e6225b8a46	සංචාරකයා රටට අද්දවා ගත නොහැකිය.
e62296b39a	කෝල් කරන එක නවත්තලා එතකොට.
e622dcb881	මව්බිම සුරැකීමේ පෙරමුණ
e6236082d0	යුද්ධය නවත්තපු ඒ උත්තමයාට කතා කරන්නත් ආසයි.
e6237bd815	අදත් නොසැලී පවතින
e6238c76e6	මුළුමනින්ම දරා වැඩසිටි සේක
e623c28b95	පොතක් ගන්නවා කියන එක
e623e551a7	කවියා පවසන දෙයම
e624c1bfd6	ඉසුරුගෙන් ඉල්ලා සිටිනවා
e6255763a0	එම පාඨයේ දැක්වෙන ලෙස
e625a49a8d	වස් කවි කීම
e625b00f6d	යමක් කමක් තේරෙන පිරිසක්බව
e625d260f3	අනිත් අයට ඕන මොකක් හරි කරලා
e625e09ee5	එම දරුවා ආදරණීය මවුපියන්ගේ්
e626219399	තම තමන් විසින් ස්වාධීනව
e6266ed1f3	එහෙම ලොක් කරගත්තොත්
e6269be1bd	අපට මේක කරන්න තියෙන්නේ
e6275dcbc7	පන්දු රකින්නන් නරඹන්නන් බවට පත්කර
e6276c0db8	සමාජයක දියුණුවට ද මාවත විවෘත කොට ඇත.
e627732002	සාධු දමිත ඥානානන්ද හිමියන්ගෙ
e62781ede9	අසනීප අය ඉඳගන යද්දී
e6280b2314	මහා විහාරය ගෙන ඇවිත්
e628fa8074	මේදවස් ටිකේ
e62923d65d	ඉරාණ නීතියත් නිසා
e6292dbaec	නමුත් කොහෙද තියෙන්නේ
e629b3c164	ගීත ගායනයෙහිලා ද
e62a2724b7	එම නිසා නෛසර්ගිකවම
e62a48f393	ගත් තීරණ බොහෝමයක් පෙර මෙන්
e62a67937e	එතකොට කුරුසේ ඇණත් බොරු
e62aaeebe5	පෙන්වාදිය හැකිය.
e62b11ee1e	මෙහි එක් ප්‍රධාන සාධකයකි.
e62b865629	අපේ උන්නැහෙයි මායි
e62bb94db2	මරණය දක්වා සටන් කරන තරග
e62bc28fe3	ඒ ශ්‍රී සද්ධර්මය ගැනම
e62bca6e3e	එකම වේලාවක
e62bce2a9f	අද උසස් අධ්‍යාපන අමාත්‍ය ධුරය හොබවන්නේ
e62bfa9ae9	හාමුදුරුවරුන්ට අපි ගෞර්ව කරනවා තමයි
e62c7954f8	ක්‍රමවත් විදිහට කරනවනම්
e62d7ed93f	අවාසනාවකට මේ අවුල් අරින්න
e62d945e30	අමරදාස සිල්වා ලාංකීය කලාකරුවන්ට
e62da81708	අධ්‍යාපනය සඳහා සාමය අවශ්‍යයි.
e62dd2027e	එම ව්‍යාපාරයේ දේශපාලන හා ආර්ථික දැක්ම
e62dd79366	උත්සාහ කරනවා ඔබ දුටුවාද?
e62e0324da	එබැවින් සතර පරමාර්ථයන් උගෙන
e62e4da445	තම පියා හමුවිමට හැකිවේවිද?
e62e5c5725	මෙම විහාරය නුවර යුගයේ ප්‍රතිමා කලාව හා චිත්‍ර කලාව
e62ea406ab	මේ ඇත්තට මට හරිම ළෙන්ගතුයි.
e62ee4ccf5	රටක් ලෝකයේ ඉදිරියට ගෙනයාමේ හොද ව්‍යාපෘතියක්
e62f0ffd8f	ඒත් දිග නවකතාවක් වගේ එකක්
e62fad2647	හුගාක් දුරට සරල සාමාන්‍ය බ්ලොග් වගේම
e62fe5d6c7	ඇය මළවුන්ගේ ලෝකය පරිකල්පනීයව දකි
e630c0e702	අද එළියට බැහැල සිටිනවා.
e630d6c3eb	මා රජයට කඩේ යන්නෙක් නොවේ.
e630e30a05	ෆොටෝ ගත්තා.
e6310501e5	එසේ ආරක්‍ෂක කමිටුව වෙත නොගොස්
e63105d565	ඒ පක්ෂයටම
e631392440	රජ්ජුරුවන්ට ස්තුති ප්‍රශංසා කරනවා
e632038693	නමුත් ඒවා සමාජයට හෙළිදරවු වෙනකම්
e6321c9a79	උන්ට කිසිම උපකරණයකින් අපිට පේන පාටවල් පෙන්නන්න බෑ
e6324318e3	අලෙවි කළ ස්ථානයක් තිබුණා.
e63249b864	railings
e63264f0c5	කරන්නට බෑ.
e632a7da5d	බලා‍පොරොත්තු රහිත වියදම් ගෙනදෙන අතර
e632f38e70	උන්වහන්සේලා සැවැත් නුවරට
e63304bdff	කපුටගෙ වෙනස නොතේරුණා සේ පාත්තයා ඌට කතා කළා.
e6339fe3b2	අධිකරණ ක්‍රියාදාමයට සම්බන්ධ හැම දෙනාම
e633b0cb30	එය නිවැරැදි කරගත යුතු මඟ කෙබඳුද
e634a7ae7b	එබඳු බුද්ධිමත් තැනැත්තියක
e635eda0da	katata rasata
e6362aa735	ඉතාම ලස්සන චිත්‍රපටයක්.
e6363260a9	ආයෙනම් සිවුරු අරින්නේ නැහැ කියලා සිත දැඩි කරගත්තා.
e6364031d6	එතකොට ඒ නිගණ්ඨ පිරිස
e6368fc7e4	මිනිස්සු පැහැර ගන්න එක.
e636c9dca0	සැරියුත් හිමියන් හා මුගලන් හිමියන් හට
e6370872c5	ඒකට ලොකු ව්‍යාපෘතියක්
e6380715de	සත්‍යය විමසන්නෝ වෙත්.
e6380c1e55	අනෙක් අතට මෙවැනි වැඩසටහන්
e6380e6946	බාගත කරගත හැක.
e638cfa446	ගිවිසුමකට රුසියාව හා ලංකාව අත්සන් තැබීම
e639391b96	චූලගෝපාලක සූත්‍රය ලෙස
e639d5d167	පිළිවන්කම ඇති එකම පිරිස භික්ෂූන් වහන්සේය
e639ddb797	සියළු සමාජයීය අංගයන්
e63b66413d	අන්තර් අවබෝධය ගොඩනංවන්නක් ලෙස
e63b6e32a7	ඇතැම් ප්‍රාන්ත නායකයන්ගේ රූකඩයක් බවට පත් වීම
e63bf4a3e2	පාංශු සංරක්‍ෂණයට අදාල කරුණු
e63cc1e56f	අපිට අවුරුදු දෙකක් ජූනියර් විතර එවුන්.
e63cd1a88b	අතීතය දිහා බලන කොට
e63ce43f06	නමුත් අපි යන කොට
e63ce46f0e	සසර වසනා තුරු
e63d710c65	හැම තිස්සේම
e63d858697	ලංකාවේ අර්බුදයට ලක්ව තිබෙන
e63f7747ac	ඔබ මොළය ගැන පමණක් සිතුවත්
e63f9c30f0	කීකරුව පස්වසරක්
e640557ec2	අවශ්‍ය පියවර ගන්නා ලෙස
e6407800a8	මෙම පුදබිමේ පුරාවිද්‍යාත්මක අතින් වැදගත් වටිනාකමක් ඇති
e640ab24f6	හැමෝම කියවන්න අන්තර්ජාලයෙන්
e64126b732	මා දුටු මොහුගේ සුවිශේෂතා මෙසේය
e6412f03a5	ආරංචි හැටියට මැය අනුගමනය කරන්නේ සිංහල වෙදකමයි.
e6414bb896	මුං කවදාවත් විවේචන පිළිගත්ත ජාතියක් නෙවි.
e6418e3915	නමුත් අද මේ තත්ත්වයට අපි මුහුණ දීලා තිබෙනවා.
e64245e1cb	කර්ම විපාක අනුව ආයෙමත්
e642596343	මෙම පුරපොහෝ දිනය අප විසින් හඳුන්වනු ලබනුයේ
e6426e9a2a	හාල් දණ්ඩා නම් සර්ප විශෙෂයක් බව
e6430d18cf	කියලා ඔයාලා ඒ ගොල්ලන්ගෙන් අහගන්න.
e643a2b54b	පොලීසියට එක ලිපියක් හෝ ලියා තිබේද?
e643fdbfc0	ඒත් මට හිතාගන්න බෑ
e64478c9d9	ඓතිහාසිකව පොදු බෞද්ධ මතය අනුව
e644a3d98b	සෑහෙන ඉස්සර සිදුවෙච්ච
e644a93f17	කරන ලෙස ඉල්ලමි.
e644b95e96	free video
e644fdb9db	කියන්නේ කෙසේද?
e64509040b	හිට්ලර්ගෙ හමුදාව වත්
e645e3b5b1	ඇයගේ මුහුණට ළංවෙන ගමන්ය.
e646136bf9	ඉතින් විවාහ වුණා
e646703ea2	විවාදය අවසානයේදී දැනගන්න කැමතියි.
e646db5afd	එසේ මෙසේ කණ්ඩායමකින් නම් නෙමෙයි.
e647059555	අද වන විටත්
e6474fd2e8	new year 2013
e64759ddb2	ඇතැම් වකුගඩු රෝගවලට හේතුව කැඩ්මියම් වෙයි.
e647cd81ad	සියලූ රජවරු දිවි හිමියෙන් උනන්දු වූහ
e648436107	අඟුරු කැට විකමින් දත් මදින අතර ඇය
e649187b54	අනෙක් කාරණය නම්
e649c10d3b	ආර්ථිකය යහපත්වන අතර
e64a3cde9c	මෙරට කාර්මීකරණය වීමට
e64a549b21	මානව වර්ගයාගේ පැවැත්මට ප්‍රබල අභියෝගයක්
e64a99eae8	ඉල්ලා සිටීමක් බඳු ය.
e64b5da06c	අපිම බේත් හේත් කරගන්නවා.
e64c88089c	මෙසේ ජීවත් වන මනුෂ්‍යයන්ගෙන්
e64cafeed1	මේක පොතක් විදිහට එලියට එනකම්
e64d1bc03f	එවැනි පිරිස් උදෙසා විශ්‍රාමශාලා දන්සැල්
e64d3293fb	දුටුගැමුණු මහ රජුගෙන් පසුව
e64d5ecb73	සිතුල්පව්වට.
e64d6d8261	සිදුවන්නේ කුමක් ද?
e64d7db8d1	වෙනත් සතුරෙක් නැත.
e64dfa24ba	ඔය මල් කතන්දර එකක් කියෙව්වම
e64e2f14e1	පිළිතුරු දුන්නේ මෙසේය.
e64e562ad7	මෙය වර්තමාන කාලයේ
e64e70a937	අර පෙර කී කිඹුලන්
e64ea99413	ලංකාවෙ දේශපාලනය කළේ
e64ee6d8ce	කොල්ලන්ට නම්
e64f8c1bac	උපන් අකුසල් දුරු කොට
e64f99752e	ගෑණු ඇනකොන්ඩා පිිරිමි ඇනකොන්ඩා ආහාරයට
e64fb3b91d	එම කුහරය සම්බන්ධයෙන්
e65014d7d9	එකතුකර දමා ගිය ප්ලාස්ටික් බෝතල් සහ ටින් කැබලි
e65067f0ee	udara
e6507608cd	මෙවැනි මාර විග්‍රහයක්
e6510b1732	සමාන වුව ද අනෙකකි.
e651d4e3c9	තොපේ ගෙවල් වල විකුණ ගන්න බැරි
e651f0127d	බෞද්ධ සාහිත්‍යයෙහි සඳහන් වන
e6524694a2	ඉතිහාසය මුල සිට පටන්ගන්නවද
e652a54991	මේ ලෝක ජීවිතය තුළ
e653023997	music.lk
e6535be140	ඊයේ ප්‍රතිකාර සඳහා සවිකර
e6535bf9b8	ඉන්ද්‍රිය සංවරය තුළ ගැබ්ව ඇති බව
e6537040bb	යම රජතුමා ඔහුට දේවදූතයන් පස්දෙනෙක් ගැන සිහිපත් කරයි.
e65386ebf1	කෙළවෙනකම් තේරෙන්නෙ නෑ.
e6540bc876	මෙය බුදුරජාණන් වහන්සේ පෙන්වා දෙන්නේ
e654115737	මේ ක්‍රියාත්මක වන්නේ.
e6544ed823	ඇහුවොත් අනිවාර්යෙන්ම පත්තර පොත් කියවන්නෙ
e6546005a4	ඒත් දැනුම විතරයි
e6557e2810	tum hi ho
e655ae92b7	අද සැලව රජමහා විහාරය යනුවෙන් හඳුන්වන්නේ
e655b8eaeb	බිරිඳක් විදියට.
e655fe1067	නමුත් ගස මුලට ගොස්
e65625872d	අවබෝධයෙන්ම ශ්‍රද්ධාව පිහිටපු දවසට
e656542386	ලංකාවේ පැරණිම සෙල් ලිපි වශයෙන් සැළකිය හැකි වන්නේ
e656738be9	මොකද මමත් කෙටි කාලයකට
e65686ecd9	එහෙමනම් පුවත්පත් පැමිණිලි කොමිසමට
e656a0fbff	එකී වාක්‍යයන්හි කියවීම්
e657399e16	මිනිසා ගොස් පට්ට වේගයකින්
e6580082c5	මේ එක් එක් ශෛලිවල රඟපාන්න.
e658300f33	කොත්තු වගේ
e658ebcf91	රාජ්‍ය පාලනය තුළ අතීතයේදී භික්ෂුව
e65a985853	පුරුෂයාගේ කර්මය ක්ෂය වීමෙන්
e65ad791d9	ස්තුතියි බින්දි
e65afa1767	ජනප්‍රිය කරවන්න ලිපි ලිව්වේ?
e65b0c3712	සමාවෙන්න මීට පස්සෙ දාන්නම්
e65b0f6d0d	මැරෙන දිනේ වෙනකම් බලන් ඉන්න
e65b12b456	බ්ලොග් අවකාශයේ සොඳුරු හිත
e65b4f76e7	මේ සුජාත කුමාරයා
e65b925a4d	ගැඹුරු රහස් ගොනු කිරීමක්.
e65bb49ea8	ප්‍රභාකරන් නාහෙට නාහන කැළෑ සතෙකු විය.
e65bbf8d93	එනම් වැඩ කරන ජනතාවගේ කාර්යභාරය
e65bd4aff8	සංචාරකයන් එවන්නැයි කීවාට මදිය.
e65c05398a	අද කාන්තාවන් රූපලාවන්‍ය ක්‍රම භාවිතය කෙරේ
e65c872731	කට්ලට් වගේ බැද ගත්තාමත් හොඳයි.
e65c8caab9	එනකම්ම බලන් ඉන්න
e65cd45e01	එළකිරේ තම්බා ගැනීමේ දී ද
e65d10ce32	උඹ කතරගම තියෙන්නේ කොහෙද කියලා දන්නේ නැතිව
e65d2d7310	 ඒ අනීතා ප්‍රේම්ගේ අදහසයි.
e65d41e518	සබැ දැක්මෙන්! ඔහු දකින දම් කම්!
e65d8ec4b3	නියම ඔත්තුකාරයා වෙච්ච ස්කයි
e65dbb095a	මේ වගේ වැඩකට
e65e01cbb2	ඇත්ත වෙනුවෙන් ජිවිතයෙන් වන්දි ගෙවන්න
e65e297108	අවාසනාවකට මෙන් මෙවැනි දේ ගැන
e65eab470e	සාමාන්‍යයෙන් ඉංග්‍රීසි අකුරු වලින්
e65ef6bebd	මෙන්න ලින්ක් එක .
e660c1cea4	එලස් කාටූන් එකක්නේ
e660e4e420	අහන්න හිතන්නේ වත් නෑ.
e6616f425a	එනම්ඉතිරිය »
e663215fa7	සිංහයාට වුවද සිදු වන්නේ
e663412768	උන්වහන්සේගෙන් පසු අපරැක්කේ සුමංගල හිමියන්
e663443988	එල්ලූම් ගහ ඕනේ
e6637e1913	බුදු සමය ප්‍රචාරය කළ බව.
e663e3d53f	මේවා ගැන හොඳටම දන්නා කට්ටිය තම
e6649e099a	මෙයාල ආපහු එතන මංකොල්ල කනවා
e66566bf98	හිතා ගන්න බැරි තරමටත් වඩා
e665e5c064	මංගල සූත්‍රයේ දී
e6660d3fdb	යන නම ඇහෙන කොටත් කේන්ති යනවා.
e6660dcb39	අලුත් බලාපොරොත්තුවකට
e66760a4fb	සරම කූඩාරමක් වෙලා තියෙන එකත් නවතීවි
e668bb7f99	බියෙන් පලා යන්නා වූ
e66a0060ab	ගුවන්තොටු‍පොළේදී මැවිලා පේනවා.
e66a10a7f4	මොවුන්ට මුහුද මැද දී
e66a153175	මව්බිම සුරැකීමේ පෙරමුණ
e66a97c4cf	කෝමා තත්වයේ හිටපු අවුරුදු දෙක අතරතුර
e66b1cd9e4	අවාසනාවකට අපව තේරුම් ගැනීමට
e66b5b170f	ඉගෙන ගත්තු දේවල් හොරුන්ට ගෙනියන්න බැරි නිසා
e66b5bf831	අහේතුක පසුබෑමක් ඇති කර
e66b6d7500	සිහිපත් කරමි
e66b9f0090	අන්තිමට එය බලපාන්නේ සමස්ථ ආයුර්වේද පර්යේෂණ වලට.
e66bd8625c	හැබැයි ඒකට වඩා
e66bfa4a61	මෙම සික පද පහ පිළිනොපදින අය,
e66c04ee4e	මොකද පල් මෝඩයෙක් වෙලා ඉන්න ඕනිනේ මුලින්ම.
e66c37d7c1	කුස්සිය තියෙන්න ඕනෑ
e66c9668e2	ඒක නිසා මේ ඇත්ති
e66cdfaa5c	racing games
e66d3bffbe	තව කෙනෙකුට ලබා දෙන
e66dfa9ea3	ඒකෙන් ඉතාමත් සංකීර්ණ දේවල්
e66ed6ee1d	අන්ඩක් කඩපු අසරණ කුඹියට වතුර ටිකක් දෙන්න
e670c8644a	දෝලාව මේ විහාරයේ තබා ගොස් ඇත
e670cf101e	එම නීති අධ්‍යාපන කොමිෂන් සභාව
e670dc99e6	අප මෙතෙක් වෙලා
e670eac4d6	පෞරාණික නටබුන් ඔය වගේ
e6710fea73	රංග පරමවාදී ප්‍රකාශනමය නාට්‍ය ගණයට
e671752ed2	මනුස්සයාට ලැබුණු පණිවිඩය කොපමණ අනතුරුදායකද?
e672788796	ඒත් දඩයක්කාරයට
e6727891ca	ඔබේ ෆේස්බුක් ගිණුම
e67280d843	විසඳුම් නිර්මාණය කල හැකිය.
e672f2daa1	ගුණදාස අමරසේකරට අනුව
e672fa6144	හතු පිපෙන්නාක් මෙන්
e67347be5a	යකෝ මුන් නියම සිංහල නම්
e67383f64c	අස්සෙ තමයි
e6739958d5	බුදුන් වහන්සේ පිළිබිඹු කරගත්තේ
e673a93dd6	එමෙන්ම ඔවුන් නිරෝගීව සමෘද්ධිමත්ව දිවි ගෙව්වා.
e673fa1c94	කර්මයද ඒ ආකාරයෙන් සොයාගතහොත් පිළිගනිමි
e6742966db	අපගේ කෙරුවාවල් සියල්ල
e67570f579	අධ්‍යක්ෂ ජෙනරාල් ඩී.සී.ඒ. ගුණවර්ධන විසින්ය
e6758b75da	තැන්පත් ධනය වර්ධනය කරගත හැකි වුවද
e6759ee657	දිගටම ඔහොම ලියහන්
e6761d2325	ගිවිසුම ඉදිරියට ගෙන ගියා.
e6766a2bd3	දැඩි ව්‍යාකූල තත්ත්වයක්
e676f5f178	අනේ ඔයාවත් මේක
e67766913b	උගේ ඇඟේ පැහැය කළුද රතුද
e677c6fac8	බුදුවරු ලෝකයට පහළ වන්නේ
e677c7b488	බඹලොවින් චුතව දඹදිව් තලයේ උපත ලැබුවා
e677d4c996	තරහ යන බව තේරුම් ගනිමින්
e677d5b50b	තියෙන්නේ මෙතන නේද?
e677d5c8b9	තනාල තිබ්බ සුපිරි සොල්දාදුවන්ගෙ කතාව
e678381511	ampara
e6788068a8	වල්ගේ පාගාගෙන කතාකරල වැඩක් නැහැ.
e67886b671	මේක නරඹන්න
e6793ae57e	කාමරයක පදිංචි උනේය.
e6794091fc	මෙවැනි නිර්මාණ බිහි කළේය
e6794a975a	පුද්ගලයන් තුළ බැඳීම දුරුවේ.
e6795aac99	අපේ රටේ සෑම ක්‍රීඩකයෙක්ම ක්‍රීඩා කරන්නෙ
e6796e7f34	අපේ ඇස් තෙමා
e6797fb0ea	පොළෝ මට්ටමෙන් උස්ව පිහිටි
e679e7d6fc	වඩා විශ්වාසවන්ත මූලාශ්‍රය නේද?
e67a352bc2	ඒවායින් කියවුනේ
e67a68a53c	සිංහල සංස්කෘතියේ මෙන්ම
e67aec575e	බියෙන් සැකෙන් මෙකී පෙරහර පවත්වන ලදී.
e67b71038a	මව ආරක්ෂකයා ලෙස
e67ba5ce2c	හැබැයි ගාමිණී කොහොම හරි හැරීගෙන් නඩත්තුත් ගනීවි
e67bc019f0	දීමට හැකි නොවන්නේය
e67c0b1996	ශ්‍රී ලංකා කණ්‌ඩායමේ එංගලන්තය සංචාරයේදීය
e67ca6192c	ආසනික් දීල පෙන්නපල්ලකෝ.
e67d2cdc84	ආක්‍රමණය කරණ පිරිසකට
e67d3202a2	අපි ගඟ පහළට වෙලා ගත කළා.
e67e89c4b2	ගෙදර ඉතුරු වෙච්ච
e67ec31a78	රාජ්‍ය සේවය දේශපාලනීකරණය වෙලා තියෙන තත්වයෙන්
e67ecbc89e	හම්බන්තොට දිස්ත්‍රික්කයෙන් ආසනක් ද හිමිවිය
e67eea595f	බ්ලොග් වල දියුණුවක් දකින්න නම්
e67f9a3af9	නව අදහස් වලට මදක් ඉඩ දෙමු
e67faaae85	එබිල මොකෝ අහනවා
e680046581	ඔබ අද අන්ධ භක්තියෙන්
e6806de6ef	සිංහල මතක නැත
e680a076c5	ඉංග්‍රීසි සාහිත්‍යය දෙමළ තොරතුරු තාක්ෂණය යන විෂයන්
e680b52ceb	නොහැකි වේය යන සිතිවිල්ලය.
e681166013	ඉතින් මේ සටහනෙන් ඕගොල්ලන්ට පුලුවන් වෙයි
e681557813	හිංසාකාරීව කිසිවෙක් නොහැසිරෙන ලෙසය.
e6817a1bb2	මෙම වෛද්‍යවරයා බෙහෙත සෑදීමට අවශ්‍ය
e6824191ce	අලි මිනිස් ගැටුම තරම්ම වන්නට
e68261847c	ඉන්පස්සේ මත්පැන් සාදය අවසන්
e6828f5852	නොසතුටට කාරණාව විමසා වදාළා.
e6833c71be	එකල ආයුෂ්මත් වූ මහාකාශ්‍යප හිමියෝ
e683839db2	ඒත් මුකුත් නොකර ඉන්නේ
e6846e5efd	කියවන එක අම්මගෙ විනෝදාංශයක් වගේ වුණා
e685762d60	එතුමා ඔය ප්‍රශ්නයම මගෙන් අහන කොට මම කිව්වා
e6866aadcc	වැඩේ මොකද්ද කියලා
e6869df581	වෙන එක නැවක් එනවද කියලා
e687770322	හඳුනාගැනීම වඩාත් සාධාරණයි.
e687842835	පී්‍රතිය ආහාරකොට,
e687c2618c	ගවුම පුරාවට දුඹුරු පැහැ පුන්චි මල් ඉහිරී තිබිණ.
e68816a7ea	තහවුරු කිරීමයි.
e68879fbc5	රටේ ඉන්නවා.
e6887bd5a8	සායි බබාටත් අනාගතය දැකිය හැකි
e688c5d6ac	සිංහ සිංහ ලග්න වසර ගණනක්
e689366355	දස කථා අහන්න ලැබෙන්නේ.
e689873a60	ලෝඩ් කරහම ඒ ලියපු ටික අතුරුදහන් වෙන නිසා
e68a074e27	මේකට සිංහල දාන්නේ කියලා
e68a1ce00f	අද අපේ රට ලබා ඇති දියුණුව
e68a25a03d	අද යටට අදින ඇදුමි උඩට අදින කාලයක්
e68a4b398f	යම් යම් තීරණවලට එන අය.
e68abae03f	මෙහෙම දෙයක් හරි කරලා
e68b3f53c0	ජීවිතය හා මරණය අතර සටනක් වෙන්න පුළුවනි.
e68c4fc0fe	ක්‍රමයෙන් මිනිස් කවය
e68c54188a	එහෙ සටන් පාසලක් පටන් ගැනීම
e68c895b59	ඔවුන් අතර පැව තුණි.
e68c948dd5	සත්ව සංඥාාවෙන් තොර විය යුතුය.
e68ca5a412	kissing games for girls only
e68d11c14e	ඒක කතාව නම්
e68d31901c	ඔබට සිතෙන්නේ නම්
e68d8136f2	grand mother father in sri lanka
e68d93f95d	මං කවුදෑ කියා
e68da2ed86	වෙනස් වන්නේය.
e68dc04f38	අපට සතුටු විය හැකි කරණයක් නම්
e68dcabb61	නිදහස් කර ගැනීමේ ව්‍යාපාරය වැනි
e68e13e33a	මෙහිදී හෙළි වී ඇත
e68e958ef3	උඹ හිතන්නෙ සිංහල කියල ඕන කැනහිලෙකුට කියන්න පුළුවන් කියලද?
e68f36f0ad	මගේ නම් ප්‍රියතම ගීතයක්.
e68f88ddff	චිත්‍රපටය නැරඹීම නිර්දේශ කිරීම
e68fd82df3	අද අපි අඳින බ්‍රෙෂියර් හඳුන්වා දුන්නෙ.
e690dd2d30	ඇය මෙවන් අනිකුත් සොයුරියන් වෙනුවෙන් කතා කරනු බැලීමට
e69123b1f5	අපේ හිත්වල තියාගන්න.
e6918c946e	දානමය පුණ්‍ය ක්‍රියා වස්තුවයි.
e6929169cc	නිවේදිකාවක් හැටියට නේද
e692b2189f	sri lanka travel
e693357c6b	මොනම දේ නිසාවත්
e69354565a	බත් ගුලිය බිම දැම්මේය
e6937919d2	ඔවුන්ගේ ඥාතීන්ට වන්දි ගෙවන ලෙස
e693d04ed4	කාගේ හෝ හිතට ආපු පලියටම නොවේ
e694582f63	අපේ ගම්තුලානේ දවසක්
e694739d61	හැමදෙනාගේම ඇස් පනාපිට
e694761f4b	අපේ රටේ මෝඩ ගොවීන් කවදාවත්
e6951ad368	එයින් ඇය බරපතල විදියට තුවාල ලබනවා
e6954f408d	සෙසු සියල්ලෝම තරුණයෝ වූහ.
e6955b3990	ඔයාලට තේරුම් ගන්න අමාරු වෙයි.
e6957f0ce1	ඔබ නගන චෝදනාවට එකඟ විය නොහැක.
e695c8f434	ආණ්ඩුක්‍රම ව්‍යවස්ථාවට පටහැණි බවයි
e69611fb52	බෝධිය ආසන්නයටම
e696516825	මොකද මම ආදරය කරපු කා‍ලේ
e69668dfca	ඒක නිසා හැම ෆිල්ම් එකකටම
e696ba617c	දියුණු උපසංස්කෘතියක් තිබේ.
e696c67dc3	එසේ නැතහොත් දිවි හානිකර ගැනීමක්ද
e6970a86fc	ඉන් පසු කෘතිය මුද්‍රණය කොට
e697131d1c	ලංකාව තුළදී සිදුවූ අතර
e697d55a8f	මොන වගේ සම්බන්ධයක් ගොඩනැගේවිද?
e6982f45b1	එවිටයි අවසාන හුස්ම පොඳ
e69831aae7	මුගලන් මහ රහතන් වහන්සේගේ ආමාශයට
e6985cce7f	කොණ්ඩෙ බෙල්ල ගාවින් කපලා.
e6992969de	ලක්දිව විවිධ පළාත්වල පිහිටි
e69987087e	අප දිනපතා භාවිතා කරන්නේ
e699f4ede6	අපේ රට කෑලිවලට කඩන්න ඕනැ නෑ
e69a4c6adf	එළියට ගන්නා
e69a5d814b	සමච්චලයට ලක් කරන එක.
e69a918087	ශ්‍රාවකයාගේ ගෞරව සම්ප්‍රයුක්ත අවධානයටත්
e69af7f4fa	ජූලි මස දිනට පෙර තැපැල් හෝ
e69ba85215	ස්ථාපනය කර ගැනීමයි
e69bcd7e9e	එබඳු සංවිධායක වරයකුට වුවත්,
e69c212c98	මගේ ප්‍රියතම ගායිකාවන්ගෙන් කෙනෙක්
e69cb36499	swarnapali
e69d69c328	මව නොව හැකිනම් මගේ තර්කයයි.
e69d93cfc6	නොබලා කොහොමද.
e69dcfbfb7	ඔවුන් මුහුණ දෙන නේවාසිකාගාර ප්‍රශ්නය
e69e42982a	එයාලා පසු බහිවිද
e69e875ac4	රාජකීය ආගමික සහ වෙනත් වාස්තු විද්‍යාත්මක
e69ea38b47	බොහෝ සුන්දර කදුමුදුන් වලට
e69ec1ddd9	සාම්පූර් බලාගාරයට අත්සන් කළ ගිවිසුම අනුව
e69eea8dda	වෙන වෙන දේ නිසා යැව්වම
e69f1b3688	අතිශයින් විරල ගණයේ ටෙලි නාට්‍යයකි
e69f2a9d9a	දෙයියෙක්!
e69f39b478	එය තුල දිය අගලක්ද තිබෙන නිසාය.
e69f4fa1ed	එය ශ්‍රී ලාංකික චිත්‍ර ශිල්පියකුට
e69fa7af3d	මිනිසුන්ට අවශ්‍ය දැව සපයා ගැනීමට උපකාරී වේ.
e6a04861c2	අනතුරුව එය දිය යටට ගෙන
e6a1085864	මේක තමයි නිරාමිස සැප විඳීම
e6a10e2f58	nadisha
e6a2248ff4	පිළිකුල දනවන කරුණකි.
e6a2d1ac70	භික්‍ෂු සංස්ථාව තුළින්
e6a34aa3ec	මේ කොපි කිරීමෙයි වෙනසක් තියෙනවා නේද.?
e6a3a3cced	ඊළඟ චිත්‍රපටයේ විස්තර සමගින්
e6a3c1551b	එම අවස්ථාවේදි බුදුරදුන්
e6a4073bc5	ගල් බනිස් කනවා වගේ වැඩක්.
e6a4264710	ගොඩක් මිනිස්සු හිතන්නේ
e6a5408db1	මීට ටික දිනකට පෙර හාමුදුරුවන් කෙනෙක් හරක් මරනවාට එරෙහිව උපවාස කළා අපට මතකය.
e6a5b2fc95	අනික් අයගෙ සිත වැඩ කරන හැටි
e6a61cd19c	කියවලා බලන්නකෝ.
e6a6219d27	සබැඳුම් යාවත්කාල කලා.
e6a6608499	divaina.lk
e6a6825499	shruti hassan 2014 photoshoot
e6a69afe9c	දෙවෙනි එකට
e6a6a30757	ඔබ මනුෂ්‍යයෙක්ද ඔබ දෙවියෙක්ද ඔබ යක්ෂයෙක්ද?
e6a6ed5bdc	මෙසේ දක්වයි.
e6a6ffa262	මේකට සිංහල සබ් හැදුවනම්
e6a705a2b0	මට මතකයි මේක ඉස්සර
e6a78ffc20	ආයෙත් ඉස්කෝලෙට යන්න තියෙන නොඉවසිල්ලට මිසක්
e6a7d6848e	අපට ප්‍රශ්න කිහිපයක් අසන්නට පුලුවනි
e6a7d6d183	නමුත් එයා මාධ්‍යයට කියලා තිබුණා
e6a811e44f	නිශ්චය කර ගැනීමද
e6a8580ab7	හිත ලස්සන නැති වුණාම වෙන දේ.
e6a8b1a3a8	ජනිත කරන්නට ඇත.
e6a8c0a904	මේකට ප්‍රධාන වශයෙන්ම
e6a8c67179	ඒ වගේ ඒවා ඇහුවට පස්සේ
e6a8cf20bd	යන සියළු දේ ඊට ඇතුලත්.
e6a99c85e9	ඒ චීවරධාරියාට පූජා කළහ
e6a9e84e9f	අලි නවසීය දාහ වෙඩි තියලා මැරුවා.
e6aa174c6a	කථාව බලලම දැනගමු.
e6aa1da745	උබට මැට්ටා කියන්න වෙනවට තමා උත්තර නොදුන්නේ
e6aada5c6e	ඔන්න ඉතින් මෙයාල
e6ab05b7c9	සාමාන්‍ය දෛනික පුරුද්දක් විය.
e6ab780a18	මෙය බරපතල ගැටලුවක් බව
e6ad353056	ආරක්‍ෂා කර ගන්නා ආකාරයද
e6ad560b37	නොයෙක් මල් ද නොයෙක් ආලෝකයන් ද දරා සිටියාහු ය
e6ad581806	සංදේශය විස්ඩන් කතුවරයාට යොමු කළ ප්‍රශ්නයක්
e6ad653cae	මළමිනි ප්‍රමාණයක් එකතු කර ගැනීම
e6ad7177c6	ඒත් ඔයා කොච්චර වෙහෙසක් දරල
e6ad71c48d	we go srilanka
e6ae138237	තෑන්ක්ස් මචං ඔයා ගොඩාක්
e6ae2e61a1	සල්ලි නැති අය ණය අරගෙන
e6ae32882d	පස් තැවරී තිබුණි.
e6ae36ab69	ඔබට මේ පැමිණිල්ල
e6ae4d2e27	ඒක අයින් කරලා ගණන් හැදුවොත්
e6aed56e17	තාත්තා ඉන්නේ එහෙ වෙන්න ඇති කියලා
e6af08a1f5	සාධාරණව හා සමානව හිමිවිය යුත්තේය.
e6af27f9b8	එතකොට බලන්න රහතන් වහන්සේ කිව්වාම
e6afb8a083	එතකොට මම මේ තත්ත්වය එතුමාට කිව්වා
e6afbe31da	ඊට පස්සේ යස කුලපුත්‍රයාගේ තාත්තා
e6afc2ba91	අකුසල ධර්මයන්ට ඉඩ නොදී
e6aff6373c	නිශ්චිත කාල රාමුවකට අනුව එය බලගැන්වීම
e6b00488d0	අදාළ සාකච්ඡා පැවත්විණි
e6b05cffea	ලක්දිව දෙසට පැමිණෙන කවරෙකුහට වුවද
e6b081a0e3	මිහිඳු හිමියන් විසින් ඉගැන් වූ පිළිවෙත් මඟ
e6b089ee4e	හොඳම අවස්ථාව වන හමුදාවට බැඳීම
e6b0bf9430	ඒ ගෙවීම් කරන්නෙ නැහැ.
e6b109283e	නොහැකි වී තිබෙන නිසා
e6b1e52e53	බුදුරජාණන් වහන්සේ සොයා ගත්තේ
e6b20affa9	විවෘත කරන බහිරවයන් ධනවාදී ඩයිනමයිට් වලින් විනාශ වී ගොසිනි
e6b238e6c4	විශාල පිරිසක් එක් වූහ.
e6b23ab5a7	බඩ පපුව දාලා ගියා
e6b269584b	එක පැය කිහිපයක් ගතවන විට
e6b34d8591	ජනාධිපති මහින්ද රාජපක්ෂ මහතාගේ සහභාගිත්වයෙන් පැවැත්විණි.
e6b3616d90	එක් ක්‍රීඩකයෙකුගේ සහෝදරයා
e6b3b99527	ගුවන් විදුලි ජනමාධ්‍ය සඳහා
e6b4490895	ගැඹුරු අභිදහම්පද යොදා වදාළ
e6b47747d5	අපට ප්‍රඥාවන්තකෙනා
e6b4972d28	ආහාර පාන දන් දීමය.
e6b5222203	එයට හේතු වුණේ
e6b62eb5a6	රෝග, අමනුෂ්‍ය, දුර්භික්‍ෂ යන තුන් බිය
e6b64d74c2	බොහොම ස්තූතියි.
e6b6ab0ec3	බුදුන් වහන්සේ අදාළ ප්‍රශ්න කෙරෙහි
e6b6f37a43	පෙරහර කරඬුව වැඩමවාගෙන
e6b7505e23	ව්‍යාපාරික කටයුතුවල යෙදී සිටින අයට ලාභ ප්‍රයෝජන අත්වේ.
e6b76bb7cc	පහතින් බලන්න
e6b7c07b91	පුරාණයේ සිට
e6b7d5ac9a	ඒ තමයි ආසිරි ප්‍රියන්ත
e6b7dabc06	භික්‍ෂූන් වස් වසන
e6b7fb0020	දිගු දෑස දුටුවාම ගීතයට පෙනී සිටි අඛිල
e6b8268af8	ඒකෙ සම්පත් දායකය ඇවිල්ල හිටියෙ
e6b88814c8	කතරගම දෙවියන්ද එක් වූ බව දැකගත හැකිවන්නේ
e6b982dc98	විපස්සී ආදී සත් බුදුවරයන් වහන්සේලාට
e6b9f08ce7	yoga
e6bb4c227e	නමුත් උඹල කරන තරමක්
e6bbacf7e5	සමාජ ශාලාවකට යනවා
e6bc52e473	එය හාමුදුරුවන්ට
e6bc7981a0	ඉතින් කතාව පොඩ්ඩක් කියනව නම්
e6bce16998	රසල් වැඩ පටන් ගන්නවා.
e6bcf9de5d	ගුරුත්වාකර්ශනය සහ පොලොව
e6bd7fc04a	ප්‍රශ්න ඇති කරන්න උත්සාහ කරන උදවිය.
e6bda82e31	වශයෙන් ගත හැකියි
e6be0fda61	එය අහස මෙන් අනන්ත ද
e6be4fc075	ප්‍රාණඝාතයක් නම්
e6bf2b7986	නමුත් කැමරාව ඉතා ම සරල එකක් වුණත්
e6bf4354e4	සාමාන්‍ය මී මැස්සා මෙන්
e6c0816acc	එය ස්ත්‍රීන් මෙන්ම පුරුෂයන්ද තෘප්තිය
e6c0d86174	දෙවනි කසාදෙනුත්
e6c1465c6b	නිවාස ලැබුනා
e6c25ed3c5	මේ බවුද්ද අයගෙන්ම මේ බුදුදහමට වෙන හානිය වලක්වන්න
e6c26f47fd	අලංකාර කරන අයුරු දැක ගන්නට ලැබුණා.
e6c2e4f636	එම යුගය තුළ
e6c32e0338	එතුමන්ව තිස් තුන් කෝටියක් දෙවියන් රකින්න ඕන
e6c36faf9f	ආගම විසින් රකිනු ලබන්නේ රාජ්‍යයයි
e6c3e1fd27	එම ක්‍රමයට මසුන් මැරූ
e6c43d0275	sinhala google
e6c48c38fa	අද ලෝකයේ
e6c4d5b5ab	වේදනාව ප්‍රමුඛ වන බැවිනි.
e6c56e21b2	ඒ පුහුණුව ලැබෙන්නෙ.
e6c5ab19f9	අපේක්ෂිත අස්වැන්න නොලැබිම ගැන
e6c627d558	අදත් මේ දළ යුගලය දකින කෙනකුට
e6c70ec21e	හැමෝම යටත් වෙන සරල බදු ක්‍රමයක් ගේන්න ඕනේ
e6c77475cb	මාලු වලට සීමා කරගන්න බැරිද අපිට?
e6c7a5658f	මේ විමාන වස්තුවල විස්තර වන්නේ
e6c7c3e697	මේකට ගෙවල් වලින් දෙමාපියන්ගෙන් විරෝධතා
e6c7e4ab99	දොළ පිදේනි වලට බවත් ඇත්ත.
e6c80c68b2	එමෙන්ම මෙහි බැටරි ආයු කාලයද
e6c81456d3	ආරක්ෂකයෝ ඉන්න හැමෝම
e6c83b602c	මෙරට පුරාවිද්‍යා ක්‍ෂේත්‍රයේ නව මානයක
e6c83c9a58	අපි ජාතික තරුණ ප්‍රතිපත්තියක් එළිදැක්වූවා
e6c8edbd78	එහෙයින් මුස්‌ලිම් කාන්තාවගේ
e6c9b28607	අන්තිමේ උනේ
e6c9ce5268	මහනුවර රජ මාලිගය දක්වා ම පැමිණියේය
e6ca51ddd3	ශාසනාලය පෙරටුව අපේක්ෂා කරමු.
e6cb0cea7e	එක් කොටසක ඉන්ඩියානා කියනවා
e6cb19ed3a	එම වගකීම බාර දුන්නා.
e6cb6c929d	මට නැටුම් පොතක් තිබ්බේ නෑ
e6cb867030	ඔබ ගන්න එකේ පෙනුම හා
e6cce2952f	මෙම වැරැදිවලින් මිදුණු යහපත් සමාජයක් උදා කර දෙයි.
e6cd3d8f90	ඉහතින් කී සියල්ල අපේ භෞතික ජීවිතයට
e6cdb489db	තම සහාය දෙන බව
e6ce071651	ඒවායේ රසායනික සංයුතිය නොවේ.
e6ce2116a6	උපසපන් භික්ෂූන් වහන්සේ
e6ce2da1bd	ඒකත් දීමක්.
e6cea8dbec	මෙහෙණවර යනුවෙන් හඳුන්වා ඇත්තේ
e6ceda8a4c	බලෙන් ගන්නවා.
e6cf3f094e	මුල මතක නැ කියන්නේ ඕක තමයි.
e6cf6f09fe	දෙමාපියෝ අදාළ ගුරුභවතුන්ගෙන් සන්සුන් ව විමසූහ
e6cfa35fc5	එල! ලොවෙත් නෑ
e6d0957a60	සසර ගමන කෙටිකර ගැනීමට
e6d14cc4f8	එකම ශ්‍රී ලාංකිකයා වූයේ
e6d1b3628f	මෙතන ඉදලා හැමෝටම බය හිතෙන දේවල් වලට තමයි මුහුණ දෙන්න වෙන්නෙ.
e6d2d32413	අධ්‍යාපනයේදී ඔවුන්ට ඒ අවශ්‍ය දැනුම ලැබෙනවා
e6d2edadda	භූමිය ස්පර්ශ කළා.
e6d30d19a7	එදිරිවාදී තරඟය ලෙස
e6d3556365	මෙන්න මේවට තමයි නියම වැලන්ටයින් තෑගි කියන්නෙ.
e6d3823673	එම ධනය යොදවා
e6d3c6ca77	හර්කියුලිස් මනුස්ස ලෝකේ ඇත්තම වීරයෙක් වෙලා
e6d3cd04ef	අපි වගා කරනවා
e6d4ba52d2	අයියාගේ වාහනය ගැන නම්
e6d5b42c9a	අමාත්‍යවරයා ඇතුළු සියලු කාර්ය මණ්ඩලය
e6d619d3dc	වැඩි විස්තර සදහා උක්ත ලිපිය කියවන ලෙස
e6d62b7b16	අපේ ගේ ළඟ මන්තී්‍රවරයාගේ වාහනය නතර කරලා තියනවා.
e6d63774aa	හින්දි ෆිල්ම් එකක්.
e6d67e77fe	අගය කිරීමක් වශයෙන් මම නම් අනිවා බානවා.
e6d6e9f833	අපි කරන්න ඕනා
e6d7a28895	බූන්දි වත්මන් වේදිකා නාට්‍යකරුවා ගැන ඔබේ අදහස මොකක්ද?
e6d7dbe714	සුභාවිත ගීතයට හොඳ කලක් ඇවිත්
e6d7f4bdca	දැනට පාලනය කරනු ලබනුයේ
e6d839bd75	කියලා තමා මම ඇහැව්වේ?
e6d851a93d	වඩාත්ම භාග්‍යවතුන් වහන්සේ දකින්නට
e6d9035aef	shalani tharaka
e6d904503b	පියානෝව වාදනය කරනවා
e6d987f764	අපේ ගෞරවනීය හිමිවරු නිසයි
e6d9eae3c6	කාලිංග මේ විදියේ බ්ලොග් එකක්
e6da17cf03	ඒත් මම කවදාවත්
e6da834852	තෝ කරපු එකක්
e6daa8ea6a	hidden
e6dabfd444	එතුමාගෙ ලිපි වලට අභියෝග කරයි
e6db53451f	ඒකෙන් තේරෙනවා
e6db5410e2	වේදනා වේදනා වේදනා
e6dc2d73a5	විශේෂිත තණ බිම් අවශ්‍යය
e6dc808101	නැවතත් සිතා බැලිය යුතුය
e6dcf95f6b	විශ්ව ගැමුණු ප්‍රියංකර
e6dd031bfd	අද කාලෙ
e6dd600bb9	ගැබ්වෙලා තියෙන බව
e6dd7cc14b	එවිට කිරිඅම්මා දේවමාතාව මොණරුන්ගලට
e6dd7d2d97	ඒ නිසා විකුණන්න බෑ කියලා.
e6ddaaaf77	මහායාන හා හීනයානයට අයත්
e6ddb8ac5d	සැදී පැහැදී සිටින
e6de455f05	ගිය සතියේ කොටසේ
e6de47f520	කියන්න මට මතක නෑ.
e6de4ee512	ඉගැන්වූ සුප්‍රකට දේශානවකි.
e6de7b2488	ඇත්තටම වාසනාවක්.
e6de965524	එයට සුදුසු බව දක්වා තිබේ.
e6decda2b9	එබැවින් ජීවිතයක අවසාන මොහොත නොමුළා
e6df67ecd0	මේ රටේ විනාශ කරන්නේ
e6df7d6529	ඇහේ පිළිකාව හැදිලා
e6df912213	mushrooms products
e6e093a2c0	අය අතර හමු වී නැත.
e6e19d1c50	යම් පිරිසක් වෙත එළැඹේ නම් විශාරදව එළැඹෙති.
e6e1cd312d	නැවතිලා අහගෙන ඉඳලා තියෙනවා.
e6e25324ba	දෙනමක් පුරමින් කීමේ සිරිත ද
e6e254d0b1	ගනුදෙනුව කොළඹ දී සිදුවී ඇති නිසා
e6e31dd0f0	ආපසු මේ යන්ත්‍රය ගොඩගත්තෙ
e6e339a8c6	මේවා බල බල තවත් තොපි වෙනුවෙන් කතා කරන්න
e6e33f0ec1	කථා කළේය
e6e3431957	udayanthi kulathunga
e6e4a2b3f7	එක දවසක් නාලාගිරි ඇතාට ලොකු රා කළ ගෙඩි දහසයක් පෙව්වා
e6e5411ad8	පාදක කරගෙන නිපද වූවක්.
e6e55d9e7d	ෆිල්ම් ගොඩක් ගොඩ ගැහිල තියෙන එකේ
e6e5b9c439	අවුරුදු කීපයකින්
e6e61e2c57	රජයේ විශ්ව විද්‍යාල වලට පුළුවන් නම් ඒක කරන්න
e6e6588860	මේ උපසි‍රැසිය සිංහලට හැරවූයේ
e6e691460c	නමුත් මතකයේ තිබුණේ නෑ.
e6e69314a3	ඔබගේ ලග්නාධිපති විද්‍යස්ථානයේ බැවින්
e6e6a8c1d6	කඩුව නැවතත් කොපුවේ දමාගෙන නමස්කාර කළේය.
e6e6b83cf5	අපිට කියල නිදහසක් නැතිම හින්ද තමයි මහත්තයෝ
e6e8cadff8	තැන් ඇත.
e6e951cdbf	කටයුතු කළවිට
e6e9844846	ඔන්න දැං ඒකට චාන්ස් එක ඇවිල්ල.
e6e99127e1	සරත් මහත්තයා විතරයි.
e6e9dc44ec	මේ හෝටලයේ සුවපහසු කාමරවල සැප විඳින බල්ලන්ට
e6eb1f9dd8	ඇත්තේ මේ නිසාය.
e6ebc65505	සිංහලයෙහි එන සෑම සංකීර්ණ වචනයක්ම
e6ebd16aed	තියෙන පුංචි වීඩියෝ එක හැමෝම බලන්න.
e6ebdbb574	ඔයාලට අපේ විකියා සහෝදරයා
e6ebe0ae80	තමාත් බිසවත් තනි වීමට ඉඩ තිබේ
e6ec035e86	පෑලියගොඩට වැඩක් කරන්න.
e6ec73fd59	ලාංකිකයිනට හැදෙන්නයි මේ කියන්නේ
e6ec860290	දේවාලයේ ගේට්ටුව වැසූවිට
e6ecbb64f1	කෙසේ දැයි නොදනිමි.
e6ecbf815d	එම නාය යාමෙන්
e6ecee81d9	වැඩ ගත වෙන වෙලාවක් එනවා
e6ed2cb625	එකක් දෙකක් ඈරෙන්න ගොඩක් ඒව දන්නේ නැහැනේ
e6ede3331b	සදහම් සිසිලසින් සැනසී
e6ee4e5e30	මත අඳුන්වලා දුන්නා
e6ef360a71	fire games to play
e6ef3ab3a9	සියලු දෙනාට ආශිර්වාදාත්මක ලෙස
e6efdc7596	මෙලොවත් පරලොවත් සතුටු වන බව
e6f0065a7f	ඉන් අනතුරුව මාව හසලක ‍පොලීසියෙන් අත්අඩංගුවට ගත්තා
e6f0514bf8	ඒත් ඒ ශක්තිය
e6f0714bef	ඒකටම ඔහු බඩගෝස්තරවාදී බ්ලොග් කලාවක්
e6f16b2796	අළුතින් නීතියක් ගෙන එන්නේ නම්
e6f177ea59	මන්නාරම් බොක්කේ තෙල් සංචිතයෙහි ප්‍රමාණය පිළිබඳව
e6f2c352b7	අටපිරිකර පූජාව නිසා අවස්ථාව ලැබේ
e6f331005e	හේතු වූ පදනමක්
e6f3368848	එසේ වන්නේ ඇයි යන ප්‍රශ්නය කෙනෙකුට ඇසිය හැකියි.
e6f38f4155	රථයෙහි වේගය පිළිබඳවය
e6f3cdcb87	පලාත් සභාවට ආන්ඩුක්‍රම ව්‍යවස්ථාවෙන් බලය ඇත
e6f3f4210f	program for round robin
e6f476738c	ඇඹිලිපිටිය ප්‍රාදේශීය සභාවේ
e6f5362bad	මේ පළාත් සභා මැතිවරණයේදී
e6f5833ea1	අද ඔබ ඊජිප්තුවේ දකිමින් සිටින්නේ
e6f5c0423d	පිළිමය නොසැලී සිටින සෞන්දර්ය ප්‍රාතිහාර්යක්.
e6f5eaa12b	විරිය බලය, ප්‍රඥා බලය,
e6f6644e19	ගිණිකන වැටිලා
e6f686703c	මුලින් තිබුණ ආර්ථික වර්ධන ඉලක්ක
e6f721be1c	මෙහි එන සමහරුන්ට
e6f734cccc	කර්නල්” කෙනෙක් වෙන්න ඇති
e6f777e56f	එනිසා අවසානයේ
e6f7f11bf7	එම රැහැනේ අගින් අල්ලා ගනියි.
e6f8c97804	එය වාර්ෂිකව අලුත් කිරීම
e6f9d8aeff	ආක්‍රමණවලට යටත් වෙලා ජීවත් වෙන්නත්
e6fa4a1e10	අමතක ව ගිය සෙයකි
e6faa71dd2	ජාතික මට්ටමින් අවසාන ප්‍රතිඵලය වන්නේ
e6fb128ed0	කට්ටියටම අල්ලා ගියා නේද එහෙනම්.
e6fb3cb91b	ආසන එකසිය හැත්තෑවක් සඳහා පැවැත්වෙන මෙවර මැතිවරණයේදී
e6fc143d11	එලියට ආවත් කැම්පස් එකට ආදරේ එකා
e6fd377a4b	මහා සෑය වටා පිදෙනු ඇත.
e6fe3cea00	ඒ අරහත්වය දකින්න තියෙනවා.
e6feb135f6	අරලියගහ මැදුරේ විශේෂ හමුවකට කැඳවන ලදි
e6feb276a0	සැබෑවට ම ගත් කළ
