ea003ecbb8	විහිළුවක් හරි කරලා
ea0041beb8	මොකද විනාඩියක් ඇතුලත
ea00f3d47f	සරල ක්‍රමවලින් සේවා සැපයීම කළ යුතුයි
ea01333c9d	අරහත් මාර්ග ඵල ඥානය දක්වා ගමන් කරයි.
ea0155de0a	අන් කිසිවක් එයට නැත.
ea016112dc	මොකද පැය ගානක් මහන්සි වෙලා
ea02eac2ec	මටත් මැරෙන දවස හොයාගන්න තිබුනානම් මරු
ea0324b386	අත් දකින්නට ලැබෙන ලෞකික සුවයට
ea032bb3c0	මූලික බලාපොරොත්තුව වී තිබුණත්
ea041ad8e5	මේ විස්තරය අසෙන්නෙකුට ඇතිවන්නේ පහන් සංවේගයකි.
ea04cf8a49	සිද්ධ උන දේ
ea0511efc7	එකනේ බන්
ea052ef034	එබැවින් දහමට මේ හා සමාන උවදුරක්
ea061bf0e9	සල්ලි දෙන්න ඕනෙ අපිනේ
ea064cda55	තාත්තා මගේ හැම උපන් දිනයකටම
ea06b19fdd	මහා වංශයේ සටහන අනුවය.
ea06d74095	අවශ්‍යම වුවහොත් පුද්ගලයන්ට
ea07536d81	ඒකට නොවැ
ea07a39ef2	ඒක දීල තියෙන්නේ
ea07d13152	how to make soap noodles
ea07fccc8a	ලංකාවට ලැබුණු නමුදු
ea08a88362	මට සතුටුදායක අවබෝධයක් තිබෙනවා
ea091cbf51	මාගේ පැමිණීම ඔවුන්ට ප්‍රහේලිකාවක්
ea093a500f	එබඳු අවස්ථාවක දී ඕනෑ ම අයකු කරන්නේ
ea0952abe0	ආගමික අන්තවාදයන් සැලකීමේ දී
ea09b89409	සැකෙවින් මෙසේය
ea0a4fb63f	ප්‍රමෝදය සොයා ගන්නා බැවිනි.
ea0a6339df	බුදුන් වහන්සේ ඉදිරියෙහි මෙන්
ea0a681af1	එතකොට ඇතිවන තෙරපුම නිසා
ea0a6e5abd	අපිව කපනවා යැයි පවසමින් එළියට පැමිණ
ea0a772edc	මොනතරම් ආභරණ පළඳිනවද?
ea0aadbb15	සැලසුම් පමණක් සකස් කරති
ea0ab37231	දැන් එයා තමා තුළ ආශ්වාස ප්‍රශ්වාසයේ
ea0b237742	පටන් ගනු ඇත.
ea0ba63502	කොහොමද මේ චරිතයට එක්වර ප්‍රවේශ වුණේ?
ea0c2d44b9	ඔවුන් මෙහි කල්මරමින් සිටී
ea0dba08d7	සංසාරයේ තෙරක් නොදැක ඇවිදියි.
ea0dcb6dc2	එහෙත් ජාත්‍යන්තර පරීක්ෂණයක අවශ්‍යතාවය
ea0e8846fa	ගිහින් ඒක කරන්න කියන එකත්
ea0eca547c	එත් ඉතින් අපිම ප්‍රශ්න හදාගෙන
ea0eee7fd2	ඒ මඟින් පැහැදිලිවන නිසයි.
ea0f4cbdf9	ඔබත් දුවන්නන් වාලේ දුවනවාද
ea0fdd53eb	මොකද ඒ අය හිතුවේ ඈ
ea104e9851	ඇමතියෙක් රජතුමාට පෞද්ගලිකව කතා කළ යුතු යැයි දන්වා සිටියා.
ea108724a3	ස්පර්ශය කියල.
ea109ac5bc	මොන ක්‍රමයකින් හරි
ea113279ea	ඔවුන්ට අහිමි විය.
ea115a470e	ඊට පස්සෙ රන් කෙවිට
ea1171aca5	අද මැයි දිනයේ වෙනදාට වඩා විශාල උණුසුමක් තිබෙනවා
ea118e94bc	මේ ෆිල්ම් එක බලන්නකෝ
ea11ec8d44	අමරදේව මහත්තයාගේ චිත්‍රපට සංගීතයේ ආරම්භය
ea12c32b07	සාමන්‍ය තරුණයෙක් මයි.
ea12e10b14	වෛරයෙන් පුපුරු ගසමින් නැගෙයි
ea132c29e3	ඒ හැම විට ම මට සිතිණ
ea13481b54	තැකීමක් නොකරන ලදී.
ea13950a53	එයාගේ ගෞරවය
ea13ad90f4	මට නම් හිතෙන්නෙ
ea13affed0	සිංහලයේ ආරම්භය ගැන කියන
ea1434172e	ප්‍රදේශවාසීන් කල්පනා කරනුයේ
ea1469ebf2	කරල තියන උදවුව මොකක්ද
ea14d872f3	ඒත් ඔයා වගේ අඩි පහේ වස්සෙක් එක්ක
ea1550c629	සසර දුකින් එතෙර විය
ea1551f190	ලංකාවේ සාහිත්‍යය තුල මේක දැකපු එකම සාහිත්‍යකරුවා සයිමන් නවගත්තේගම පමණයි
ea155b7498	ජනවාරි පලමුවෙනිදා උදේ පාන්දර ට
ea156037c8	දැන් එයාට බුදුපිළිම වහන්සේගේ ඇද පේනවා.
ea156cf447	මේ ස්ථානය තමයි පෞරාණික බෞද්ධ උරුමය.
ea156ea463	බුද්ධදේශනාව තුළ අන්තර්ගතව ඇත.
ea159b011e	ශර්මිලාගේ වුවමනාවේ මුල වන්නේ
ea15f071f7	අනාගතය වෙත රක්ෂා කරන මිනිසකු
ea16ba577d	ඔවුන්ට විටමින් ඞී ආරක්ෂාව ලබාදේ.
ea170a7847	අවශ්‍ය ශක්තිය හා ප්‍රතිශක්තිය තමාතුළ නොමැති ජීවියා ද
ea1761d764	එය ඔබ ඔබට අවැසි පරිදි ආදේශ කරගෙන
ea18079efb	ලෙඩ වෙන්නේ දිව.
ea18c3ae2f	මඩ ප්‍රහාරයක්‌ වෙන්න බැරිද?
ea1909c8ba	හෙක්ටර් කොබ්බෑකඩුව මහතා ගෙන් ප්‍රනාන්දු මහතාට කැඳවීමක් ලැබුණි
ea19b890a9	එක් දිනක උන්වහන්සේ එම ප්‍රකාශය කළේද
ea19fbfb19	අත ගසා තිබෙන බව
ea1a3ebb48	මූලස්ථානය වූයේ අනුරපුර මහා විහාරයයි.
ea1ad66af8	බොරුව තුළින් මුළු ලොවම
ea1c04956a	touch feel
ea1c398d11	ඔබ කී කතාව හරි
ea1c5c5db8	ආරක්‍ෂක බැම්මක් ඉදිකිරීමට කටයුතු කර ඇත.
ea1c89f9b5	කලාව නම් එබඳුය
ea1ccd613f	අන්න එතනින් පටං ගමු
ea1d3ccdf5	අධ්‍යාපනය ඔස්සේ මානව සම්පත් දියුණු කළ යුතුය.
ea1e5e4719	grama niladhari division
ea1e670e06	සමාව අයදිනවා.
ea1ee7fe0f	ධම්මපදට්ඨකථා නම් පාලි බණ පොත් වහන්සේ
ea1eff5d11	ඇතිවන මරණය 4.
ea1f062a0d	කිරිපිටි බවට පත්කරනවා.
ea1f87b6d8	විරාගී ප්‍රීතියෙන් යුතුව
ea1fb3a364	ඒ කෙරෙහි තිබෙන ඇල්ම සම්පූර්ණයෙන්ම දුරුකළා.
ea20183bb5	පවතින සියලු මනෝවිද්‍යාත්මක කරුණු
ea2144348e	තමන්ගේ විදියට ලියන්න එපා.
ea216dc612	එක පැත්තකින් මුතු ඇට වලින් හදපු මාළිගාවක්
ea21b313be	මේ බව සැලවු විට
ea21da5ca7	පරිබාහිර නොවූවක් බව
ea223dc297	කණාමැදිරියන්ට කැලෑව එළිය කරන්න පුළුවන් කියලා.
ea224b7df7	කුසලය හා අකුසලය මැනවින් හඳුනා ගනී.
ea22d535ab	එම ජනාධිපතිවරණ ජයග්‍රහණවලින් පසුව
ea22e6006f	චෝදනා එල්ල වන්නේ
ea23046778	එක්ව බලය පාවිච්චි කිරීම
ea23663ae7	මණ්ඩලය විශාල ලෙස ණයවී තිබෙනවා.
ea23796ba6	මිථ්‍යා ගැන කතිකාවතකට යා යුතුයි කියලා.
ea23af3a8f	විදර්ශනා නුවණ මෙහෙයවන
ea23d2f4ff	වැඩපිළිවෙලක් පටන් අරගෙන තියෙනවා
ea241a8c2a	තරුණයන් සූදානම්ව සිටිය යුතුය.
ea2421427b	මේ තරම් සියුමැලි ද කළු ගල්
ea24638dea	ලකුණුයි ලබා දුන්නෙ.
ea2520267b	එඩිතරව ක්‍රියා කරන්නට
ea258178c3	නැතහොත් බැම්මෙන් පිටත යන අර්ථය යි
ea25b9048a	nirosha
ea26737999	අයුරු මනාව විස්තර කරන මෙම චිත්‍රපටිය.
ea269fedd0	කළ නොහැක්කකි.
ea275b7271	එහිදී නිෂ්පාදකයාගෙන් පාරිභෝගිකයන් අතළොස්සකට
ea281b2deb	baby images
ea28a2d68d	එය කියවන විට අපට දැනෙන්නේ
ea28d862ad	අතට යන ඒ ඩොලර් පනහ
ea290b8531	ඉතා අලංකාර දළ හයක්
ea293c3b0f	මොකද එහෙම නැත්තම්
ea294472c8	මේකෙ විශෙෂත්වය තමයි
ea294d834d	තුශාරි අදහස් කරන්නෙ
ea2995e1e4	නංගි ඉගෙන ගන්න නිසා
ea29dd4fd7	ඇත්තටම අපි අතර කවදාවත් තරහක් මරහක් තිබිලා නෑ.
ea2ae40dcb	මොවුන් ගේමක් දෙන්න ගිහින්
ea2b150964	උදා ඔබට ගොඩක් ස්තුතියි
ea2b523409	රටේ පුරවැසියන් ව්‍යවසායකයන් බවට පත් කිරීමේ අභියෝගයක් තිබේ.
ea2b99d199	එය කෙතරම් වේදනාත්මක වීද
ea2baed461	ඒත් ඇය මේ දෙවල් කරන්නේ
ea2bdf5609	mobile phones in sri lanka
ea2c70ca65	මාරයාද මහා වාතයෙන් බෝසතුන් විනාශ කරමියි
ea2c7aa068	මාත් අද රෑට දානවා
ea2c92cd22	අපේ සීය ගැන
ea2dacce1a	අමෙරිකානු සමාගම් ගණනාවක්
ea2db7a55b	edulanka
ea2dc90ee9	සේනාව තරමක් ඈත නවත්වා මෙහි ආවා
ea2df0b23d	ඊට පස්සෙ වැලිකඩ හිර ගෙදර හරිම ජංජාලයක් වුණා
ea2ed16aac	පුරුදු කරන්න පුළුවන් කියලා ප්‍රකාශ කරලා
ea2ff8d37e	ගන්න එහෙම කතා කරනවා
ea306ab5c7	බිනර පුන් පොහෝදා සිදු විය
ea30f3c47d	අමාත්‍යවරයා විවාදයට ඇරයුම් කරනු ලැබුවේ
ea31615e8c	තවත් සුපුරි එකක් ගේන්නකො ඉක්මනටම.
ea33c19450	එතකොට අපට හමුවෙනවා
ea34406d0e	බදුල්ල දුම්රිය මාර්ගය
ea3448103b	ගිහිව සිට සුවසේ සැප සම්පත් විඳ
ea34574d03	ඔය දුක් ගීත ලියන හුඟක් අයට
ea346fbd2d	ලොකු අවබෝධයක් ඇතිවුනා.
ea3488f31e	අන්කෙලිය තහනම් කරලා තියෙනවා
ea34eb795e	එහි සම්ප්‍රාප්තිය
ea355f45ec	තාත්තා මාව යොමු කළේ
ea36ec04e9	තාත්තා හිටියා නම් මීට වඩා
ea36edff4c	කටු ඉඹුලේ නගින්න වෙනවා
ea37516b86	එමෙන්ම චතුරාර්ය සත්‍ය නොදත්
ea37565cba	ඊට පස්සෙ ලී පටි දෙක එකට තද කරල
ea37fceffb	සුදුසු පර්යාය පදයක් වන්නේ, 1.
ea38e1c5a1	භාවිතා කොට තිබේ.
ea39718285	ඇත්තක් තියනවනෙ මල්ලි.
ea3b019d6e	මුල්ලේගමට යන පාරේ ගමන් කරමි
ea3b384287	මුහුදු වෙරළ කළුවර හැමදේම වෙනස් වෙලා
ea3baa5494	එතකොට අපිට බැරියෑ
ea3c838c17	මෙම සහනය භුක්ති විඳින බවයි ඔවුන් ප්‍රකාශ කළේ
ea3c84a065	සාමාන්‍යයෙන් අපි කරන්නේ
ea3c9b5d76	මැදින් මස අව අටවක පෝය
ea3cd4e861	එම සැළකිලි
ea3d7f7f7f	හාල් පාරුවා නම් වදන
ea3e777266	ඒත් මචෝ මේකට
ea3eb88696	අප කතා කරන්නේ
ea3ed8deb4	ඒක කරදරේකින් මිදෙන්න
ea3ef607ac	අනිත්‍ය වූ අරමුණු දැනගත යුතුයි.
ea3f67081c	වජ්ර පර්වතය සිඳ බිඳ දැමුණත්
ea3ff881df	ඒත් තවම ඒවා කිසිවක්ම
ea400f82ad	දෙවියන් අතරත්
ea4053880f	පූර්ණ වශයෙන් ශ්‍රී ලංකාව තුල
ea40837b2a	බුද්ධ දේශනය අනුව
ea40de1417	ඔය පත්තරය බලන ගමන්
ea40fcd422	එතනදි ඇයට අපූරු ශල්‍යවෛද්‍යවරයෙක් මුණ ගැහෙනවා
ea41641dba	හිතට අප්පපු එක ගැන සතුටු වෙනවා
ea41b73af0	මේවායේ කතා රසය
ea41cdf09c	උත්තර දෙන එක තේරුමක් නැහැ.
ea41e2f353	බුදුහාමුදුරැවෝ අපට පෙන්නලා දීල තියනවා
ea4213e56d	කන්න ඕන වුනාම
ea42f61418	තණ්හාව පාලනය කර ගැනීමෙන් පමණි.
ea430838a8	tourism
ea4326b30a	විෂ්ණු අසුරයන් පරාජය කිරීම සදහා
ea4330ab3d	පකිස්ථානය හා ශ්‍රී ලංකාව ඡන්දය දීමෙන් වැලකී සිටියහ
ea43562315	කර්මය යනු
ea44ad054f	ඉතින් ඇත්තටම කියනවනම්
ea44eaadd4	උත්තරයක් දෙන්නම්.
ea458acb99	උඹ මේ ලියල තියෙන්නෙ
ea469bb43f	භාර හාර වෙති.
ea46bf0e9b	කළමනාකරණය කරගත හැකි නිසා
ea46c1aca3	ඒත් මිනිසුන්ගෙ හිත්වල තියෙන
ea47144856	ඔබ එම ශිෂ්‍යාවගේ
ea474c4c01	ගායනය කිරීම නොවේ.
ea47755e32	අපි එයාලට කොපමන ආදරේද
ea479a51b6	මෙම රාජ්‍ය කේන්ද්‍රික අධිපති දෘෂ්ටිවාදීන්ගේ
ea47c1f87e	එත් අද මිත්‍යා දෘෂ්ටිකයින්ට සම තැන දීල
ea47ccb4bf	සාක්ෂිකරුවන් දෙනකුගෙන් ප්‍රකාශ
ea482e39c1	කන්ද උඩරට ප්‍රදේශයේ
ea484cd4f9	බුද්ධ ශාසනයේ දියුණුවට.
ea4864be86	කියා සිටින්නේ.
ea486b293e	ඩාන්සින් ස්ටාර් චිත්‍රපටයේ ප්‍රධාන නිළිය
ea486f59b4	එබැවින් විශ්මිත හා හාස්කම් වලින් සපිරි
ea48b9bbb2	ඔහු වාදනය කරනු ලබන ගිටාරයද
ea48ffce44	සමාජ ක්‍රමය පවත්වාගෙන යාම
ea4935ffd3	මුළු රටම එසේ එකමුතුව ක්‍රියාත්මක වුවහොත්
ea49697a85	තේරුම් ය.
ea497ae9eb	අපි සපත්තු තියල
ea498dd8fa	වැරැද්ද පෙන්නුවේ හදාගන්න මිසක් මෙතන පොර වෙන්න‍ නෙවෙයි.
ea49b57913	ඇතැම් ව්‍යාපෘතීන් ඇරැඹුණා.
ea49d4f650	අද තායිලන්තයේ වන්නේ මෙයයි
ea4a0f846b	ජනතාව දුරස් වී සිද්ධිය බලා සිටින්නට වූහ.
ea4a57873c	එමගින් තමන්ගේ ගැන තියන හැකියාව බලනවා
ea4ae94634	මහ විකාර හිරිකිත දවස්.
ea4b150420	පුරාණ ගෞතම බුදුන් වහන්සේ ය
ea4b2295d1	බුදුසමය දෙගුරුන්ට ප්‍රමුඛ ස්ථානයක් ලබා දෙයි.
ea4bb6d5ff	ඇහැරිලා ඉන්න
ea4bc52b1f	මේ සඳහාත් විශාල මුදලක් වැය වේ ය
ea4bd42eff	උපකරණ හදල තියෙනව.
ea4c0e7957	බුදුරජාණන් වහන්සේගේ ශ්‍රාවකයින් සෝවාන් වුණා.
ea4c484f9a	මුද්දර පාට පින්තූර හුවමාරු කර ගැනීමකට
ea4c664ee2	මැඩියන්ට කුමක්ද සිදුවූයේ කියා සිතමින් සිටි රජු
ea4c851a1d	ස්තුතියි! කතන්දර හාමිනේ
ea4ce71e99	තෑන්ක්ස් විකී අය්යේ මැක්සා ෆිල්ම් එකක්
ea4daff00e	මේ කතාව කියන්නේ
ea4e32987a	ජීවමාන ප්‍රමාණයට වඩා විශාල ලෙස ඇඳ ඇත.
ea4e97fca0	හැඳින්වෙන්නේ කවර නමකින් ද?
ea4ec94070	derana news
ea4f6686c3	සම්මා දිට්ඨියෙන් යුතුව සිටීම
ea4f947766	ඒත් ඒ ජයග්‍රහණය ඇත්තටම අයිති කෙනාට
ea4fd6e9f2	මේවා විවිධාකාරයෙන් පැමිණ
ea500160ef	ඒ අරාබියෙ මොකද
ea500aee8d	වාර්තා ගෙනහැර දක්වයි
ea50ab0673	ප්‍රථමයෙන් මාර්ග ඵල ලැබූ
ea50baaee4	urethra
ea51433b74	the twiligh saga: eclipse robert & kristen
ea52edc800	අන්තිමේ අපේ කණ්ඩායම
ea5306d648	ඔබ වහන්සේගේ මෑණියො
ea5368c7f3	මාධ්‍ය අල්ලා ගත් විට වසා දැමිය හැකි යැයි
ea539f558f	පාපී අධම යුගයකි.
ea53af07b0	භාරතයේ ආභාසය ආදියේ සිට ම
ea53b0f80e	සිංහල පවුල් කීපයකට වාස භූමි වූ
ea53cb0738	දල ලෝම සහිත පනුවන්
ea53ed7d03	ජීවිතය සුන්දරත්වයට පත්වෙන්න
ea53fdf822	අවුරුදු තුනක් වෙනවා.
ea546c1a0d	මාරයා සහ සේනාවද
ea54b5f5bd	මේ දුකින් නිදහස් වෙන මාර්ගය කියා දෙනවා.
ea5539aa62	උගත්කමට ගැරහීම
ea5627c019	දිගින් දිගට ම එවැන්නෙකු අතින්
ea56628acd	එනම් ලොව බිහි වූ මුල්ම ජීවියා
ea56e113e5	බලන්න එහෙනම් හරි.
ea570fabbb	පහළොවක් පමණ වන අතර
ea5714d3f7	මිහිඳු මහ රහතන් වහන්සේ
ea5783dd39	ඇයි ඔයා ඔය කියන වචන දාලා
ea58cc2ca7	ගේ හදන කාලෙදි
ea599fca68	එය කරගෙන යන ලෙසය
ea59d965d5	නැවත වරක් ඒ ආදරයේ
ea5a540a93	තව දුරටත් ඔඩු දුවමින් පවතී
ea5a562ac1	සූත්‍ර දේශනාවල ඇතුළත්ව තිබේ.
ea5b01cae6	අද සමාජයේ මෙවැනි ළමුන් අප අතර සිටිනවාද
ea5b24af78	නමුත් කූඩ හඳුන්වාදීම
ea5b3fd2a9	parrot
ea5b525f84	මොන තරම් නූල් ඔතන්න ද?
ea5bb8ae72	මිනිස්සු දැනුවත් කරන එක
ea5bce4f6e	හේතුඵල දහමකි.
ea5c58534f	වේදනාව ප්‍රමුඛ වන බැවිනි.
ea5c988871	වෙනත් මානයක් වෙත යනවා.
ea5cb313fb	මේ ද්‍රෝහීන්ට යළිත් වරක්
ea5d5c6f84	ඇය අදාළ තැනැත්තියගේ දියණියක් බව
ea5d94bb39	බොහෝ පින් රැස් කරන්න පුළුවනි.
ea5df033ea	ප්‍රවාහනය කල හැක්කේ
ea5e30bcee	එබැවින් අපි ඒ සම්බන්ධයෙන්
ea5f09945f	සතුටු කළ හැක්කේ
ea5f0d5c40	කිතුනුවෝ සමහර ඒක දේවවාදී ආගම්නුත්
ea5fadfd91	එහෙම වුණත් දැනුත් ටවුන් එක ලංවෙන කොට
ea5fea5ce2	මීට කලින් ලිපියෙදී
ea600a8e23	අන්තර්ජාල සම්න්බන්ධතාවයට ගොස්
ea60cec360	ප්‍රධානම බලවේගය වශයෙන්
ea60eb46a4	ඔයාලා ආසාවෙන් බලන ඇරෝ
ea61ce5831	ජීවිතද අපට මෙහිදී
ea620d0690	තීරණ ගැනීමට
ea62172c3c	එය දැන් මේ සමාජයේ මිත්‍යා මතයක් බවට පත්වෙලා
ea62454e15	සිය ෆේස්බුක් පිටුවේ සටහනක් තබමින්
ea628aef0f	නෂ්ඨාවශේෂ සාක්කි දරයි
ea62de4107	අනෙකුත් මාංශ අනුභව කරමින්
ea634f01fa	අගෝස්තු වලත් අකල් වැහි වහිනව.
ea641940d0	මුල්ම තීරයට පටන් ගන්න මංගල දැන්වීම් තියෙන්න ඕනනේ.
ea642fbaa6	උබ දැකල තියනවද
ea6554d4b9	දක්වා ඇත්තේ දැඩි රුචිකත්වයකි.
ea65795f0c	නයෝමි යළිත් රංගනයට එක් වූයේ
ea65e86500	මෙහිදී බමුණා අමතා
ea662591a4	ඔබ ඔය දාන ලිස්ට් එක
ea6631df07	එහෙත් එක් අලියකුටවත්
ea666f81ce	මොකද එහෙම ඉන්ද්‍රියන්ට ගෝචර නොවන
ea66ca4a88	පුලුවන් නම් හදලා දෙන්න.
ea6778c3aa	එතැන සිට නුවරට එනතුරු
ea679e340d	පඩි පෙළ දිගේ කන්ද නැග්ගත්
ea6811e4c2	මද කට හෝ සිතින් ඉවත් කිරීමට
ea6877b67d	අවශ්‍ය වුණොත් එම රහස රැක ගැනීමට
ea687a9a17	සැමියා විවේක සුවය විදින වේලාවක
ea68cbbc0b	ඉන්න හොඳම කෙනෙක්
ea6950391d	අයුක්තිය යුක්තිය කිරීම සඳහා
ea695936a8	අගය නොකර
ea69ae0243	පාත්තයො එහෙම නැත්තම් පැරෂුට් කියලා තමයි
ea69f85785	ලෙස සැලකිය නොහැකිය.
ea69f89dd3	කශඔයු කියන කෙනයි ඇලිසා කියන කෙනයි
ea6a4c65ed	තරක කරන්න වගේම
ea6a6b1180	ඔයා දිගටම
ea6a89bdcd	මෙය මුල්ම සමන්දේව පෙරහර ලෙස
ea6aa0f6e4	සහතික ඇත්ත.
ea6aec7437	බොහෝ දෙනා නොදන්නා රහසක් ලෙසින් පැවතීමයි.
ea6b115bc3	මහා විහාරය ගෙන ඇවිත්
ea6b6461e8	ඇනෝ අයිතීන් සුරකිමු !
ea6b6e9f61	මහ රජතුමනි, මම තරුණ වයසේ දීම
ea6bdd90f6	එහෙම එකක් නෙවෙයි.
ea6be52f94	videos in sri lanka
ea6c057788	fun quizzes
ea6c568374	උණුසුම් දිය රැල්ලක පැද්දෙමින්
ea6c8adef6	ඇමතිවරයා පෙන්වා දෙන්නේ.
ea6cd0078d	මුරගල ඉදිවූවද
ea6d24300f	පේසා වළලු දෙකක් පමණි.
ea6d66c4e1	අපි ආයෙමත් පරණ විදිහටම ගරු කරනවා.
ea6d6f99fd	මොකක්ද කියලා විකාර කරපු වෙලේ
ea6dcf8c68	එහෙත් අවාසනාව
ea6dfee04c	අපනයන වැඩි නෙවන අවස්ථාවකදී
ea6e35a68c	සර් විලියර්ස් නියම වතු හිමි වැවිලිකරුවකු වුනේ.
ea6e77e3ae	සිහිපත් කරල දෙනකොට
ea6f98ce9a	ඒකෙන් මුලු දිවයිනක් පුරාවට
ea6fd5d775	ඒව කියල කොහොමද නේද
ea7000e3f5	කෙනෙක් වෙනවා.
ea704f19f4	වෙබ් අඩවියේ ඇති බවයි
ea70944ffa	යුද්ධය නඩත්තුකිරීමට විශාල මුදල් ප්‍රමාණයක් වැය විය
ea71672e65	අනෙක් විශේෂත්වය තමයි
ea71c50ede	ඉරිදා හවස පන්ති කරන්න කියන එක.
ea71ffe7ab	සේවය කළේ දික්සඳ සෙනෙවි පිරිවෙනෙහිය.
ea7251c8a6	එම රෝහලට පැමිණ සිටියාය.
ea72a695b9	මහා රජ්ජුරුවන්ගේ කෘෂිකර්ම ඇමති
ea72aadd19	දේපල විනාශ කරලා
ea735555b5	සම්පූර්ණකර ඔවුන්ට සියලුම ආකාරයෙන්
ea7409e254	බෙදා ගැනීමට ස්තුතියි!
ea74325c42	මේ සඳහා කරුණු කාරණා විමසා බැලීම
ea7453366c	දෙවඟනක නමින් හැඳින්වීම ද කාන්තා නියෝජනයකි.
ea747de9c3	ඒත් මේ පුද්ගලයා ක්‍රමයෙන්
ea74ad8dd6	පැහැදිලි කරගැනීමට
ea74b04f9a	ආසනික් පර්යේෂණ කණ්ඩායමේ සාමාජික වෛද්‍ය චින්තක විජේවර්ධන මහතාද පවසයි.
ea75843f58	එයින් විභංග වර්ගයේ පමණක්
ea769dee03	අනේ අය අපායට ද යති.
ea77620661	අද පහ හය ශ්‍රේණිවල පාසල් දරුවන්ට පවා දීම
ea776b5234	උන්ගෙන් සල්ලි ගත්තත්
ea77abeb41	ප්‍රමුඛ සාධකය වන්නේ ශ්‍රමය ය
ea7836d2ad	මට හමුවුණේ
ea78e7519b	ඒ ටිකත් අදාල කර ගන්න හිතුනෙ.
ea7a2c7e99	ප්‍රතිඵල හරියටම හරි
ea7aa0fcaa	එඬරු තෙල් දොස්තර සහ අනෙක් වාමනයෝ
ea7ab60591	එතකොට එයා නිරය තුළ තමන්ගේ ක්‍රියාවට අනුරූප වූ
ea7ac93886	අධිරාජ්‍යවාදී යුද්ධය සම්බන්ධයෙන් නම්
ea7b48d80d	අප්පච්චියේ කෙල්ලො කොල්ලො
ea7b8487b1	ඒත් මේ මෑතක දවසක
ea7c21a492	එතකොට මම එළියට ආවට පස්සේ
ea7c816899	ඒත් ඔවුන් එසේ කරනවා.
ea7d1773f4	මාර්ටින් වික්‍රමසිංහයෝ මෙසේ පවසති.
ea7d7519c9	කරලා විතරයි
ea7db3d54b	තවමත් නොනැවතී ශ්‍රී ලංකාව පුරා නොනැවතී ගලායයි
ea7dc7d095	මාරුකර යවා ඇත.
ea7e51b7fe	එය කැමරාවේ සටහන් වන්නේ
ea7e91cd71	මේ සම්බන්දෙට.
ea7ee6de39	දවස්පඩියට කුලී වැඩ හරි
ea7ef10999	ඔය වගේ එකක
ea7f466142	කප්පාදු කිරීම ආණ්ඩුවේ සැලසුම බවයි
ea7f6ea415	ඉතිං අපේ බුද්ධිමත් හරක් ටික රැවටිලා ආයෙම ඡන්දෙ දෙනව
ea7fa3a5ce	හැමෝම උත්සාහ කරන්නේ
ea80903d74	ඒ ධ්‍යානයන් නො පිරිහි
ea80e53bb7	පරක්කු කරන එක නම් එච්චර හොඳ නෑ.
ea80fa778a	එකල්හි ඔවුුහු
ea8119e1f8	තට්ටු කර විමසිය යුතුව තිබේ
ea814c03ff	එය බටහිර ප්‍රස්තා පිරුළකට අනුව
ea820f3a2b	සෙසු ජනතාවටත්
ea82163fb8	අමතර ප්‍රතිපාදන අවශ්‍ය නොවේ.
ea827cad61	පටලවා නොගත යුතුය.
ea8346f38b	අඩුගනනෙ අර මදුරුවා පිටේ එන නෝනලවත්
ea83492b46	බුදුරජාණන් වහන්සේගේ දේශනා හා ඊට ආනුශංගික දේශනාවලට
ea83995688	විශේෂඥ ගුරුවරුන් ලවා ඉගැන්වීම
ea83dc4c52	තමන්ගේ දරුවන්
ea83e21b6c	ගමේ අයිය කෙනෙක්.
ea8407a7ca	තීරණය කරන්න ලෙඩ්ඩුන්ට පුලුවන්ද?
ea8419e180	ඇති වන්නේ නැත.
ea84823e39	වැඩිදුර කරුණු හෙළි කරනවා
ea857c6dd0	විරාජ් ස්තුතියි
ea86224861	පලමු උපසිරැසියට උණුසුම් සුභපැතුම්.
ea8632698b	political parties
ea86562b15	පිරිත් පොත බලා ගෙන කියවාගෙන යාම හෝ
ea8679fb05	අධික වේගය අනතුරට හේතු වන්නට ඇති බව ‍පොලිසිය කියයි
ea86d81b64	spring
ea87327c42	ඔතන තියෙන්නෙ
ea878f956b	අනික බොහෝ දුරට වැහිල තියෙන්න පුළුවන්
ea881bc699	බ්ලොග් එකට එන නිසා
ea882d0792	අනෙක් ජනයාට හිතසුව
ea8844fe42	තුන් සිවුර පිළිබඳව
ea892e0638	ආර්ය ශ්‍රාවකයා හැඳින ගත හැකියි
ea894a0423	දෙහිවල පිහිටි ජයසිංහ ක්‍රීඩා පිටියෙනි
ea896151cd	අනිත් පැත්තේ රැලි රැලි වගේ තියෙනවා
ea89ace5d4	එතුමා ඒ තරම්
ea8a0a8336	මිත්‍රත්වය පදනම් කරගෙන තිබෙන අයුරු පෙනේ.
ea8a323ed2	ඔවුන් දෙදෙනා ඉහළට පියඹා
ea8b682890	සක්මන් කරමින් අකුසල් දුරුකරයි වශයෙනි.
ea8bdcd64c	පිටුවහල් කරනු ලබනවා.
ea8c7a29b7	උන්වහන්සේ වදාළේ තනියම ජීවත් වීමට
ea8caca2aa	අප පිළිගත යුතුවේ
ea8d31cd00	මට තව කරුණු කියන්න තිබෙනවා
ea8d7bab2a	අනිත් අතින් මෙම ප්‍රදේශයේ ජනතාවට
ea8d8a4106	මෙසේ සැරියුත් මහ රහතන් වහන්සේගේ පරිනිර්වාණය සිදුවූයේ
ea8dcaf2b0	මොකද මේ කතාව ගලාගෙන යන්නේ
ea8ded52fa	බෝධි සත්වයන්
ea8dfca29c	දැන් මේ දෙන්නම ඉන්නේ
ea8e957246	සන්ධි ස්ථාන නියෝජනය කරන
ea8ef30817	එකම ප්‍රශ්නය උක්ත ආඛ්‍යාත ගැලපුමක් නැති එක
ea8f299f43	එම වචන කිහිපය
ea8f512b74	අප වෙත එවිමට කාරුණික වන්න.
ea9016a435	මේවා දාන්න කන කට්ට
ea90487fae	අනිත් අයටත් දේශනා කළා
ea909cd8c8	එක ආගමක වත්පිළිවෙත්
ea90e8d70f	සම්පූර්ණයෙන්ම විරුද්ධ කථා මාලාවක්.
ea90f56901	අප අපම මරාගෙන මැරෙන්නට අටවන උගුල්
ea918c3703	shakira
ea93aa9098	ඉතින් අම්මයි අප්පච්චියි කාර්ය බහුල වුනාම
ea9436b5e7	කුස්සිය පැත්තේ එන්න තහනම්.
ea944e8e11	හෙමින් රහසින් මුමුණා
ea944effc0	මරණීය පාපයක් ද වන බැවිණි.
ea94b5b3bb	sell
ea9538f1de	හොඳ හදවතක් විතරයි.
ea9597fecd	ඉන්දියාවේ බෞද්ධ ප්‍රදේශ සම්බන්ධයෙන්
ea96249445	බලාපොරොත්තු වනවා.
ea96a6875e	නඩු නිමිත්තක් සපයන්නාවූ කාරණයක් පමණක්
ea97abeda7	අවාසනාවට ලේඛකයා හට පළමු වතාවට
ea981d326e	අපිටත් වඩා ප්‍රභාකරන්ව මරන්න
ea982632dc	latest cotton shalwar kits photos
ea99fd95fe	තාමත් අප සැමටම මහා පුරස්නයකි
ea9a04be9b	උඹලා මේ ආගමේ අයිතිකාරයො වගේ.
ea9a44d13c	විකල්පයන් නිකුත්විනි.
ea9a88d0b8	උපසිරැසි එක්කම බලන්න කියලා.
ea9a934356	ඔබ දන්නවාද?
ea9aa624b3	මොලේ පෑදෙන හැටි නම් අපූරුයි
ea9ac3bd30	මෙහි එක් පැත්තකින්
ea9b72bc79	අනික සමාජය කියන්නේ අපිමනේ
ea9bc87fc6	ඊලග එකටනම් මෙච්චර කාලයක් ගන්න එපෝ.
ea9bee6e36	ඔබට කියවිය හැකි සේ ලබාදීමයි.
ea9c6d882b	හරි කියමු බලන්න
ea9c89d164	මේ දියුණුව ලබාගන්නේ
ea9caddee8	බුදුරජාණන් වහන්සේගේ ජීවමාන බුද්ධ කයට
ea9d408831	hidden objects online game
ea9d46303e	වර්තමානය දරුණු ඉරණමකට පත්වීමට කරුණු ඇති වෙනවා.
ea9d5d12ed	සැබවින්ම මාතෘ භූමියට ජාතියට
ea9db3324f	මේ අතර කොසඹෑ නුවර
ea9dc072f0	ඉඩම් නිසි බලධාරීන්ට භාරදිය යුතුයි
ea9dc3b34d	බොහෝ දුරාතීතයට දිව යයි.
ea9de5e370	උබ කියල නම දාගත්තට වැඩක්නැ
ea9eb0589d	මේ අන්තිම කතාවේ කතා නායකයා
ea9f04f30e	මා කියන්නෙ නෑ
ea9f449156	එබඳු අවිද්‍යා සහගත විද්‍යාවක්
ea9fab04f3	ඇය කුරාම් ඉන්න පැත්තට යන්න උත්සාහ දරනවා මම දුටුවා.
ea9fb9dbbf	ඔබ සැමට සුභ පාස්කු මංගල්‍යක් ෙව්වා!
ea9fd231a5	අධිකරණ ක්‍රියාදාමයට සම්බන්ධ හැම දෙනාම
ea9fe517ce	මේ රටේ විශ්වවිද්‍යාලයක් නො මැත්තෙන්
eaa08e6b95	compost photos
eaa0cfd625	ශ්‍රී ලංකාවේදී කාන්තාවක දූෂණයට ලක් වන බවයි
eaa116fca2	එච්චරකටයි නෙව
eaa1687a15	මෙම විහාරස්ථානයේ ආරම්භක විහාරාධිපතීන් වහන්සේගේ තොරතුරු
eaa19edd0e	ඕනේ විදිහට ඉතිහාසය වෙනස් කරලා වගේ.
eaa30aec95	ශරීරයට ලැබෙන්නේ දවසට බත් පිඬු තිහකි.
eaa3561d32	මුළු සමාජයම
eaa3763f57	winx club mp3 download
eaa38d903e	සම්බන්‍ධව දැක්වූ උනන්‍දුව නිසාය.
eaa3a6a304	අකිලගේ අප්පච්චි හැරුණු කොට අනෙක් හැමෝම හිටියා
eaa48d9802	භාග්‍යවත් බුදුපියාණන් දවස
eaa4ffc236	ඔහු සඳහන් කරයි
eaa5effc5d	මොරොන්තුඩුවේ ශ්‍රීපා නාහිමියන් වහන්සේ වැඩි දියුණු කළහ.
eaa684a195	නීතිපතිවරයාගේ අභියාචනය පිළිගත්තේ
eaa6b85879	මෙයින් වැටහෙනු ඇත
eaa6efb8d4	මම එකතු කරලා
eaa711c1af	එම නිසා මෙම ගැටළුව
eaa72b0d80	තම පියාණන්ගේ ඉල්ලීමට අවනත වූ සේක
eaa73648bf	එනම් පිරිනිවන් මඤ්චකයේදී
eaa764f52e	හරයක් නැති නිවට ක්‍රියාවක් වී ඇත්තේ
eaa77e845b	බෝධිසත්වයින් වහන්සේගේ උත්පත්තිය
eaa7bcff4e	ඉස්මතු කර ගත හැකිවේ
eaa7f849ff	ප්‍රණීත රාජ භෝජනයක
eaa843a908	කුට්ටි කපලා උයා ගන්නවා.
eaa89a5af1	විශාල ගල්ලෙන් විහාරයක් රුහුණේ දී දැක ගැනීමට පුළුවන.
eaa9058b66	ග්‍රාම නිලධාරීවරයා හා එම වසමේ ජනතාව
eaa969cf81	ලියුම්වලට උත්තර ලිව්වා
eaa97b8909	මගේ එච්චර කැමැත්තක් නෑ.
eaa9dbf2ce	යමක් කිව යුතුය.
eaab10041e	හැම අවස්තාවකම අප්‍රකාශිත බලයක්
eaabc4a14d	අවතක්සේරු කළ යුත්තේත් නැත.
eaad8c7b98	ග්‍රාමීය සංවර්ධනය වෙනුවෙන්
eaae0d796f	එක්කෝ සසර ගැන කතා කරලා
eaae51b279	එහිදී මුස්ලිම් පල්ලි කඩා
eaaeb82fcb	ගණනාවක් තිබිය හැකිය
eaaec620fc	එම ලිපියද ඉතාමත් වැදගත් වන බැවින්
eaaf854a3b	ඊට වැඩියෙන් ජිවත් උනා.
eaaf8afbb7	සෝවාන් මග ඵල පැමිණ
eaaf95c661	දැකිය හැක.
eaafbfb8c7	සල්ලි සේරම අර ගත්තට පැනලා යද්දි
eaafe566e2	බොහෝ දුරට ස්වාභාවික ලක්‍ෂණවලින් යුක්ත විය.
eab00e32c2	ගුප්ත වනාන්තරය
eab027bb3e	කාන්තාර මාර්ගයක තියෙන හෙවන ඇති ගහක් ලෙසටයි
eab0425f99	පලයන් කෙල්ලේ යන්න.
eab0b0f7ff	ඔය සරත් වෙනුවෙන් පෙනී සිටියේ
eab13bbda5	දියවඩන නිලමේ ප්‍රදීප් නිලංග දෑල මහතා
eab1e07854	ආශ්‍රයක් ලැබිල නැති ගෝත්‍රයක් ඉන්නවා.
eab22bc7c6	උත්සාහ කරන්න.
eab3f45c81	මොකද මෙතෙක් කල්
eab40421ad	පාලන සමය තුළ රදළ පවුල්වල
eab41ed9d9	එම අවස්ථාවේ අමරදේවයන් විසින් නිර්මාණය කළ අපූරු කවිය
eab45a3ff2	සේරුවිල නාමය තිස්ස මහා විහාරය නමින්
eab49de349	best wishes cake pictures
eab4dd4e68	යන විශ්වාසය
eab5dd53ed	මට හිතෙන්නෙ නෑ
eab5e03bce	අනෙක් ඇඩ්මින් වරුන්ටත්
eab69f99c4	hybrid logo.png
eab728c44c	ඒ සඳහා අවශ්‍ය රැකවරණය සම්පාදනය කිරීම
eab798dbf4	ඒක තමයි
eab7ec2629	එකට ගැලවුම සිරිදම්ම
eab84cca55	ඔබගේ කතා මා බලන්නේ
eab857e1e0	එහිදී මෙම සිසුවා
eab8750d6f	අගයක් අරන් තියනවා.
eab93c8833	යාගයක් පැමිණි කල්හී
eab9b0e8e8	මෙහෙම වියදම් කිරීම නිසාය
eaba5835cc	හිඟුරාණට යන්නෙ
eaba6dab8a	එහෙත් එය නත්තල තරම් කැපී නොපෙනෙන්නේ
eaba94d9c0	සිහින නොපෙනේ.
eabaf7e5f0	බෝසතාණන් වහන්සේ කළ දානය නම් වූ වික්‍රමය
eabb462365	සතුන් මරණ අදහසින්
eabb7b8077	vatican news
eabb838622	ඊට යටින් තව පණිවිඩ රැසක්
eabc3b9fb4	ඔවුන්ගේ නියෝජිතයින්ගෙන් ප්‍රබල හඬක්
eabdc4b25e	මීට පෙර සාදන ලද
eabdf08139	මේන් අත්දුටුවයි සත්තයි
eabe4d3955	මෙය වැඩිහිටියන් මෙන්ම
eabf09a47a	නූතන පරපුරට
eabfe2cdb6	ඒක තේරුම්ගත හැකියි
eac03fec2a	වනාන්තරයේ අක්කර දහයක පමණ ප්‍රමාණයක්ද දැවී තිබිණි.
eac0e387b9	අපි යද්දි
eac36d7778	පිරිමියා සතුටු කරන්න නම්
eac46992f1	ඒත් එදායින් පස්සේ
eac4a37b96	කවුරුහරි ඇහැට අනිනකං
eac4ae7fd8	තවදුරටත් නුවණින් විමසා බලන්නට පුරුදු වෙනවා
eac4f1e799	එහිදී ලැබුණු පොරෝණයකි
eac5a9ea02	බොරු සද්දෙ විතරයි.
eac6435a91	අන් අයගේ රෝගාබාධයන්ට ප්‍රතිකාර ලබාදීමේ හැකියාව පවතින බවයි
eac651b1aa	අන්තිම පද දෙක මොනවා කිව්වත්
eac65d8527	එම ප්‍රහාරය සම්බන්ධයෙන්
eac6e96fc4	අපහාස නොකරන තාක් කල්
eac72702ad	ඉතිහාසගත විදියට ඉල්ලගෙන කෑමක්
eac800b53d	www.odesk.com
eac8999201	ආගමෙන් යම් තාක් දුරකට අන්තගාමී වී ඇත.
eac8c622ee	අනේ යාලුවනේ
eac9731ee5	මී වදයක් හදන්නේ
eac9b8f23e	බෞද්ධයෝ මෙසේ දුක කෙළවර කිරීම
eaca7c6736	මෙම කැරැල්ල පැතිර ගොස් තිබේ
eacaa69820	උඩ බලාගෙන නිවටයෝ වගේ ඉන්න
eacaa718ea	රෝගී විකෘති මානසික ස්වභාවයක් ඇත්තේ ද වෙයි.
eacadecf9e	සෑම ඉරියව්වක සිටම
eacaf58ad4	මේ වන විට දක්නට ඇති අතර
eacc1a0fab	අපේ සිතට ගලා එන
eacc20ee35	ප්‍රශ්නය මඟහැරීයේ ය
eacce788d7	ඔන්න ඉවරයි
eace2f20c6	රජතුමා දානය පූජා කරන විට
eace48ed86	එහෙත් අහසේ පියාඹන විට
eace58a321	එහෙනම් අනිවා බලන්න
eacedf3ac0	තුති ඔබට ජය.
eacf1e68eb	නිර්වාණාවබෝධය සඳහා බෙහෙවින් උපකාරී වෙයි.
eacf7c6540	ලංකාව සංධීය රාජ්‍යයක් කියල.
eacf9b0f3a	ගමනාගමනය හා විදුලි පහසුකම්
eacfcf8b56	එකක් දෙකක් ඈරෙන්න ගොඩක් ඒව දන්නේ නැහැනේ
eacff2324b	එහි නියැලෙන චරිත
ead0764bef	sri lanka travel tips
ead08d3b3a	ඔළුව වෙනම රෙදි කැබැල්ලක ඔතලා තිබුණා.
ead0c60817	බුදු දහමින් ප්‍රධාන වශයෙන් පහර වැදුණේ
ead108cbd7	ඉතාම සැලසුම් සහගතවයි ගැහැනු මිනිස්සු වැඩ කරන්නේ
ead10c748b	අන්තර්ගත තවත් ආරක්ෂිත ක්‍රමවේදයක්
ead14c3b6a	මට නම් වඩා හොඳයි.
ead1ab077b	බිඳවැටුණු ප්‍රේමයක් පස්සේ
ead23c5481	එයින් අදහස් වන්නේ ස්වල්පාර්ථය නොව බහුලාර්ථයයි.
ead33dde98	හැබැයි ඒ වෙනකොටත්
ead33ea630	ඇයි මොකෝ
ead36a8870	මට සමාවෙන්න
ead441423c	අවසන් වන තූරු එය
ead463091f	තැනකින් ඔය ඇත්තන්ට
ead482cb6e	අටුවා සාහිත්‍යයෙන් ලබා ගත හැකිය.
ead4aa9a3c	ඈත්වෙලා නැහැ.
ead52a9530	අසා තිබු නිසා
ead53d7822	බටහිර රටවල් කිසිසේත් කැමැත්ත දක්වන තත්ත්වයක් නොවේ
ead565a8c1	හැම දෙයක් දිහාම
ead5b068a9	පිරිමියාගේ බෑගයේ තිබු කඩදාසියක් ඇද
ead5bbbf91	නම හෙළි නො කළ
ead6b2e53e	එමගින් දුරු වෙයි.
ead750ada8	sinhala song mp3
ead7a826bc	තුරුණු වියට පය තබන මේ කෙල්ලන්ගේ කනටද
ead8391749	එම සැළකිලි
ead840fecb	බුදුරජාණන් වහන්සේගේ පාත්‍ර ධාතුව පිළිබඳව ලියූ මෙම ග්‍රන්ථය
ead87774a3	ඇය රැකියාව නිසා ඉතාමත් කාර්ය බහුලයි
ead8dcfc53	ගොඩක්ම සතුටු වෙනවා.
ead8df0aa0	රහත්වීමට නම් කායප්‍රනිධාන පාරමිතාව
ead9a3a59a	ඔය කියන තරම්
eada211e62	අමිල බණ්ඩාරබුලත්කොහුපිටිය
eada5ef050	ඔය දීල තියෙන්නේ
eadae9923c	ඔන්න ඔය තත්ත්වය නිසාම යි
eadb7d1f39	ඇත්තටම මට රඟපාන්න බැහැ කියලා මේ අධ්‍යක්ෂවරයා දැන් ප්‍රචාරය කරනවා.
eadbe3f693	අපේ ඇත්ත ජීවිතයේ පිටුපස
eadc145c75	ඔබේ දේශපාලනික කන්‍යා භාවයයි.
eadc1e7968	කල හැකි දේවල් බොහෝය.
eadc55620b	බෙර වයන්නන්ගේ සටහන්ද වෙයි
eadc5e4e05	ගිහින් තියෙනවා.
eadca4e60a	ඉන් සෑහෙන කාලයකට පස්සෙ
eadcbf8369	මුල්ගිරිගල සමස්ත ජාතික උරුමයේ තවත් අභිමානවත් ස්මාරකයකි.
eadd990a81	පැවිදි වීමට කැමැති දැරියනට
eaddbd4fee	මේක තමාට අයිති දෙයක්
eaddbf83f5	අවවාද කිරීමෙන් පමණක්
eaddd488ad	එයට හේතු වූයේ
eaddeb11bc	සිතුවිලිවල රළුභාවයන්
eadf9a0b6e	උගුරට තල්ලුකරන ලද බෙහෙත
eadfba3f2a	ඉදිරිපත් කරන්නේ නැත්තෙ?
eae0450ed4	එහෙම අරුතක් එන්නේ නෑ කෙලින්ම.
eae09a36df	රහතන් වහන්සේ නමක් විසින් තමන්ගේම ප්‍රාණය ඝාතනය කරගැනීමත්
eae0c791de	ගැටුමේදී වාහන කිහිපයකට අලාභ හානී සිදු වී ඇත.
eae1b9c169	හොයාගන්නත් බෑ
eae1bb9bf6	ඔබ විශ්වාස කරනවද?
eae1ee1466	විරෝධතාකරුවන් ඉල්ලා සිටී
eae2fd6294	සිත එකඟ කිරීම පිළිබඳ
eae3038736	එම සංගායනාවේදී
eae3601f09	අවබෝධයකින් තොරව ලියපු කෙනෙක් කියලයි මට හිතෙන්නෙ.
eae4a3bfe2	අපේ වර්තන වියදම්වලට වඩා ආදායම් අඩුයි කියලා.
eae51a025c	අනාගත පරපුර වැනසීමේ කුමන්ත්‍රණයක් ක්‍රියාත්මක වෙනවා
eae66f5091	හතළිස් දහසක පිරිසක් සමගය.
eae75e1966	මේක තමා අපේ බාසාවේ තියෙන්නේ
eae8390620	මේ වන විට තහවුරු වී ඇත්තේ
eae85599b3	මලක් රැගෙන ඔබ සෙමෙන් සෙමෙන්
eae8970bd3	මහවැලි ගඟට බැස
eae8c93b59	දැන් නැද්ද කොහෙද
eae8eb1705	බෞද්ධයා කියන්නේ
eae9064e1c	ඊට කලින් රඟනොපෑ ඔබ
eae9415310	මෙම චිත්‍රපටිය සමත් වෙලා තියෙනවා.
eaea22b767	මාධ්‍ය මගින් වාර්තා කෙරුණේ.
eaea5c7667	බත් වර්ග ඇට වර්ග තුනපහ දැකලා
eaea887c81	ඊට පස්සේ ඔබ ඒකට වුවමනා සටහන්
eaeab51e86	ඔවුන්ට එම ආසනවල හිඳගැනීමට
eaeabfc49e	google news
eaeb07645b	කිසිම ගැහැණු පරානයක් එක්ක ගණුදෙනුවක් නැහැ
eaeb17c9f9	හතු පිපෙනව වගේ ඉංග්‍රීසි පන්ති තියෙන්නේ.
eaebbf1275	එම පිරිස පළමු උපසම්පදා විනය කර්මය
eaec455866	ගුණ තිබ්බත් ඒ ගුණ පෙනෙන්නේ නෑ.
eaec99bbab	වේලාම සූත්‍රය ඔබට උපකාරී වේවි.
eaed177837	එහෙත් ඔහුගේ පාසැල් ගමන
eaed3a8312	තරම් වූ උසස් ජාතිය
eaed6a1f5c	මොකද ආපසු තවත් නාට්‍යයකට යනවා
eaed9cb635	වනජීවී නලධරයෝ කියති
eaeda54c2f	ගෙවී ගිය කාලය තුළ යුද්ධය ජයගත් ශ්‍රී ලංකාව
eaedb1a14c	පලි කොටසේ වැදගත්කම වටහා ගතිමි
eaede428bd	ආව ගමන් දීලා
eaeeb0c8c8	ආස්වාදනය කරද්දී
eaeed419a0	මේ නිසා ඇතැම් බෞද්ධ නිවෙස් තුළ
eaeedf747a	අපට ඒ අවස්ථාව
eaef3153b1	ඇහැරෙන්නෙ නැහැ.
eaef87de9d	එදා නොතිබූ දෑ සියල්ල මෑවෙනවා
eaefc0feb4	පහනෙන් එන්නේ භූතයක් බවයි.
eaeff641e3	නැත්නම් ඩ්‍රැයිවර් කෙනෙක්
eaf022c8f7	මේක අමූලික ඇත්ත කතාවක්
eaf11d3b41	නිහඬ ගමනේ එන්න හිටියේ
eaf121942f	තිබුණු පුහුණුව අවලංගු කිරීමක්
eaf1445de8	පැහැදිලි අහසක් දැකගන්න ලැබෙන්නේ.
eaf1cb3b6c	උන්වහන්සේ රහතන් වහන්සේ නමක්
eaf29ccff0	තරුණ කැලක්
eaf2ac4f59	ඔපිසියෙන් යැව්වා බන් වැඩ වගයකට
eaf3470393	එහෙම නැති නම්
eaf381c744	කළු පැත්ත කියන්නේ දෙකක් නෙවෙයි එකක්.
eaf4b728d6	මට විශාල ගෞරවයක් කළා
eaf4ddaad9	එවිට ඔවුන්ගේ රැකියාව වන
eaf4fff5a0	එහෙම බලල
eaf540c887	මෙම පුදබිමට පැමිණෙන ධනවත් අය
eaf549ac9d	එදාට ඔය ජාතිවාදී සංවිධාන ඔක්කොම
eaf552dd4d	එම කෘති සාහිත්‍ය ලෝකය තුළ
eaf5d7cce0	ඔයා වගේ අය අරං ගිය නිසයි.
eaf72685f3	මෙච්චර සාර්ථක වෙන්න ඉඩ ලැබෙන්නේ නැහැ.
eaf7475a3a	මේක හොඳ නෑ කියල
eaf74956f1	අධිකරණය හමුවේ ප්‍රකාශ කෙරුණේ
eaf76bb1e6	අපේ ජීවිතයේ රහස් අපිට දකින්න පුළුවන් වෙන්නෙ ඇත්තටම මේක බැලුවට පස්සෙයි
eaf7b5e98c	අන්තර්ජාලය තුළින් මේකට සවන් දුන්නා වුණත්
eaf8647d9a	ඒජන්සි කාරය සිංහල වේවා
eaf868469a	එම තරඟය පැවැත්වුණේ
eaf8a03f5c	එමෙන්ම ඒ රටවල පාර දෙපස
eaf8fd49f6	හරිම වටින සටහන් ටිකක්
eaf9599cc2	පැවතිය යුතුය.
eaf964455b	අරූට දුවව දුන්නේ
eaf9805794	අලුත් ඇඳුම් රැගෙන එන තරුණියන්
eafb3d9069	යොදාගෙන ඇති භූමි භාගය
eafb814c30	විනයෙහි පැරැණිතම සහ අත්‍යන්තයෙන් වැදගත් කොටස
eafbb478bf	මෙහි තනුව වෙනස් කිරීමට සිදු වෙයි
eafbb9300b	එහෙත් ඇය අත්අඩංගුවට ගැනීම
eafcbdd113	පොදුවේ සියලු දෙනාම සහභාගි කරවා ගැනීමෙනි.
eafd50666d	ආරක්ෂක ලේකම් තර්ජනය කළ බව
eaff6a41da	ඊට යොදාගත් ස්වයංක්‍රීය තාක්ෂණික උපකරණ
