eb00820c02	ප්‍රයෝගික දැනුමත් තියෙනවා
eb008940a1	ස්වස්තික ලකුණක් පිහියෙන් කපා දමනවා
eb00aa5d87	samsung phone
eb0121b01d	පැමිණිල්ල ඉල්ලා අස්‌කර ගැනීමත් සමග
eb014713b3	ඒ ටික කියන්න පුළුවන.
eb015054e1	හැබැයි ඉතින් කවි එයා ලියපුවත් නෙවෙයිලුනේ.
eb02c8ab8f	ඒත් ඒ කුලය මත නොව
eb030de3f3	ඒ අවශ්‍යතාව සපිරෙන්නේ නැත.
eb034381d8	එදා ඒ සිටුවරු අතර
eb03695449	යම් තැනක විඤ්ඤාණය පිහිටියේ ද
eb036d5ed4	ඕස්ට්‍රේලියාවට සංක්‍රමණය වූවත්
eb039139a3	ඒ ගැන බොහෝ සෙයින් සොයා බලනවා.
eb03b6a277	මෙම ගාථාවෙහි පණ්ඩිතයා කියන්නේ රහතන් වහන්සේටයි.
eb04300171	අනේ මේ රෝසි
eb04d6f375	මුළු පෘථිවියටම රජ වූ සක්විති රජු ලෙස
eb059d9b0c	බලවත් මිනිහ ඉස්සරහ පිටකරන්න බැරි
eb05c32a79	අස්වැසීමක් පිළිසරණක් පිහිටක් ආරක්‍ෂාවක් නැත.
eb06471fbb	ඊට පිළිතුරක් නොදුන් බුදුන් වහන්සේ නිහඬව සිටිසේක
eb065f07af	විමලාට සමාන නැතැයි
eb0663f789	පසුකාලයේදි එය ඉවත් කර තිබේ.
eb0674117f	ලිපිය අවසානයේ ඇති පින්තූරය බලන්න.
eb06d109ec	පෙට්ටියෙන් ආපසු මෙරට පැමිණි
eb07afe342	එකතු වෙනවා.
eb07b84a40	සැබැවින් ම නාගසේන මහරහතන් වහන්සේ විනා
eb0834e4db	උදෙන්ම ඇවිත් වටයක් දාල බලනකොට
eb0899391d	සැප සහිත ගමනක් නොවෙයි
eb08e69b80	ගැබිණි මව්වරුන්
eb0989e13e	ඒ මනුස්සයා ඊට පස්සෙත්
eb098db669	එරෙහිව නැගුණු හඬ සුළුපටු නොවූවත්
eb0991f887	නංගිගෙන් වත් අහල බලන්න.
eb0a7790b3	එය යුරෝපීය කලා සම්ප්‍රදායේ
eb0b260d9a	ජීවිත අපතේ යන එක විතරයි එයින් වෙන්නේ.
eb0b442f90	ඊට අමතරව මෙම කාර්යාලයේ සේවය කරන කිප දෙනෙක්
eb0bfd2d98	අනෙක ගෙදර යනව එනව ඇත්තේ
eb0c0935c1	වෙනස් භාෂා රටාවන්
eb0c0bac90	කියන දූපතට ගොඩ වෙනවා.
eb0c1fcba9	බුදුරජාණන් වහන්සේගේ දේශනාවක්ම
eb0c4ab339	ශීලාචාර නැති බවට
eb0c4f38bf	විචාරකයන්ට එක්තරා විධියක අභියෝගයක්
eb0c576ef0	මම උඹලට ගැලපෙන විදිහට නම්
eb0c8ff9fd	ආරක්‍ෂක කමිටුවේ සභාපති ලේකම්තුමා
eb0d0b8fea	එවැනි දෙයක් හෙළිවුණ
eb0d6952a0	ඒවා විනාශ කරලා දාලා
eb0e74b2b8	මේ වනවිට ඔවුන්ගේ බිරියන් දෙදෙනා
eb0eff539e	එහෙත් එසේ විය නොහැක්කේ
eb0f14cd0a	එකට යන්නෙ නෑ වගේද මංදා.
eb0f19ddfe	ලොකුවෙන එකක් නොවේනේ තිබුණේ.
eb10292a38	ආයුෂ්මත් ආනන්දයන් වහන්සේ සංඝයාට දැනුම් දුන් සේක
eb103031e8	ඇමරිකාවේ ප්‍රධානත්වයෙන් ඉදිරිපත් වෙන
eb10512490	බයිස්කොප් හදනවා.
eb10de2c79	කලාකරුවා සමත්වීම තුළින්
eb111e4417	නගරයට අලුතෙන් ප්‍රතිමාවක් ලබා දී
eb1190eab7	සේරම මං එක කමෙන්ට්ස්.
eb122c9d5d	අරමුණ බවට පත් වී ඇත්තේ එයයි.
eb12e19f6a	එම නිසා විදේශ බලපෑම්වලට යටත්වීමට
eb1322839a	උඹටත් ඕනනම් වරෙන් නාගෙන බටර් කාලකුත් අරගෙන එහෙම
eb13cbbec1	එදා ඉදලම මේවා ගියේ
eb13e3cf07	පිරිත හුදු ශබ්දය මතම පිහිටා
eb141f1789	කුමරු ස්ත්‍රිය සමග ඇති කර ගත්
eb14453a57	අධිකරණයෙන් ඉදිරියේදී ලබාදෙන තීරණයට
eb147861d9	ඒ දෙවිනුවර පරම විචිත්‍රාරාම විහාරයේ චෛත්‍ය සම්බන්ධයෙනි.
eb1527a227	ලස්සන කතාවක්
eb15c7e519	ඔය කියන සිද්දි දෙක
eb1610bef5	තුරු ළතාවලින් අලංකෘතව තිබූ බව කිව යුතුය
eb17952e07	දුම් මැස්ස අත ගාමින් බණ කියනවා කියාය.
eb17e64809	අම්මා මාව නැටුම් පන්ති එක්ක ගියේ
eb185f0a72	කතුවරයා සමත් වී තිබේ
eb19d1614e	අර බලන්න විශාල ක්‍රේන් මත නැගිලා
eb1a08ff63	සමහර ඒවා හැංගි හැංගි
eb1a92865d	එවැනි නිර්මාණවලට නම්
eb1b38a57e	එය මනාව සෝදා
eb1bf6ee1e	වැඩේ දෙල්වුනා.
eb1caa43ae	මුවෙක් වගේ නිතර සෝදිසියෙන් හැසිරීමයි
eb1dd4a40b	දිගහරින විට
eb1e52dfa4	මෙවර අයවැයේදී තරම්
eb1e8d9282	හතරවෙනියගෙ සැලකිල්ල තමා
eb1f016153	කවියක් උපත ලබන්නෙම
eb1f138e29	ඇත්තටම අපිට තිබුණ ගොඩාක් ප්‍රශ්ණ වලට
eb1f23307a	යන විශ්වාසය
eb1f479617	එහිදී ඔවුන්ගේ වර්ණය
eb1f8e0366	අනුන්ගේ වස්තුවක් මෙන් දැනෙයි
eb20195500	බොහෝ එවන් අමනුෂ්‍යයන් මාන බලන බව
eb203e0e3e	ඉතිං පුංචි ගෑණු ළමයා නිල් කුරුල්ලාගෙනුත් ඇහුවා
eb2074ea81	හැම කවි ගායනා තරගයකින්ම ජයග්‍රහණය ලබා ගත්තා
eb20a4c492	නිවුණු තැනැත්තියක විය යුතු ය.
eb21c5a8b5	ලොක යුද්දය අවසානයෙදි හෙලි විය.
eb2226d9cd	භාජන පිරුණු පසු
eb2245f5dc	අර වීඩියෝ එකත් එක්කම
eb22578824	කොරවක් ගල් පසුකාලීනව
eb22c86e92	මාව ආරක්ෂා කළේ නැහැ.
eb233b55f5	සෑම්ට පුළුවන් වෙනවද
eb2398301e	ඒත් දැනගන්න කැමතියි
eb24443c16	දිනය පුරා මල් දන්සැල් ක්‍රියාත්මකව පවතී
eb25222d41	භික්‍ෂූන් රැස්කරවා නිවේදනය කළ ආකාරයයි
eb255e2497	තැති ගෙන හිස් ලූ ලූ අත
eb25a7f8aa	තමන්ගේ ජාතියේ ඉතිහාසය දන්නේ නැති
eb273c085d	තෙවැනි වර කියවා
eb27cac3c1	බක් මස පුර පසළොස්වක පෝය
eb27e3386d	මිහින්තලා පර්වතය අසල දී
eb2941238c	මුදලක් විසිකර
eb29c715a7	හැම ආගමික ස්ථානයක්ම පිහිටුවීමේ දීම
eb29f35530	මේ ධර්මය සම්බන්ධව
eb2a55815d	මොන තරහක් තිබුණත්
eb2ae92d89	dress up games for girls who love fashion
eb2af67cac	අපිට පුලුවන්ද?
eb2b2b081b	වහාම මැදිහත් වන මෙන්
eb2b5e8375	වැඩේට ගොඩක් මහන්සි වෙලා තියන හැඩයි.
eb2bec1fe8	එය අද අපිට
eb2c3b3420	ප්‍රවාහන කටයුතු වලටද බාධාවක් විය
eb2d5b2ac1	එයාල තමයි මේ
eb2db9157d	ඉදිරි නිර්මාණ වලට.
eb2e3580a1	හිමි තැන් දැනගෙන රැක ගෙන
eb2f39cc87	මාතලේ නගරාධිපතිවරයාත් පවසන්නේ
eb2f513262	ජීවීන් කොට්ඨාස බිලියනයක් අතරින්
eb2f5abad8	විමධ්‍යගත ස්වභාවයයි.
eb2f87f62f	හැම කෙනාටම එකම සැලකිල්ල
eb2fdd15bc	madura dictionary download free
eb3000f0a5	ගොඩක් වැඩ අස්සෙත්
eb30214550	බොහෝ ආනිසංස ගෙනදෙන,
eb30338760	බලලම දැනගන්න
eb3083da41	උඹ නම් හොද බත් කන
eb30bb3d4a	ඉදිරියේ තව තවත් එහි සුන්දරත්වය
eb30e44709	සැලසුම් සහගතව ක්‍රමවත්ව
eb3254a701	අද සිදුවන හැම ක්‍රියාවක්ම
eb33d77aba	එම සිද්ධිය සම්බන්ධයෙන්
eb345d1d98	මෙහිදී ප්‍රමුඛත්වය ලබා දී ඇත්තේ
eb34d43feb	රජු උපදෙස් දී ඇත්තේ
eb356659ff	අනිකාට අයිති ඉතා වටිනා දියමන්තියක් විකුනා පෝසත් වීමයි
eb359aeca0	ඉතා පැහැදිලි කරුණකි.
eb3681e40a	කොහමද කියලා
eb3730c14c	අයියා මටත්
eb373fcc0f	කුරුල්ලා ඉදිරියේ පෙනී සිටියේය
eb37e78594	අප ගෙවාගෙන ආවෙ ඇයි?
eb37f8a323	බිය ව්‍යාකූලත්වය හා භීතිය මත
eb380cc1e9	පිළිපැදීමට ඇවැසි නුවණ විටෙක
eb38cc1590	car photos
eb39050d25	එහෙම පරම්පරා ගානක් ගියාම
eb39504eb6	ඔබ මාතර පැත්ත පළාතෙවත්
eb396419f0	ඇවිදින ගිණිගොඩේ අඟුරු නැති තරමට
eb399d9cbc	සිංහල සාහිත්‍ය නිර්මාණ
eb39d5fb42	අපට මේ ධර්මය පෙන්වා දෙන
eb3a2bc352	ඉතිහාසය හදාරන්නට පෙර
eb3a5c6010	ඔළුවට හෙණ පතයක් පහත් වේවි
eb3a82fad7	කිසිවිටෙකත් සිතා නැත.
eb3a9e06b1	බොහොම ස්තූතියි දනා සොයුරට
eb3ac6c02f	අන්තිමේට බෝසතාණන් වහන්සේ
eb3ae32c87	එක දවසක් ළමයි කට්ටියක් ඇවිත්
eb3b228f6b	සංස්කෘතික ලක්‍ෂණ තමයි
eb3bdabc13	ඔය වගේ කතා මිනිහෙක් නැතුව
eb3bf44a09	සමා වෙයල්ලා කොල්ලනේ
eb3c5da811	සිංහලයන් විසින් සමරනු ලබන්නේ
eb3cd09d62	ඒවා ඔක්කොම
eb3cdad792	ජීවමාන යථාර්ථයක් බව
eb3ce887a8	අපි එක්ක ඉන්න
eb3cf1127f	අනිත් දේ අමතක කරන්න එපා
eb3d50c3d5	ජන කණ්ඩායමක් ගැන බව පේනවා.
eb3d67ffdb	අප ඔබ සමග සැමදා සිටින බවට
eb3e54c59f	ගමන් බිමන් කරන නිසා.
eb3f415a36	ගුරු මණ්ඩලයද හිතවතුන්ද කළ ඉල්ලීම්
eb3f78fd0c	සරලව කවියට නංවලා
eb3fe333fa	කැපෙන සුපර් ස්ටාර්ලාට කියන්නේ.
eb3fed1987	කාලය නිසි ලෙස කළමනාකරණය කරගෙන.
eb40549b56	korawak gala
eb409aa9a7	එකළ අස්ගිරි මහා විහාර සඟපරපුර
eb413fe7ad	පූජා ද්‍රව්‍යයන්
eb4252fd74	කකාට නම් මේ සම්මජ්ජාතියකට
eb42812ef6	ඔවුන්ගේ වාසස්ථාන.
eb428163c6	හැබැයි ඔක්කොම ඉන්න ටික කාලෙට විතරයි පැටියෝ.
eb428d4ab5	මුලදී නොවීය.
eb42b8c19a	ධර්ම සාකච්ඡා
eb4355568c	නමුත් ආණ්ඩුවට එරෙහි වන නිසා
eb43667e55	අද තියෙන තැනට රැග් එක ඇවිත් තියෙන්නේ
eb43de46dd	පිනක් වශයෙන්.
eb4416caa5	මුහුදේදි සාමාන්‍ය ජංගම දුරකථන නාද වීමේ
eb4424bdc4	මේක අවුරුදු හතරක පාඨමාලාවක්.
eb443001b2	යන ක්‍රමයක් තමා උන්වහන්සේ වදාළේ.
eb4454de16	උන්වහන්සේගේ ශ්‍රී සම්බුද්ධත්වය සමරන අප විසින් කළ යුත්තේ
eb449fa1a6	පෘථිවිය චලනය වන නිසා
eb44b6e818	බිත්ති පවා කඩා වැටිලා
eb45d83192	ඉතින් අපි ඒකට ඒ වෙනුවෙන්
eb46633c67	එය පුවත්පත විකුණා ගැනීමට කළ උපක්‍රමයක් බව
eb46ee78a6	මගෙ කතාවේ කොතනකවත්
eb470c80ad	රචනා කරන ලද්දේ 1928 දී ය.
eb47da51e5	මැතිවරණවලදී අපිට උදව් වන අයට
eb48354ee5	යක්ෂයාගේ කුරිරු නපුරු අදහස්ද මේ සංවාදයේ ගැබ්ව තිබේ.
eb48b7ae82	තමන්ගේ නියම දෙමව්පියන් වෙත යොමු කරනවා
eb48d0ed50	පුදසිරිත් හා මානව ආගමික විශ්වාසයන්ට
eb491700bc	ඉඩම් විකුනුවා වැගේ වැඩක්.
eb493815c4	ආගම ගැන නොදන්න උඹ
eb4a27d5f9	හැබැයි ඉතින් චිත්‍රපටියට කලින්
eb4a802ca7	අපගේ දිවංගත දේශපාලන නායකයන්
eb4a9047a8	එදා ආරම්භවූ බක්මහේ කඳුළු
eb4a984e74	දුරු කර ගන්න.
eb4ad44295	උත්සව නැත්තේය.
eb4b3081b2	ආයු කාලය ඉක්ම ගොස්
eb4ba04554	බහුතරයක් මිනිසුන් සත්‍ය දැකීමට
eb4bd9731e	ලියන්න එපැයි එළකිරි වගේ
eb4bdf465a	ඊටපස්සේ පාර්ලිමේන්තු තුල මත ගැ‍ටුම්
eb4c8d29c3	ඒත් ඉතිං වෙච්ච දේවල් දැන ගත්ත
eb4ca58ed1	භාවනා කරන අරමුණ
eb4ce2f25d	මහ රජතුමනි, එක සිය තිස් හතක් වන නිරයෙහි
eb4d721fa4	තේරෙනව නම්
eb4e0c2450	එතැන් සිට කොළඹ පුරහල අසල පිහිටි අපගේ කාර්යාලයට
eb4e8c554c	ඔය බීමේ ආශාව වැඩියෙන්ම තියෙන්නේ
eb4f5daf3e	උදෑසනින්ම ඡන්දය දුන් බවයි
eb505b0c5b	කාලගුණ විද්‍යා දෙපාර්තමේන්තුව සඳහන් කළේ ය
eb508ffcc5	මා අවවාද කළා
eb51a25989	තාර නොදැමු පාරේ තද කහ පාටට
eb51fc5fbd	නමුත් ඇතා
eb5270cdc2	හැම එකාටම වෙන්න ඕන උනත්
eb52b88a36	ඒවා ඔක්‌කෝම
eb52f8253f	ඉහත කාරණා ම බැලුවහම
eb5358a13b	නමුත් දරුවන් ඒ අත්වන ඉරණමෙන්
eb53678f34	සිරියානු අර්බුදය පිළිබඳ ප්‍රකාශයක් කරමින්
eb53c2d4a1	tikiri gee
eb53e3a539	චරිතය වටා ගොනුවී ඇති බැව් දක්නා ලැබේ
eb54038a14	cute baby
eb54107307	ඇයි හොඳයි කතාවක් ඕනම නෑ.
eb541f13c4	වාර්තා වන්නේ.
eb54382e34	මෙයට මුල්වෙලා තිබෙන්නේ.
eb544bb037	ධීවරයන්ගේ ජනකථාවක් වගේ
eb5464041b	එය ලංකා ඉතිහාසයට පමණක්
eb54731c90	කොළඹ වරායට ගියොත් තව ඔය වගේ
eb5499bed7	එතනදි එතුමා සුද්දෙක් කියන
eb54cd0e8a	බස් රථයක යනවිට
eb54d9016d	ඔබට මේ ප්‍රශ්නකට පිළිතුරු දිය හැකි නොවේද
eb5549b4f3	ජනතාවට බලවත් ප්‍රශ්නයක් වී ඇත.
eb55d982b5	එල්ලාවල මේධානන්ද හිමියන් විසින්
eb56268047	දේවදත්ත බුදුරජාණන් වහන්සේ පිඬු සිඟා වඩින වීදිය
eb56549226	ඊට වැය කරන්න ඕන මුදලයි
eb56791acf	ඔය ලිපිනය තමයි.
eb56a1ee38	අවිනිශ්චිතතාවය විග්‍රහ වන්නේ
eb5767733e	එයින් පෝෂණය වූ එකල ලංකාව
eb57768ad0	ඉන්දගනීමටත් සවිමත් පුටු ඇත
eb57d46994	කැසිනෝ අයින් කරලා තියෙනවා කියලා.
eb58008ff1	අධිෂ්ඨානයෙන් හිටිය එක පුද්ගලයෙක්.
eb584c95f7	ආශ්වාස ප්‍රශ්වාස සැහැල්ලු වෙන කොට
eb58b618aa	සමහර විට එයා
eb58b8dd27	ආච්චී සීයා වැනි වැඩිහිටියන් හා
eb58ccf6b1	එහිදී ඉතාමත් පහසුවෙන්
eb594524b4	සදාචාර සම්පන්නද?
eb59c0d46f	ගෘහ ජීවිතය වෙනුවෙන්
eb59d5957c	පොළවේ සිටුවීමෙන් පසුව
eb5a3a4ce0	තත්ත්ව ස්වාභාවිකකරණය වීම
eb5ab0044f	අනුවර්තනයකට කිට්ටු වෙනවා.
eb5ac77dec	ඔබ පෝය වැඩසටහනකට පන්සලට ගිහිල්ලා
eb5af86cec	rapid zone typing
eb5b16fb53	මෙම මුද්‍රාව සහිත පිළිමයකි
eb5c33d422	ජනතාව ඡන්දය දීමෙන් වැළකී තිබෙනවා
eb5caeb845	ඒත් මිනිස්සු
eb5d4485ed	සතර සතිපට්ඨානය තුළමයි.
eb5d74db46	අමිහිරි හා කටුක අත්දැකීම් සමගය
eb5d7cba5c	අපූර්ව කුසලතාවක් උන්වහන්සේලා තුළ තිබී තියෙනවා
eb5d87b265	පරිකල්පනාත්මක දෘෂ්ටිය තුළින්
eb5da1fb36	බුදුරජාණන් වහන්සේගේ ශ්‍රාවකයන් වහන්සේලා ගැන පැහැදීම ඇති කරගැනීම
eb5de95bd0	මගේ මතය උඹලම ඔප්පු කරල
eb5e02f491	laptop reviews consumer reports
eb5e9eb6ae	ඒ කියමනෙන්
eb5f142afa	සාකච්ඡාව අතරමඟදී
eb5fc3963a	එතකොට ඒකට අයිතිවෙනවා
eb5fc5423a	විප්ලවවාදී දේශපාලන ඉතිහාසයේ
eb601196d6	පිරිත් පැන් පිළිබඳ කෙබඳු මතවාද තිබුණත්
eb60b16eb4	බුදුරජාණන් වහන්සේ සඳහා
eb60ecd54c	එකල සංජය ඇයට ආදරය කළත්
eb610ecacc	අපගේ බුදුරජාණන් වහන්සේ
eb61982fb4	ලේබල් කිරීම
eb61d9abaf	මේ ගමට ලොකු සාපයක් එහෙම
eb61e8dc42	අපිට තමයි හොඳම සංස්කෘතිය තියෙන්නෙ
eb6231dba5	ඔබ ඔබෙ සෙවනැල්ලෙන් මිදී
eb62563647	එක්කො තමන්ගේ සමාධිය දියුණු කරගන්න
eb62922afd	ඉතිං අපේ කොල්ලො ටික
eb629dc0ed	තුවාලකරුවෙක් මාදම්පේ රෝහලේ ප්‍රතිකාර ලබයි.
eb62e37232	මූර්ති කැටයම් ඵලක ද දක්නට ලැබේ.
eb62e58122	හැම බදාදාම ආරක්ෂක මණ්ඩලය රැස්වෙලා
eb631310d9	නොහැසිරිය යුත්තේ කෙසේද යන්න
eb631c0e8f	අප යුද්ධයේ පළමු පියවරේදීම පරාද වී අවසානය.
eb63978e23	නවකතාවේ සාරය සම්බන්ධයෙන් එතරම් වැදගත් කමක්
eb63b0a4d7	අපේ විදියට හිටපං
eb64650a14	විවිධ දර්ශන ඉදිරිපත් කර තිබෙනවා.
eb647a75c6	මේවට ඉඩදීලා ඉන්න කියලද කියන්නේ
eb65563c03	සෑහෙන පළල් සංවාදයකට අවශ්‍ය
eb658076ce	ප්‍රදේශවාසීන් කල්පනා කරනුයේ
eb65f718f1	නමුත් කෙටියෙන් හෝ අත්‍යවශ්‍ය කරුණු පිළිබඳව
eb664054e1	එක සමාන වූ හසුන් පත් සතරක් සකස් කෙරෙයි.
eb668364c9	එහෙත් අපේ ගමනාගමන සේවාව
eb670392c2	බවට සමහරු ප්‍රසිද්ධියේ කතා කරති.
eb670eaeca	පිස්සොත් එක්ක විවාදයට නොයන ලෙසයි.
eb67668b39	ඒත් ජාතික ව්‍යාපාරය
eb68481d53	අයිතිය ඇයට පවරන්න
eb68805ab5	එකෙක් හිප් පොප් ගොවියා වසන්ත දුක්ගන්නාරාල
eb68bb8429	පැවරිලා තියෙන කාර්යභාරය අනුව
eb698daafe	අසානෝ වංශාධිපති තුමාගේ
eb6a8e7ab5	වල් ඌරෝ ඉන්න තැනක් තියේනම් අපටත් ඔත්තුවක් දියන්
eb6b47fe01	දායක වන්නේ ලොකු හාමුදුරුවන්ගේ රුධිර බරණියයි
eb6bbbd4bf	ජීවක සූත්‍රය කියල එකක්
eb6c237e22	ආණ්ඩු මාරු වෙනකොට
eb6c238324	බුදුරජාණන් වහන්සේගේ තෙවන ලංකාගමනය දැක්වෙන ධාතුවංශ විස්තරයෙහි
eb6d2ad072	ඒක නිසා මේ වගේ ප්‍රශ්නයක්
eb6d7730d4	අපිරිසිදු පුරුෂයෝත් ඕනෑ තරම් ඇති
eb6e4c04b9	දියුණුවක් ඇතිවේවි ද?
eb6e5eca68	බුද්ධිමය ප්‍රවේශයක් තුළ
eb6e957793	පීඩාවට පත්ව සිටි ත්‍රිකුණාමලයේ ජනතාව
eb6f4123b8	දෙමල වේවා
eb6fe7909d	යළි උපතක් නැද්ද
eb70029fc8	අඩවි වන කාර්යාලය කියයි.
eb701ddea8	ඉඩකඩ සහ පහසුකම් පිළිබඳ
eb70d4c6fa	මෝස්තරයක් උගත් සමාජයේ.
eb71390718	නේවාසිකාගාරවල නැවතිලා හිටපු
eb713a94bf	එදා රාත්‍රියේ
eb718c8973	ජනාධිපති මාධ්‍ය ප්‍රකාශක
eb71943906	මරණයෙන් බේරෙන්න පුළුවන්.
eb71979885	ආදරය සහ සහජීවනය ඉවත්වූ මනස තුළ වෛරය සහ කෲරත්වය රජයන්නට විය.
eb71a4202c	පෙර අපර දෙදිගම විසූ බොහෝ චින්තකයෝ
eb7293622b	තැන්වල රැස්වීම් තියන්න හදනවා
eb72a3a8d2	එවන් අවස්ථාවක ඔහු පලවා හැරීම සඳහා
eb7323ab43	ලී ගනු ලබන්නේ
eb734e9b7f	එම සිදුවීම නම්
eb7352516a	ඕනෙම කෙනෙකුට නිදහස තියනව.
eb73f8967d	රැග් කිය කියා
eb747e0553	ඒ හැම විට ම මට සිතිණ
eb748c576f	නීත්‍යානුකූල නොවන ගබ්සා නිසා
eb74b6ed55	අපි අපේ කියල හිතන් ඉන්න
eb7570d6a4	නම්බුයි ඊට වඩා.
eb75dd61ae	අනවශ්‍ය ගමන් බිමන්
eb75ec2e81	සිදුකරනු ලබන කර්ම ශක්තිය
eb75f87f4d	ආචාර්ය ජෝන්ස් ඔස්කාර්
eb763c45a6	ඒත් අම්මා හැමතිස්සෙම
eb76410150	අපි පිටරට සංචාරය කරන්නෙ
eb764dde24	ඉතා සමීප සම්බන්ධතාවයක් පවත්වන බවයි
eb765568dc	එක එක්කෙනා පෙන්නන්නට හදන්නේ
eb7698ff84	එයට හේතුව සමාජයේද
eb76a84235	මලු පුරවාගන්නෝ තමා.
eb76b3dd02	ලිංගික අපයෝජනයට හා දුෂණයට ලක්වන වාතාවරණයකදීය.
eb76b3f577	ඔය අයට කලින් මුන ගැහුන අය වගේ නොවෙයි.
eb7758b025	සලකනු මග සලකුණු
eb77cc5138	හෘදය රූපය ඇසුරු කොට
eb78293849	ගාත්‍ර යුගල් දෙකේ බැඳි පටල
eb78d6959e	මෙයාගෙ ගතිගුණ වලට
eb79135f9a	බොහෝම ස්තූති වේවා.
eb793c26bd	අගමැති මාධ්‍ය හමුවේ අදහස් දක්වමින් කියා සිටියේ
eb794f349c	වැලේරියා වලට යන්න
eb7991d26b	ඒත් මම මුට්ටිය දාලා බැලුවේ
eb79ef6156	බුදුරජාණන් වහන්සේ බුද්ධත්වය ලැබූ පසු
eb7b241b7d	එකක නිපාතය පළමු නිපාතයේ පළමු වර්ගය
eb7b7bf0fa	ඔහුටම ආවේණික
eb7c268d24	ලොව ශ්‍රේෂ්ඨ පුද්ගලයෝ
eb7c56b53e	බුදුරජාණන් වහන්සේ ගිහි ශ්‍රාවකයන්ගෙන් බලාපොරොත්තු වුණේ බඹලොව ඉපදීමක්
eb7d1e18cf	හැබැයි ඊට කලින්
eb7d37ef60	මෙහෙයුම් පද්ධතියක් තමයි
eb7d55ef93	කෙනෙකුට ගැටලුවක් ඇතිවිය හැකිය
eb7dc0e1ae	ඒක කියන්නෙ
eb7e729189	ඇති සුදුසුකම කුමක්ද
eb7e92bf2c	රහත් මෙහෙණිය කවුද?
eb7ec5e820	තාත්තා වගේම තමා.
eb7f5de067	කාපු බීපුවා ගැන කතා කරන එකමයි.
eb7f6dc0e6	මොරොන්තුඩුවේ ශ්‍රීපා නාහිමියන් වහන්සේ වැඩි දියුණු කළහ.
eb800711a1	පොළොන්නරුව වටදාගේ දාගැබේ ඇත්තේ
eb802eb14c	ඔප්පු කරල නැහැ යකුනේ.
eb803551d4	මොනවා හරි නමකින් දාන්ඩ බැරි තරම්
eb80621087	විමසීමේ බලය ඇති නිසා
eb808709eb	අඩිය ඉක්මන් කලාය.
eb80ce6b2c	සත්වයෝ නිදුක් වෙත්වා නීරෝගී වෙත්වා කියාය.
eb80df5fb1	යාන වාහන
eb80e3de9d	සැබෑ කොටම දූෂණයක් නොවන
eb81926b3c	මගේ යාලුවෙක්.
eb821e550b	සමහර දේශපාලන බ්ලොග් ලියන
eb8248ccd8	කඨින පූජා පින්කම් සංවිධානය කළ බැව්
eb828006e0	ස්තුතියි රවිදු සහෝ
eb8351069b	kadulu
eb835f8e48	අද උතුරට ප්‍රජාතන්ත්‍රවාදය තියෙනව
eb839f2a9a	මේවා ප්‍රයෝජනයට නොගනී.
eb84879b82	කළුවර ආදී වටිනා ගස් තිබෙන ප්‍රදේශ තෝරා ගන්නවා.
eb84a5a4ec	ඉතිං දිනිදු මචෝ
eb86187f2b	යාල නෙවෙයි
eb8631a2fa	සාදයට සහභාගි වෙන්න පුලුවන් වෙයිද?
eb86533d91	බුදුරජාණන් වහන්සේ කිඹුල්වත්නුවර නිග්‍රෝධාරාමයේ වැඩඉන්න කාලයේ
eb86702250	එහෙම හිතුවාම
eb8794cfd2	උස්සපු බර වචන තියන කෑල්ලක් නං
eb87b53f7c	මේ අතීත කතාව විස්තර කර දී
eb880b8ddf	කඨින චීවර පූජාව පෙරටුකොට මහ පින්කම් කරති.
eb886403eb	රඳවා ගැනීම පිණිස කළ හැකි
eb88f5a799	හැම මිනිහෙක්ගෙම ඇතුලේ
eb89337a99	අවස්ථාවන්හි දී භාවිතා කිරීමෙන්
eb8b23c50b	ඉස්සරහා රෝදයට කකුල අසුවිය.
eb8b3d68fa	අකුරක් නෑර කියෙවුවා
eb8b477362	අර්ථවත් ඒවා වන්නේ
eb8b7e3722	ඔය දවස්වල කොහෙද
eb8bf44521	මෙදිනට කාන්තාවට විශේෂයෙන් සැළකීම
eb8c08a867	අරවින්ද ට ඉන්නේ අක්ක කෙනෙක්
eb8c1de8b1	police in sri lanka
eb8cb69593	උසස් පෙළ මේ ලකුණු පරතරය
eb8cbd4e8e	bella
eb8cda2151	එලෙස ස්නායු සම්ප්‍රේෂක ක්‍රියා නොකරන
eb8da5ac3f	මරණයට පසු කරන දෙයක්
eb8e496a62	ඒත් මේවත් ප්‍රශ්න බවට පත්කරගත්ත
eb8e574266	බුදුරජාණන් වහන්සේ ගැන සිතීමයි.
eb8e6448c3	ඒත් ඊට පස්සේ මේ දෙන්නා
eb8e9f8f3d	ධර්ම දානමය පින අත් කර ගැනීමට
eb8ed3c97e	ජනතාව තොරතුරු පිපාසයෙන් පෙළෙන යුගයකි.
eb8f01af65	අහසින් ගමන් කරමින්, සිත්කළු වස්ත්‍රාභරණ හැඳ පෙරවාගෙන
eb8fab9dd7	විකාශන වුණේ සතියකට එක්වරයි.
eb8fbc3bc2	තිස්‌ස ඉතා සුහදව අසා සිටියේ
eb906efa77	පොඩි තැනක් විතරයි.
eb921cb8be	අනුලා කරුනාතිලක ප්‍රධාන චරිත වලට
eb922bce07	ඒක රාජ් දක්වලා තියෙන
eb932ee507	සිංහලයන් සොයා ගත්
eb93385de7	මේවා හාරන්නේ?
eb9344d206	වර්ණවත් ඡායාරූප පෙළකි.
eb935294ff	පාප කර්ම කීපයක්ම.
eb93d92b2a	ඉතින් ඒ විදිහට කරුණු සිද්ධ වෙනකොට
eb93e41274	අංකුර සිනමාකරුවකු ලෙස සිය මුල් කෘතියේදීම
eb949ba558	alibaba
eb955e99a0	බැඳීම්වලින් සිත මුදවාගැනීම,
eb958f8fda	කොහාටද යන්නේ කියලා.
eb9599825d	බොහෝ දෙනා
eb965eb1aa	අද පෙරවරුවේදී පැවැති
eb9681b8bf	කෝටුව තියෙන්නෙ.
eb9705e5b0	හැදුවනම් සුපිරියට කොච්චර වටිනවද.
eb97151cea	ගිල දමන මොවුන් දඩයම් කිරීම ද කරති.
eb97d443e4	බලයට අභියෝගයක් වෙයි.
eb9849dbfc	කෙළින් කියන්න තිබුණනේ උඹට.
eb985f4c56	මගේ මතය.
eb98ccdc12	අලුත් භාරහාර වීම
eb992e4394	කුඩා පඳුරු සහිත මුඩු බිම් බවට පත්වීමයි
eb9957c6a5	බුදුරජාණන් වහන්සේ කොච්චර ලස්සන උපමාවක්ද
eb99b2bbc4	පුද්ගලයන් හැටියට අටකුත් වෙනවා.
eb99e4dac3	භවයේ ඇල්ම දුරුකර
eb9a9d8878	අධි ආගම් භක්තිකයන් ගෙන් පිරිසක්
eb9abfd4d0	vampire
eb9bd9c029	අපිටත් වනේ සීපාවො වාගේ
eb9bfbca2f	මෙලෙසම ඉගෙනීමේ
eb9dc7f1f6	එහි දී පරාජයට පත් වූ ඇමතිවරයා
eb9e2a5406	වැඩ කරන විට
eb9e6b5cd3	මේ මහා පුණ්‍යකර්මයට සම්බන්ධ කර ගැනීමට
eb9eb97a2b	එය තියුණු වශයෙන්
eb9eca167b	චරිතයට ප්‍රවේශ වී
eb9ee42e23	දුක්කටා පත්ති ඇවැත් සිදුවේ.
eba0659cc4	කථානායක චමල් රාජපක්‍ෂ මහතා විසින්
eba07119e1	පණ්ඩුකාභය පුවත ඉන්දියානු ජනප්‍රවාදවලත් දක්නට ලැබෙනවා
eba0e3a9ec	ඌරන්ට මොන සෞඛ්‍යයද?
eba0f85aa9	පොලිස් විශේෂ කාර්ය බළකාය විසින්
eba1aa3719	ඒත් අපට
eba254c325	නමුත් ඔවුන් නොදන්නා සිද්ධිය වන්නේ
eba2650043	සිටින බව දැන්වීය.
eba338a6fa	ඒ ගැන සිතා බලන්න
eba34b2742	උන්ටත් හිතක් පපුවක් තියනවා.
eba40994d6	ඔන්න ඒ බව මෙම චිත්‍රපටය තුළිනුත්
eba48b6846	මෙම ඓතිහාසික බුද්ධ මන්දිරය
eba49f98f7	රන්කාසි අතුරන්න ඕන නැහැ.
eba557de9e	කාරුණිකව අයාචනා කරනවා
eba59b34aa	කිසිම අවැඩක් වෙන්නේ නැහැ.
eba6ab0c03	ශ්‍රී ලංකාවට සංක්‍රමණය වන
eba6e7088c	බොහෝවිට පෙළඹෙන්නේ
eba7b67f03	අපි වෙනුවෙන් කරන මේ කැපවීම
eba7faf5e0	උපාසක දරුවා ශිෂ්‍යනායකයකු වෙද්දී
eba8179962	යථා තත්ත්වය අවබෝධ කොටගත් සමුරායිවරයා
eba8800e05	මුගලන් හිමියෝ ද ඒවා මැඩ
eba8a4c66a	නමුත් මේක ඉතා පහසුවෙන්
eba9125c6e	රාජ්‍ය ආයතන වල වගකීම්
eba948a8c6	තහනම ක්‍රියාත්මක වේදැයි
ebaa6eeb23	ධනංජයගේ දීර්ඝකාලීන පෙම් කතාව
ebaae61a28	ලෞකික කරුණු සම්බන්ධයෙන් අදහස් දැක්වීමට
ebab82d474	මෙම අවස්ථාව වන විට
ebab97c59e	වෙරළට ගොඩ බසින ලද්දේ
ebabbc4587	තමයි හිතාගන්න බැරි.
ebabd5d372	අදටත් බර උහුලන්න පුළුවන් වෙන්න
ebabda4daf	පක්ෂ රැසක් සූදානමින් සිටියි
ebac0055b5	එතකොටම වාගේ පාව්ලික් සහ කෝත්කා වැටට උඩින් පැනලා දිව්වා
ebac1e5a62	මුනිවරයකු ප්‍රමුඛ වෙමින්
ebac23f425	තමන් දැනුවත්ව හෝ නොදැනුවත්ව හෝ
ebac42ea4b	දැරණියගල නූරිය ප්‍රදේශයේදී
ebac4b1b94	මෙම කොටස ඇත්තේ කුඩා ඔයෙන් එතර විමට පෙරයි.
ebac5e424a	මතු බුදු බව පැතූහ
ebacb0cda0	සිතට සතුටක් ගෙන දෙන
ebad05bdb6	කැන්ටිමක් දැම්මේ ඔය කාලෙ මයෙ හිතේ.
ebad08398b	හරකා ගැන කතා කරන්නට ගොස්
ebad85e271	එබැවින් තවදුරටත්
ebade2dfd9	මේක පටන් ගත්තේ යොහාන්
ebae26d0e4	හැකිවන දවසකි
ebae5163a2	අප නොදන්නෙමු
ebaefb7a89	වැළැක්වීමට නීති සකස් කර තිබෙනවා
ebafb6f9a4	germany hiking guide photos
ebafed01cc	ඊට කලින් ඔහු අනෙක් අයට ඔප්පු කරලා පෙන්වනවා
ebb00614f4	සුවචව කල් ගෙවිය යුතු වෙනවා.
ebb08b542f	සීනුව තිබුණා හයියට
ebb0c70d5b	full house drama
ebb0e01df1	කතාව පටන් ගන්නකොට
ebb11081a5	sirasa super star
ebb1e6cf64	මේ වැඩේ කරන්න උදව්වක් වෙයි..
ebb1f3a64f	ආයෙ මෙහෙම දෙයක් නොවෙන්න
ebb22e8ebb	එය විශ්ව සාහිත්‍ය කෘතියක් ලෙස
ebb2ab9a55	සඳහන් කළේ
ebb2ae052a	ඇස් කදුළින් තෙත් උනා.
ebb33d2dbf	ලංකාවේ තිබෙන සෑම සංගීත කණ්ඩායමක් සමගම
ebb3e9c72f	එල එල සහෝ
ebb411b6f3	malee teledrama
ebb434296d	විසින් ඉංග්‍රීසියට පරිවර්තනය කර ඇත
ebb4c0a8ff	දිය බිදක් නැති
ebb5106e49	මේකේ නම තමයි
ebb5466b30	ඉහත සඳහන් ගාථාවන්හි අර්ථය මෙසේ ය.
ebb54deefe	මොන විපතක් උනත්
ebb564a654	එවැනි ගාම්භීරත්වයක් අද
ebb5b4315a	ඒක එහෙමනම්
ebb60c6b7c	එතුමන් වර්ෂ 1930 දී
ebb6f0c21b	තමා අවට දක්නට ලැබුණු
ebb7034987	ඒකම තමුසෙලා වැරදි පාරෙ
ebb70df64f	ඔයා පාවිච්චි කරන
ebb7606938	හසු වන බවයි උද්ඝෝෂකයන් පවසන්නේ.
ebb796b2aa	අවාසනාවකට වගේ හිට්ලර් දුන්න මේ පොරොන්දුව
ebb7a038bb	ඊට එකල සිටි සුදුසුම වියතා බුද්ධඝෝෂ හිමියන්
ebb7aa222d	අන් අයගේ දියුණුව දැක
ebb7aed3c5	එනම් මේ පටිච්චසමුප්පාද ධර්මය අවබෝධ කොට
ebb808a5c0	අඩේ පවු යකෝ ඒ මනුස්සයා
ebb834dc9d	මෙම පෙරහරේ අරමුණ වන්නේ
ebb85027a4	ලක්දිව තුන්විටක් පැදකුණු කොට
ebb874695c	රාහුල් සීමාට ආදරේ කරන්න
ebb900ee09	බෞද්ධයෙකුට අපහසු වේ ද?
ebb95fb002	central bank of sri lanka
ebb99495f3	පෞද්ගලික හිමිකරුවන් සතුව
ebb9a62ea3	එවන් උතුමන්ගේ ඇසුර ලැබීමෙන්
ebbacd772f	හොර කරල බොරු කරල ගන්න බැරි
ebbacf5766	ඒ නගරේ ෂෙරිෆ්වරයා කැමති වෙන්නෙ නැහැ.
ebbbf891eb	ආගම දහම කෙරෙහි නෙත සිත බැද ගත්තේ ය.
ebbc3a97c3	මොකක් හරි සම්බන්ධයක් ඇති කියලා.
ebbcd39558	ඉන්දියාවේ අභ්‍යන්තර කටයුතු අමාත්‍යාංශය
ebbd5fb951	action games
ebbd72ecb3	උරදී ක්‍රියා කරන්නැයි
ebbdc5d382	සෑම සතියකම දින තුනක්
ebbde3d744	ඒවාත් යුද්ධෙ වාසියට උපයෝගී කරගෙන
ebbe87a68f	එම අලියා වෙනුවෙන් ලබා දී ඇතැයි කියන
ebbebba3b3	සාමකාමී මැතිවරණයක් තියෙනවා නම් කැමැතියිලු.
ebbed7c330	චුන්දගෙන් පහර ලබන අහිංසක ඌරන් තමයි.
ebbee910da	මට මෙහෙම දෙයක් කිව්ව
ebbf57cf58	ඔබේ ගොඩනැගීම තුළ
ebbfa088f1	මොවුන් සිය වත්කම්වලින් වැඩි ප්‍රමාණයක්
ebbfbd3e72	මහවැලි ගොඩනැගිලි ඉදිකරලා දුන්නා
ebc080ef87	සත්‍යය විකෘති කිරීමක් හැටියටයි.
ebc09fa639	වැඩිම මිනිස් ජීවිත ප්‍රමාණයක් විනාශ වූ අවස්ථා
ebc11d4888	අවිගත් යෝදයෝ අවියේ බලයෙන්
ebc1b71892	හරි නැහැ නේද?
ebc20a8f48	අපිත් අනුරධපුරේ ගිහින්
ebc29ece02	ගිජ්ජකූට පර්වතය
ebc2d3f1c2	ඇත්ත තත්ත්වේ කියලා
ebc2d72fec	එය ඊළඟ දිනයේ කිරීම මගේ පුරුද්දක්.
ebc2f6dcae	මේව ගැන දැනගන්න ලැබීම ගැන සතුටුයි
ebc401b317	ලක්දිව මුල්කාලීන වශයෙන් පැවතුණු සම්ප්‍රදාය
ebc406d08a	බස් නැවතුමක පෝලිමේ සිටින
ebc42e369b	අවසන් මහා තරගය වන තෙක්ම
ebc4bf1135	කොළඹ පැවැතියේ වැහි මන්දාරමයි.
ebc4f5de15	ඇතැම් විට පුද්ගලයකු නම් හඳුනාගන්නටවත් බැහැ.
ebc59a7106	ඊට පස්සේ ඒක අමතක වෙලා
ebc62aa832	මාධ්‍ය ක්‍ෂේත්‍රයට පය ගහපු හැටිත් කියමු.
ebc62da8e6	නත්තලට පෙර දින රාත්‍රියේ
ebc62eaffe	තොණ්ඩුවකට හසුවුණ මුවෙක් වගේ
ebc64f970d	lanka net
ebc6d099a4	කානුවට බැහැපු අය
ebc703b128	කොහොමද මේ චිත්‍රපටය
ebc7d99f27	පන්සිල් හෝ අටසිල් හෝ සමාදන් වීමෙන්
ebc8056531	සාමාන්‍යයෙන් වෙලාවට වැඩ නොකරන
ebc805f324	මගේ මුල්ම සිංහල සබ් බයිස්කොප්
ebc849572d	එවිට අර්ධ ගෝලාකාර හැඩැති පළිඟුවක් සේ
ebc8a304b3	මුචලින්ද විලෙන් පැමිණි නයෙක්
ebc8a9a4cf	ඔබට පෙනීයාහැකිය.
ebc8c97633	ඇඟ හදාගන්නේ කියලා.
ebc90ab00f	ජනගහන වර්ධන වේගය වැඩි
ebc942ffd7	අභ්‍යන්තරයෙහි අප්‍රකට ව පවතින කෙලෙස් රැසක් ඇත.
ebc97964f5	අනතුරින් තුවාල ලබා
ebc9afb1b2	තියෙනවා කියල තේරුම් ගන්නවා.
ebc9cbdc5d	එපා වෙන්නෙ නෑ.
ebca876b2c	සිතුවිලි නිසා දුෂ්කරතා ගෙන දිය හැකිය.
ebcaad9691	අදහන්නාට විශ්වාස කරන්නාට
ebcc1b31c7	එම සිදුවීම මෙනෙහි වී
ebcc4ad546	ඔබ ගේන මිනිස්සුන්ට පිස්සු කියලා
ebcc66d37c	භාවනාවේ යෙදෙමින්
ebcc8ff03f	වැනැසූ බමුණන් විසින්
ebcdb742f0	ඉතින් ඇලෙක්ස් කොහොම ඒ වැඩේ කරයිද
ebcdb95c4c	මේක නොදැන හිටියට
ebcdd05cbb	කදාවළලු,
ebcdf9c487	මුස්ලිම්නීතිය නීතිගත කරන්නට සැරසෙන ආකාරය දැකිය හැකිය
ebce474b0a	සකස් කරන්නට යෑම ධර්මානුකූල නොවනු ඇත
ebcf1039a6	අන්තිමට කියලා තියෙන මාධ්‍යය භාවිතයත්
ebcf32d94c	කාන්තාවගේ තත්ත්වයයි.
ebcf7e06f7	රැහේ ජීවන රටාව අධ්‍යයනය
ebcf8bec5b	තමයි හරියටම තේරුනේ.
ebcfa4c04f	ඒකෙදි මුදල් ලැබෙන එක
ebcff3f7e1	අදාල බලධාරීන්
ebd00cb4ac	මඩේ එරුණ අනිත් උදවිය
ebd012e7cc	සිරිමාවෝ මැතිණිය ආණ්ඩු කරන කාලයේය.
ebd04fcc1a	පුංචි මතක් කිරිමකුත් කරන්න කැමතියි
ebd13075dc	windows xp service pack 3 iso
ebd14ad497	එය බටහිරින් ආ නිසා නොවේ
ebd17cd9a7	ඔබ බුද්ධිමත්ව සිතා
ebd18b6de6	රජතුමා ආසා කළේ
ebd1a9ca0e	අවුරැදු තුනකට ඉස්සර වෙලා ගියේ
ebd20e8e3f	ඔය ජාතික ලැයිස්තු මංත්‍රීකම
ebd2847d46	එක්දරු පියාත් ‍පොලිස් පරීක්ෂකවරියත්
ebd2aa97b0	බොහොමත්ම ස්තූතියි.
ebd2e44424	අගතියෙන් සිදුවන දෙවන වර්ගයේ ආර්ථික හානිය වන්නේය
ebd30204cb	එහි මානසික බලපෑම
ebd30c1629	එහෙම පුළුවන් නම්
ebd37a7f00	සාකච්ඡාවට ගත යුතුය
ebd3b3795a	ඔය තියෙන්නේ කරන්න ඕන දේ
ebd4c38727	උත්සවයකදී සෑම පුද්ගලයෙක්ම ප්‍රීතියට පත්වේ
ebd4d02d0a	එය ශ්‍රවණය කිරීමට පැමිණි
ebd4fe478f	එම වස්තුව පිළිබඳ ආශාවක් නොවුණු නිසා
ebd57ba0cd	අර කඩුපුල් මල් ගෙනාපු පුද්ගලයා
ebd57beddf	ධර්‍මපාල තුමා මා දඹදිව යැවීමට
ebd5bc4713	සම්පූර්ණයෙන් ම මම යොදවන්නේ
ebd5c2354f	ඉවත්කිරීමක් ගැන කතා කිරීමට
ebd6c335c5	පුලුවන්ද කියන ඒකයි.
ebd83b0778	best sri lankan video gallary
ebd89e1b97	ඉතා උණුසුම් සහ කටුක දේශගුණයක් ඇති නගරයකි
ebd8f73fdc	උත්සාහ දරමින් සිටින බව වාර්තා වේ.
ebd940841c	එමනිසා මිනිසා කරන සෑම දේටම
ebd949ae8b	බුද්ධ කාලය දක්වාම ගමන් කරයි.
ebd9c8f8c0	තෙත් කලාපයේ වී ගොවිතැන් කරන ගොවීන්ට
ebd9ccc25e	මේ වගේ දෙයක්
ebdb2fae8a	පරණ කෝන්තරයක් මතක් වී ඇත.
ebdb37d518	යන මේ ප්‍රශ්න විසැඳීම
ebdb7c62df	විගණනය පෙන්වා දෙයි
ebdba4114c	චූලෝදර මහෝදර නම්
ebdc0fd19a	හිතේ වැඩ කරන්නේ
ebdc54899e	එල්ලිලා ඉන්නේ නැතිව
ebdc735d58	ඒ ගුණ ධර්ම දියුණු කරපු නිසා.
ebdc7c0a7d	තමයි අනුශාසනා කළේ.
ebdcabfe17	අඩුම ගාණේ මේ ඡන්දෙ ඉවර වෙනකල්වත් ඉන්න කියලා
ebddd3c05f	බොහෝ විට කොරවක් ගලට ගෙන ඇත්තේ
ebde3c28c2	එම ලෝගෝව ගැසුවේ
ebded7feba	ලැබෙයි එහෙම නේද?
ebdef1dc12	කොල්ලෙක් මගෙන් යාළුවෙන්න ඇහුවෙ වත් නෑ
ebdf1d9b59	අනුයෝජනයක් නොවේ.
ebdf9096a8	ඔයාලා බොහෝ දුරට ක්‍රියාදාම චිත්‍රපටිවලින් දකින
ebdfd93a81	අපි හැමදාම මේ නැවෙම තමා.
ebe0243e55	දාන්න බැරි වෙන අවස්ථා තිබේ.
ebe03ec60c	අශ්ව කරත්ත යුරෝපීය මෝටර් රථ
ebe0a09f18	මිනිසා උත්තරීතර සත්ත්වයකු වන්නේ
ebe0b0a94a	එනම් ශරීරයේ පැවැත්ම හා යැපීම සඳහා
ebe0e7a8fe	එයා තුළ පුහුණුවක් තිබිය යුතුයි නේද?
ebe18e4e25	ජේතවනයට ගිහින්
ebe1bddb9d	උනන්දු කරන එක්කෙනා නේ.
ebe2909874	ඔහුගේ නවාතැන වූ
ebe3351a5f	නමුත් ඒ එක් අපරාධකාරයකුටවත්
ebe360f43e	මොවුන් තුල ජනතා හිතවාදී ආකල්ප ඇතැයි කියායි
ebe3851135	කියලා අපි දන්නවා.
ebe4e5e5f2	ඉංගිරිසින්ට අවශ්‍ය ආකාරය
ebe5745e9a	ඉක්මනින් සිදුවීම පිළිබඳව
ebe57ec5aa	පුරහල ඉදිරිපිට පිහිටි විහාර මහා දේවී උද්‍යානය
ebe5e00ab4	පොදුවේ බලන්න කම්මැලියි නොවැ
ebe61a7dc5	මේ මාසේවනදා ප්‍රදර්ශනය ආරම්භ වෙන්න නියමිත
ebe61ac93e	සිංහලයෝ රහත් වෙනවා කීවේ
ebe6624cd0	india boys
ebe69563f3	බුදු සසුන බොහෝ සෙයින්
ebe6b117f9	මම හරිම ආසම එකක්.
ebe6b5cf01	නමස්කාර කරයි.
ebe74771bd	නියෝජ්‍ය පොලිස්පතිවරයා සඳහන් කළේය.
ebe7cc064e	එහේ කිරි ගල් වඩුවෝ
ebe82e9fb9	පෙර තිබූ සම්බන්ධකම් යථා තත්වයට
ebe87a6b69	අපිට පිස්සු කියලා.
ebe8fb4b20	පැවිදි වුනත් අමාරුයි.
ebe91576ca	එය පලවී ඇත්තේ
ebe96e9a75	හැබැයි කවුරුහරි මතක් කරල දෙනකොට
ebea15fe76	එක දහම් කරුණක්
ebea2290d1	එහෙත් ඊජිප්තු ජනාධිපති මුර්සි
ebea42ad84	cricket games 2007
ebea5191a9	කරගෙන ගිය එකයි.
ebea763b72	මේඑක බලලම දැනගන්න.
ebeab13b22	පවත්වාගෙන යා හැකි වෙයි
ebeb296f43	කන්දක් උඩට නගිනවා
ebeb70c5cd	එයින් දේවදූතයා විසින්
ebeb98c836	එමඟින් පෙරහර සාම්ප්‍රදායන්ට හානියක් සිදු වී නැහැ
ebec0c030d	මඩ ප්‍රහාරයක්‌ වෙන්න බැරිද?
ebec1ecc9c	ගෑනු ගැන දන්න නිසා
ebecd135ae	ඒ තෝරා ගැනීම කරලා තියෙනවා.
ebeda11a80	මේ චිත්‍රපටය සදහා දායක වි තිබෙනවා
ebee34cb20	උත්සාහ කළ යුතුව ඇත.
ebee6e7c5d	බලවත් විර්යයකිනුයි අරහත්වයට පත් වී වදාළේ.
ebef5251a4	උඹලගෙ ඔය මහ ලොකු සම්ප්‍රදායික දැනුම
ebefa3e5e4	මෙතන වැදගත්ම දේ තමයි
ebefee17aa	එහෙම හිතපු ඉස්සරහ එකා
ebeff3b5db	සිනමාකරුගේ මානව දයාවට
ebf026fc06	හදාගත්තු සංකල්පයක්.
ebf02a8271	අවුරුදු කට පස්සේ කතාව තමයි යන්නේ
ebf0f39dc8	එමෙන්ම මොලේ කොටස් වලද
ebf0f82bc5	නමුත් මේ දෙකම
ebf184745f	රිප්ලයි දන්නා උන එක ගැන මන් මෝඩ වෙනවා
ebf1abdf9b	කොණ්ඩය ස්ට්‍රේට් කරලා තිබුනේ නම්
ebf289b5d2	ජීවමාන වස්තුවක් වූ ජය ශ්‍රී මහා බෝධීන් වහන්සේ
ebf2a725d9	tinkerbell with her sister
ebf32b9204	ආදරයෙන් සිහිගන්වමි
ebf361661d	අමාරුවෙන් සිංහල කතා කල
ebf388ce20	මිනී මැරිමට පවා සූදානම්.
ebf3ae8888	අවුරුදු මිලියන ගණනක දේශගුණික විපර්යාස
ebf48fb317	ඔය ටික තේරුම් ගන්න
ebf4fea892	කොලුවෝ ලයින් ක් අම්මෝ
ebf529c6e7	ඔබ ඒ වීථීන් දෙපස
ebf609ebca	මුදිත ස්වාමින් වහන්සේත්
ebf630d98b	හරි දේවාලයක් හරි අහුවෙනවා
ebf69cdeb8	මෙන්න මෙතනයි.
ebf6d44b2a	ඒවගේම ටාරා ගැන ඇත්ත
ebf7ffad26	එතන හිටපු මහත්තයෙක්
ebf88ac4f5	කළයුතු දෙයක් ඇත.
ebf8abbd34	ඒකයි හිනා වුනාම
ebf8b96245	නාලන්දාව අවට ශිෂ්‍යයෝ මෙහි ඇතුළත් වූහ.
ebf8f6ea2f	ලෝක සත්ත්වයා හට තමාගේ යයි කියා කිසිවක් නැහැ.
ebf8f98140	බුදු දහමේ එන
ebfa07c308	නමුත් ඉන්දියාව කළ ඒ ක්‍රියාව
ebfa1329b9	මෞර්ය කලා ශිල්ප ක්‍රමයේද
ebfa2aacc3	විරුද්ධවාදින් එක්ක සටන් කරලා
ebfb053e72	ආණ්ඩු විරෝදින්ට ඕනේ තව තවත් මිනිස්සු
ebfc14a3b8	රට නැගුමට සහ ඉදිරි සංවර්ධන කටයුතු වලට
ebfd1083c6	මයාවක ගිලී හිඳින්නේ අපම ය
ebfd7e7138	මේ කරුණු පහෙන්
ebfd7fb2c1	බුදුන් වහන්සේ ප්‍රමුඛ මහා සංඝයාට
ebfdbe8a4d	ඒවා දැක්කම
ebfdbf69ae	නොසිතූ පරිදි හිමි වේ.
ebfdc0c7a9	nathasha perera wedding photos
ebfde6aad6	මෙම කරුණු විග්‍රහ කර බලන විට
ebfe6064af	එහි කොකෝව වගාව ට ප්‍රසිද්ධ
ebfe6f5ff2	තුන්වැන්න ඉහත දෙකටම අයත් නොවී
ebff4a3835	නමුත් ඒ ඉල්ලා අස්වීමේ ලියුමට
ebff5a19e0	එම නිසා ඒ සටනට
ebff9c1115	අතීතයේ අධ්‍යාපනය හදාරා
