ec000b19d5	උඹ ඒකේ ඇතුලෙම ඉන්න නිසා උඹට තියෙන අවබෝධය වැඩියි
ec002ab245	house wiring
ec00db56a1	ක්‍රියා කරන්න.
ec010c269c	ගූඨ චිත්තාවක ඉපදෙන
ec01a2fefa	යමෙකුට පිනෙන් වැඩක් වේ නම් එය ඔවුන්ට කියන්න.
ec01aab4aa	සාපේක්ෂ සත්‍ය සමගය.
ec02280d04	සැබෑ පෙම තුල පවත්නා
ec0235dc9d	එහෙම බලලා හරියන්නෙත් නැහැ.
ec024e66d0	හැබැයි දුප්පත් කම නිසා
ec025e0b86	රසිකයන්ගෙන් ලත් ප්‍රතිචාර
ec0261f55b	මැතිවරණ කොමසාරිස්වරයාගේ අවධානය යොමු කරන
ec02961dc0	භාවිතා වන මාධ්‍ය වගේම
ec02e0dd21	තියෙනවා.
ec0343155b	බස්හිමියන්ට වර්ජනය කළ හැකිය.
ec03f8193a	පැල් රැකීම
ec04bba266	කරන ලද සියලු යුද්ධ හා සටන්වලදී
ec04d08fb3	බලා‍පොරොත්තු රහිත වියදමක් දරන්නට කටයුතු සැලසෙන අතර
ec04e33f86	deth of women elpitiya divition
ec052bd2ff	ගොඩාක් මිස් යූස් කරනවා.
ec05318500	බොහෝ ශ්‍රී ලාංකිකයන්ගේ
ec05cb04a2	කළ ගුණ සැලකීමයි.
ec06c84d1d	අර කියුබාවෙන් ගෙනාපු
ec06d4e8b1	එක් සුවිශේෂ අවස්ථාවකදී භාග්‍යවතුන් වහන්සේ වෙත පැමිණි අයෙකු විසින්
ec06ed8cb1	අසා ඇති ප්‍රශ්නය
ec079c9edd	එසේ බැංකුවලට සින්න වූ සංරක්ෂණ
ec08f78051	එතකොට කව්ද කොහොමද කියන්නෙ
ec091becf8	ගුණ දහමින් පෝෂිත වූ තැනැත්තාම
ec0929d14e	පිළිකා යනු පෙර කල පවු පලදීමක් බවයි.
ec09784bdc	මොහොතක ඇති වූ පින් සිතිවිල්ලක් නිසා
ec0992f8d4	අපිට කවදාවත් හොඳවෙන්න බැහැ.
ec09d09a51	බුදු පදවියෙන් සලකා
ec0a8b092e	පෙර දිනයේ කිරිවෑස්සීමක් සිදුවූ බව
ec0b4d514a	මහා සංඝ රත්නයෙන් ද නිරන්තරයෙන් ම පිරී පැවතිණි.
ec0b962c1e	හරි ලස්සන රසවත් එකක්.
ec0ba7b7e6	බාහිර ශබ්දයකට අරමුණකට
ec0c5887ea	ඒක රූපගත කරන්නේ
ec0c7ee275	භණ්ඩුක උපාසකතුමා මිහින්තලේ දී පැවිදි කොට උපසම්පදාවට පත් කරීමයි.
ec0c9cdb48	මුල්ගිරි ගල වෙත එන වන්දනා කරුවකුට
ec0db380b6	එහෙම නැතිනම් විපක්ෂයටද
ec0dc46e28	පොඩ්ඩක් හැම පැත්තෙන්ම හිතල බලන්න යාළුවා
ec0efec646	ආ අළුත් අවුරුද්දේ
ec0fe3f6d2	ඊට ඉස්සෙල්ලා රට වෙනුවෙන් සටනක් කරලා
ec1020a364	බුදු අම්මෝ අයියා පොලිසියේ ද පෝස්ටර් ගලවන්නේ?
ec10476ba5	පෙළොවෙහි සිටුවන ලද බීජයක් පරිද්දෙනි
ec10ceddd8	පෝය පවතී.
ec1108c5f7	චෛත්‍යය සංවර්ධනයට දෙනු ලබන
ec11823175	එසේ සිදු වී ඇත්නම් මෙය
ec1203c242	වැඩිහිටියන් පවා එම වෙලාවේදී
ec122b34c2	ගුරුවර ගුරුවරියන්
ec12466431	කියන ගස ගලවා ඉවත් කිරීම
ec1251da09	අර එයා දකින සලකුණ ඇඳපු පෝස්ටර් වගයක් අලවලා
ec1272c4af	ජයම වේවා සහෝට .
ec1296f280	කෙමෙන් වැඩුණු බවට ප්‍රබල සාධක තිබේ.
ec12a31cfc	ඇතුලෙ ඉන්න සම කාරයො ගැන.
ec12bf5f65	සුපුරුදු පරිදි දේවදත්තයන් වෛර බැඳගත්තේ ය.
ec131ae852	saari jacket
ec13da42ab	හරිම බිසී කාලයක්
ec141ced6b	ඉතින් ඒ ශ්‍රාවකයා ඒ තුළින් තමයි
ec14270a18	අපිට හින්දි බලලම
ec14643936	ප්‍රහාරයක් එල්ලවූ බවයි ප්‍රදේශවාසීන් පවසන්නේ.
ec14b222bd	දෙයක් නොවීම.
ec15216e6b	මුහුදු ගමනක යෙදී සිටියදී
ec1573cd52	අදාල බලධාරීන්
ec15e4f4f7	වඩාත් වැදගත් වෙයි.
ec162c9f62	නමුත් ඒ දෙවියන්ගේ
ec17f153e7	බුදුරජාණන් වහන්සේ වැඩසිටින කාලයෙහි
ec17f66044	කතා කරලා වැඩක් නැති මාතෘකාවක්
ec1869963d	මහජන පුස්තකාල ශ්‍රවණාගාරයේ රැස්වීම තිබ්බා
ec18763c77	එබඳු උතුමන් උපත ලැබූවත්
ec18d8e70c	colombo properties for sale
ec190d421b	උතුම් වූ නිවන් මඟට පැමිණිය හැක.
ec195634c3	ඔන්න ඔය තත්ත්වය නිසාම යි
ec19686fed	එදිනෙදා අවශ්‍යතා
ec19abfd97	කවියා සූදානම් නැත.
ec19cfd461	ඒත් හේවා සහෝ සබ් එක දීල තියෙද්දි
ec1a26f7d9	බොහොම රසවත්.
ec1a684590	අනේ කවුරු හරි ඒ සුන්දර මතකය
ec1aa9fd16	පොලිසියට ගෙනියනවා.
ec1aaaffa7	මේ සම්බන්ධ සුභදායි වෙනස්කම් රැසක් සිදු වීමට හේතු වේ.
ec1acc7b1a	එය කෙලින් කියාගන්න බැරුව සිටි
ec1ad63c8c	තාමත් ඉන්ටර්නෙට් නැත්තෙකුට නම්
ec1afe8b08	මතු වී නැති බවද ඔහු සඳහන් කළේය.
ec1b05ceb6	මහේස්ත්‍රාත්වරයා අවධාරණය කළේ ය.
ec1b274a9e	උපාසක යන නාමය
ec1b2cbc52	අවශේෂ කුරුල්ලන් පියෑඹීම සඳහා
ec1bb05549	cartoon father
ec1bb85faf	අයිය නිසා මොනවත් වෙන්නේ නැති බව
ec1c28e17f	එබැවින් එසේ ජීවත් වන්නාහු
ec1c355b33	අගමැති මැදුරේදී වෙඩි ප්‍රහාරයට ලක් වූ
ec1c35c9fc	පුදුම දුකක් විඳින්න සිද්ද වෙන්නේ
ec1c92c251	එසේ කිරීමෙන්?
ec1d4b4ef7	ඇයත් මනාලයාත් තම මංගල දිනයේ දී කොළ පැහැයෙන් සැරසී සිටි
ec1d6bf142	තිලීපන් උපවාසයෙන් සිය දිවි නසා ගැනීමත්
ec1d70087b	ඔවුන් සමග කතාබස් කරන්නේත්
ec1deb8c7f	වර්තමානයේ මහනුවර පෙරහරට
ec1e2c614b	දින කිහිපයක් එහි ගිය නමුත්
ec1e37e2fe	බුදුරජාණන් වහන්සේ සුමන දිව්‍යරාජයාණන්ට
ec1ef3d8b2	එයත් පාපමිත්‍රයෙක් බවට පත්වෙනවා.
ec1f194c60	එහෙම අවස්ථාවක දඩුවම් දීමට
ec1fbcf4a8	රජතුමාගේ ජයකොන්තය නිධන් කර සෑදූ
ec1fd9a37e	මේක මේ නිවාඩුවකට ගිහිං ඉදලා
ec1fe15121	බණ කියුවාට පලක් වේද?
ec20498810	භාණ්ඩ හෙවත් වස්තු අතර
ec2053908f	උදේ පාන්දර චීත්තයක් හැට්ටයක් ඇද
ec20708420	ඔවුන් අතර හුවමාරු කර ගන්නව
ec21074d2c	ඒ කියන්නෙ
ec219c3a94	හැකියාව ඇතිවෙනවා
ec21a9b0ad	දිගින් යුත් දියකඩනය සම්පූර්ණ කිරීම සඳහා
ec21b230cc	අපේ ඇතැමුන්
ec21ce6258	මැවීම් කරන පුද්ගලයෙක්ද?
ec2201d986	ඇත්තටම එයාල මේක කරල තියෙන්නෙ
ec22bd5108	අංදිග ගෝණා වගේ ඉන්නේ නැතුව
ec238f53d0	films songs
ec2404aec0	අපේ රටේ විතරක් නෙවෙයි
ec24d8139c	ඒත් බත් කෙන්ඩට දත තියන්න ආවා
ec24e00322	ඇය තුළ වසරකට පෙර ඇති වූ කාමුක සිතුවිල්ලක්
ec2501cb78	ඔහු විසින්ම කරන ලද දෙයකි.
ec251df78c	තාක්ෂණික දුර්වලතා නිසා
ec2594a052	අර්ථ මතු කළ අයුරු ආශ්චර්ය දණවන්නකි.
ec25ac5555	නවීන මහා මාර්ග පද්ධතියක් අත්‍යවශ්‍ය බවයි
ec25c59f60	මේකෙ අවසානය මෙහෙමයි කියල
ec276c8259	මේ විදිහට දායාද කරන එක
ec27b7737c	අනතුරුව පැවැති උත්සව සභාවේ කතාකරමින්
ec28105fac	කාලෙත් එක්ක සිද්ද වෙන
ec281146b8	ඇයුරු දක්නට ලැබිණි
ec28a0c635	එහි සංවේදන හඳුනාගැනීම සඳහා
ec28f2b513	එතුමාගේ ශ්‍රද්ධාව මට වඩා වැඩියි
ec296fabc1	එහෙමයි කියමු
ec29786fb4	පැවැත් වූ බව පෙනේ
ec298b3b09	rosa mal photos
ec29970af2	එම ව්‍යාපාර වල මූලිකත්වය ගත් අය
ec29ad630b	මේ දරුවාට මැනවින් ඉගැන්වූ අතර,
ec2a4fe6ad	අප්පමාණ චේතෝ විමුත්තියේදී
ec2a695698	ඒක ලියලා තියෙන්නෙ
ec2a7dc3c8	අඳුරෙහි සැඟවීම තුළ
ec2aafefa3	අපේ හිමිතැන් දැනගෙන වැඩ කරලා
ec2ad76624	අපේ කෙල්ලෝ කිව්වේ
ec2aee48b6	ඒ වගේ කියලා.
ec2b445d2c	ඔන්න පේනවනේ
ec2b7194b1	ඔබ ටික ටික
ec2b7a5299	දාන, සීල, භාවනා යන ක්‍රියා ඉවහල් වෙනවා.
ec2bd84df7	ඔහුට තරහ ගියා.
ec2c3a20e7	එතුමානෝ නිලමෙලා අධිකාරම්ලා සහ ගවහිමියන් හමුවෙලා
ec2c70e822	එවිට බුදුරජාණන් වහන්සේ වදාළේ
ec2d6dff00	බුදුරජාණන් වහන්සේ දැකීමට මහ පාරේ යන කොට
ec2e214b38	කාසි මුද්‍රාවල ඇසතු ගස
ec2e3e0682	ඕන විදිහට නටන්න ඉඩදී ඇත.
ec2ef38d41	බෑග් එක ඇතුලට
ec2f19ac34	රජය තහනම් කර ඇති නිසා
ec2f1d831d	අපේ මංගල උත්සවය අවසන් වුණාට පස්සේ
ec2f40bc8d	දුම්රිය මාර්ගයක් ද ඇත
ec3011608d	එදා විදියටම දකින්න බෑ.
ec305c13ad	යළි සොයා ගත හැකි වන්නේ
ec30fff430	kalani
ec314a133a	එදා දුටු ඒ තරුණ කෙල්ල
ec319ef482	සිද්ධාර්ථ ගෞතමයන් වහන්සේ දිනුවා.
ec319faf88	දෙවියන්ගෙන් පිළිසරණක් ලැබිය හැකි බව
ec321e9022	එය බරපතළ වරදකි
ec32a3ec39	ඇට්ලස් කෙනෙක් තමා.
ec32cb57dc	එහෙම යන එකේ වැරැද්දක් තියෙන්නේ
ec33460f01	ඔයා ගැන ගොඩක් වර්ණනා කරන කෙනෙක්ගෙ
ec3370bd0f	විසිරුවන්නේ නැත්තේ.
ec339fee90	මිය යන මොහොතේ
ec346f77d0	අකාර්යක්ෂමතාව හේතුවෙන්
ec35126350	මම දහම් පාසල් යන කාලයේදී
ec3583f5fb	ප්‍රදේශවාසීහු විශාල පිරිසක් මෙම අවස්ථාවට සහභාගී වූහ
ec369e58d8	සරල පහසු කරුණක් වන්නේද නැත
ec36b6d513	හරියට සමාජය කම්කරුවන් හා හාම්පුතුන් කියල දෙකට බෙදල
ec37225fea	මේ ශාපය මොකක්ද
ec37a1525c	එය තමයි බුදුන් වහන්සේ විසින්
ec38900687	එය ඔබට අනාගතයේ ප්‍රශ්නයක් වෙයි කියලා හිතුණේ නැද්ද?
ec38b97bba	ගිහින් කතාබහ කරමින් ඉන්න විට
ec39300a7c	ඒත් මගේ සුබ පැතුම්
ec398a8a1d	අම්මියි තාත්තියි මාව එක්කගෙන ගිහින්
ec39a576e8	නොහැකි වී ඇත
ec3a058947	එය හරියට ස්ප්‍රින් එකක්
ec3a64c7ef	අන් අයෙකුගේ ස්ත්‍රීයක් බව දැන දැනම
ec3c631b74	swarnavahini news
ec3c6a6a66	මම සසුන් ගත වූයේ
ec3c97887a	අපි කරපු වරද?
ec3caf6fd6	ඇය ලේන කුලයේ සිටම
ec3cc96391	ඇතැම් පෞද්ගලික ආයතන
ec3ccb61f7	ආව කියමුකෝ මිදී ගෙඩි දහයක් අරගෙන
ec3cee70a5	මම කෙටියෙන් ඒක කියන්නම්.
ec3d4b175d	ඒව නිර්දේශ කලා.
ec3d5c7a25	ඉකුත් මාර්තුදා සවස මියගිය සඳුනි
ec3d9f620e	අරලගංවිල හංසයාපාලම ගමේ
ec3e59e0fe	ජනාධිපතිවරයාගෙන් යහපත් ප්‍රතිචාරයක් ලැබී නැති බවද කියැවිණි
ec3eaffc2f	සම්භාව්‍යත්වයෙන් පිළිගනු ලබන කෘතියක් ලෙස
ec3f70525e	ගමෙන් කැම්පස් ආපු ළමයි.
ec3fb2d6f2	යවන්න වෙන්නේ නැහැ.
ec40258e37	උනන්දුවක් දක්වන මෙම වසර තුළ
ec403854d3	ඒත් රැකියාව කළොත්
ec405efcc6	සුප්පුවෙන් කිරි බොන කොට
ec409dadb5	ද්වේශයක් හෝ පිළිකුලක්
ec40ee84ca	විරූපි පුද්ගලයාගේ ජීවිතය අවුල් නොවේ
ec410878f3	හාමුදුරුවොත් යම් යම් ගැටලු වලට මුහුණ දෙන්නේ
ec421bd8f9	නිකං මේ හතර අතට වනන
ec424dea1f	උසාවියට ඉදිරිපත් කරනු ලැබූ අප්පුහාමි
ec425ba564	මොකද ලංකාවෙ විනෝද කර්මාන්තය පටන් ගන්න යුගයේ.
ec4270e99d	රාජපාලනයේ සැබෑ ස්වරුපය හුදී ජනයාට
ec427bb76b	එසේ වීමට හේතුව දැන් සියදිවි නසා ගැනීම
ec42f0bc87	පාෂාණ සමඟ සම්බන්ධ ග්‍රහයෙක්.
ec430f945d	පිරිමි ඉන්න රටක
ec4364793b	අඩු මුදලකට එළවළු ලබා ගන්නටද නොහැකිය.
ec438d269c	kiss
ec43c3e427	මොකක්ද මේ ෆිල්ම්
ec4456845a	මෙතැන් පටන් ඔයාලට භාර කරනවා
ec44ae3424	ඉපයීමක් තියෙන්නෙ.
ec44f65230	ඔහොම දාන්න යන්න එපා.
ec450fe681	බෝධිසත්ව පිළිමද ගන්ධාර කලා සම්ප්‍රදාය අනුව
ec4512d78f	එය භික්ෂු භික්ෂුණී, උපාසක, උපාසිකා යන
ec45d0c4b7	කරන්න වග බලා ගනියි කියල හිතනවා.
ec45e8e04f	බොරු වෙන්නත් පුළුවන්.
ec46506d43	නාට්‍යයක් ඉවර වෙලා.
ec46736810	අවිශ්වාසය නිසා පාවිච්චි කරා කියලා
ec46946799	බලපු නැති අය
ec46df815a	තුන්වෙනි දවසේ
ec4729444d	මේ මනුෂ්‍යත්වය තමයි
ec4788d4fb	බුද්ධ ශාසනයේ වැඩසිටි
ec47b2c4ae	ඔවුන්ට එය බොහෝ කාලයක් මුළුල්ලෙහි
ec47f2973e	සංවිධානමය පරිවර්තනයකට ලක්විය යුතු බව
ec48740e0d	මේ කුඩා නදියකින් එතෙර වන්න
ec487f9fed	ගොඩාක් ස්තුතියි
ec48c67ff9	ඔන්න ඒක දැම්මා
ec49429602	එම උලෙළේ දී හින්දු චාරිත්‍ර ඉටු කොට
ec4956710c	කෝලිත කියන තරුණයා කළු පැහැයෙන් සිටියත්
ec49e8f535	අලුත්ම ක්‍රියාදාම චිත්‍රපටියක් ගැන කියන්නයි.
ec49ed046e	නිපදවා ඇති නවතම මිසයිල
ec4a503407	ඉඩකඩම් ආදිය මිලදී ගැනීමට සිහින මැවූ අයට
ec4b7da900	මේක බලන අයටත්
ec4c6d6518	එහි වියනේ චතුරාර්ය සත්‍ය ධර්මය
ec4cab6e21	පැයක්‌ ගතවීමට පෙර
ec4cd2c6a8	ඕක වෙන දෙයක්.
ec4cdbfe29	රටේ පරිපාලන අවුල් වියවුල්
ec4d9903c9	සැවොම එක්ව බ්ලොග් කියවන්න
ec4dad78bb	මුළු සමාජ පිට පටවන එක වැරදිය
ec4db1decb	ශ්‍රද්ධාව කියාපාන මහඟු අවස්ථාවක් ලෙසද
ec4dd52d7d	අපේ රට කරවන ඇත්තෝ හිතනවා
ec4dda1db1	සතුනට ද ආරෝග්‍යශාලා පිහිටවිය.
ec4e24d558	එහි එන නිර්මාණයන්
ec4ea69f1b	ස්තුතියි ධනා!
ec4ec570c1	අනුන්ට නින්දා අපහාස කරන
ec4ee80a35	පාඨකයා කවියෙන් ඈත් වෙනවා
ec4ef3d541	ඉදිරියෙන් සිටින බව දැකගත හැකිය
ec4f63e4b8	එකට ඉගෙන ගත්තත් උන්ගේ ගැට්ටට තමයි අදින්නෙ
ec4f6c4251	මෙය වාර්ෂිකව කළ යුතු යැයි
ec4fb5e3e3	මෙහිලා වැදගත් වේ.
ec4fd8898e	දියුණු ශිෂ්ඨාචාරයක ජනයා පැමිණෙන්නට ඇත.
ec5050c592	ආදර ගීතයක් තියෙනවා කියලා
ec50952945	සෝලියස් මැන්දිස්ගේ සිතුවම් ඇඳීමේ කාර්යය නැරඹීමෙන්
ec50c06b41	මාලු වලට සීමා කරගන්න බැරිද අපිට?
ec51009f13	විද්‍යාවක් අවශ්‍යයි.
ec515d2bf6	විනාඩි ගණනක් ඇතුළතදී
ec51f09fe1	ආපු හැටියෙම හිනාව නැතුව ගියා.
ec5258782a	එම දෛව මොහොත
ec5267a021	කුසල් සිත් සම්පාදනය කරගත යුතුය
ec52716a6c	තේක්ක මී කැටකාල මහෝගනී හා
ec52793282	ජගත් මානව හිමිකම් ප්‍රකාශය
ec530d4e94	වැඩ සිටි සේක.
ec53242f9c	ආර්ථික හා දෘෂ්ටිවාදී ශක්තිය
ec53e299c9	වගා කරනවා ඉස්සර.
ec5402233b	swarnavahini news
ec541f09ad	දොහොත් මුදුන් දී වැන්දේය.
ec5512b630	කණ්ඩායමක් මගින් බලය අල්ලා ගැනීමක්
ec558a1c52	etisalat.lk
ec5607565a	එවිට බුදුරජාණන් වහන්සේ වදාළේ
ec56d2dbfa	බෞද්ධ ශාසන ඉතිහාසයේ සුවිශේෂ සිදුවීම් රැසක්
ec56fa1aa5	ඔයාලට බයිස්කෝප් එකක් තමයි
ec58457def	තිබෙන ස්ථානයක්
ec5896f69a	එහෙත් එසේ නොවන පුද්ගලික ලියන්නන්ගේ අරමුණ
ec594dad8f	ඒත් අන්තිම වෙනකොට
ec5aa369da	උඩුහිත අපට පාලනය කරන්න ලැබුන
ec5ac0be0a	examination
ec5adbe981	නමුත් ඒවා බරපතළව
ec5aebe3c7	අධිකරණය මගින් නියම කළ දඩ මුදල
ec5b5ab8d9	ප්‍රේමකීර්ති යළිත් වරක්
ec5bfd47bf	udara
ec5c48c60b	මොකද බොහොමයක් දෙනා කැමති නළුවෙක් තමයි
ec5cb0af94	එහෙම කියල බෑනේ
ec5d4b7b50	සමාජ් තත්ත්ව දරපු දරන තානාන්තර මේකට අදාල නෑ.
ec5e132e9c	මිනිස් ඉරණම විනිශ්චය කිරීම කෙරෙහි ද
ec5e7e6ee8	තවත් සොඳුරු සිනමා සිතුවමක් සමඟින්
ec5e85034d	එම වටදාගෙයි නෂ්ඨාවශේෂ වූ
ec5eb0dcbf	අපේ ආගමේ කිසිම දේකට
ec5ee988e3	රජය තිබුණොත් පමණයි.
ec5fbb434f	එහිදීත් බුලත් කොළ මත
ec6097eabb	ලිංගික අධාපනයක් දැන්වත් දීපල්ලා.
ec61c3d3fb	love rose
ec62732bb1	ඒවායේ වර්ධනයට හා පැතිරීමට
ec62903b56	mayawarunge lokaya
ec637d42bd	එය සිවු මහල් තේ කම්හල්
ec63bb1456	ඉතින් දවසින් දවස මෙයින්
ec63d8ff27	යුතුකම් රාශියක් පිළිබඳව
ec63dd8fd1	පොඩි සාදු සසර අවබෝධ කරගෙන රහත් උනා
ec646343ca	නිදහස නොව සැමගේම නිදහසට
ec6564d32b	සිම්පල් ප්ලෑන් එකක්ද?
ec65b5d61e	සිංහල සාහිත්‍යයේ කොටම කවිය
ec65d25451	race 2
ec678fe59d	අල්ලපු ගෙදර නෝනාට බයේ.
ec6879fc4d	හිතුනේ නන්ද කුමාරයා දැක්ක
ec6889efb1	අහෝ, පින්වත් බ්‍රහ්මය, ඔබ අවිද්‍යාවට හසුවෙලා.
ec68bf5981	පාත්‍රය ද රැගෙන යා යුතුය.
ec68ee147a	මේ කරුණු හතර අවබෝධ කර ගැනීමෙන්
ec6915f951	කෙන්ජි මාමට මෙච්චර සලකන්නේ.
ec6926e403	මත්ස්‍ය මකරා සහිත
ec693f9049	අද විතරයි මම මේ කතා මාලාව ඔයාලට දෙන්නේ.
ec6b32c91f	බාහිර ආටෝපයට මුල් තැන දෙන
ec6bc2b48b	අවංකව බැලුවහොත්
ec6c10c5da	දම් දෙසුම් පවත්වයි.
ec6c876eaa	ගෙදරට ඈතින් රළ ගහන සද්දෙ ඇහෙන කොට
ec6cd90646	නැඹුරු වන්නේ විවාහක කාන්තාවන්ය.
ec6d82404f	ඔබේ උත්සාහය
ec6df7290a	එක වචනයක් කීවොත් හෙට වෙන කොට
ec6e0008c6	තිරගතවුණු කාලෙත් එක්ක සලකනකොට
ec6e3426f5	අපේ වගේ නෙවි
ec6e5aaba9	නමුත් අර කෙනා සොයා යන මෙහෙයුම තමයි ප්‍රධාන.
ec6e7e00df	එකම දොරකින් කොච්ච්යට නගින්න තිබ්බා
ec6fd9ab30	අපිට නමි පඞි දවසට
ec6fff8458	අත පය හෝ වෙන කිසිවක් අනන්‍යතාවයට අදාළ නොවේ
ec70207ef8	ඔය ටොරන්ට් වැඩේ නවතින්නේ නැති බව.
ec70342247	අසුභ භාවනාව බොහොම හොඳයි
ec70809d27	දවල් වැහැපු අයිස් වැස්ස කියලා.
ec70e20e2c	අප අකමැත්තේන නමුත්
ec71118c2e	මේ රටේ ඉපදුනු
ec71b164e6	ඇතුලේ පිහිටි ලක්ෂයයක් වටා නිසා
ec71f706af	අප දන්නවා
ec7297a9d4	ඒ වේදනාව දැනුනේදැයි
ec72cb6128	මේක බලන්නම හිතන් උන්නු එකක්.
ec72fd882b	ඇන තියං තුත්තිරි නැට්ටකින්
ec7368e597	ඉලෙක්ට්‍රෝන නිසා දැල්වෙන බව
ec7417c1c3	ක්‍රියාඵලය විග්‍රහකොට බැලීම
ec74476aa6	american logo
ec7469789f	තවමත් අපි ගාව තියෙන්නේ කියලා.
ec74ae39ff	අනතුරුව සාක්ෂිකාරිය ඉහත කී
ec754f77d7	ආගමික නායකයින් පූජකයින් ආදීහු
ec756b5a2c	ඒකයි පොලීසියෙන් කසිප්පු අල්ලන්නේ
ec75954f6d	එම මාලිගයේ දාසියකගේ කුසේ උපන්
ec75fce884	ඒක ශ්‍රද්ධාව නැතිකම
ec7601c1fd	සියවස් 5 කට පසුව
ec7661489d	පහසුවෙන් යන්න පුළුවන් වේවිද කියල.
ec7694436e	තමයි හොඳ.
ec769bba0c	ලංකාවේ තාම බෑ
ec76abb48b	ආණ්ඩු වෙනස් වුවද
ec76b8a898	ඕක තමයි දියුණුව
ec76ce0c68	මට හිතෙන්නේ.
ec770df205	මොන හැඳුනුම්පතද
ec777310fe	දේශනා කලේ.
ec77a86e7c	ඇය විවෘතව දකින සිතෙන දෙය
ec77ce8f03	කරුණාව පුද්ගල ඒකීය භාවය සඳහා ම යොමුවේ.
ec783ea974	හුදෙකලා වෙන්න.
ec78a115e2	දැන් එන්න එන්න අඩුවෙනවා
ec793946d1	භූමිභාගයක් පුරා විසිරී ඇත.
ec7949945e	නායක ඌරුවරිගේ වන්නියලැ ඇත්තන්ය.
ec795a9717	සංකල්පයක් නොවේද?
ec79833400	සිංහල සරල ගීතයේ ආස්වාදය මැද
ec79f43d7c	පාලි රසවාහිනිය ලියවෙන්නේද
ec7ae9ced2	ඒ බුදුන්ගේ තෙජසින්
ec7afd82e9	මෙසේ සොයාගත් ආර්ථික ශක්තිය
ec7afee8a3	අපි මේ වෙනුවෙන් යමක් කරමු
ec7b046bcb	හිල්ටන් හොටෙල් එකේ
ec7b1bfa8f	හැබැයි මම ඒක අහන්න පුරුදුවෙලා හිටියේ නැහැ.
ec7b6158d3	එකල අධ්‍යක්‍ෂ ජනරාල් වරයා මාසිකව ජාතික උද්‍යානවලට ගොස්
ec7b86d19a	ඉතා පැහැදිලි කරුණ නම්
ec7bb814c7	කිරිවෙහෙර පැත්තට වෙන්නට
ec7bfe2faf	ඉස්පිරිතාලේ යන්න වුණොත්
ec7ce43c6b	දායාද කර දෙන්න.
ec7cf933bc	උද්යෝගිමත් කළා
ec7d2ac058	රත්නායක ඔය කතා අහන කොට
ec7d943a61	ඒත් මට
ec7da6d041	ශ්‍රී ලංකා ආයෝජන මණ්ඩලය මගින් පිඹුරු පත් සකස් කෙරේ.
ec7db49280	ගොඩක් වෙලා ඇවිදලා
ec7df9b93c	ඒ හැටි දෙයක් නැහැ.
ec7e06bfb0	යකඩ පාලම් එංගලන්තයේ ඉඳන් හදාගෙනයි ආවේ.
ec7e79a34e	තව ජීවිතයක් බේරා ගැනීමට මිසක්
ec7f2822f4	පරීක්ෂාවට ලක් කලා.
ec7f2a7f5d	ඊට පස්සේ ඒ ගිරයෙන් දෙහි ගෙඩියක් කපන කොට
ec7f30a790	discovery
ec7f7306cb	නකුල මවුපිය දෙදෙනාගෙන්
ec7f9a4687	එකම එකනම් ඒකට වෙනම එකක් තියනවා
ec7fb1c328	එනම් සිත තුළ ඇතිවන මනෝ භාවය
ec80b5e2a9	ඒත් පිරිසක් නිසා
ec816553b2	එය බාල කිරීමට හෝ වෙනස් කිරීමට
ec81fc4ecf	ක්‍රියාකාරී කාර්යභාරයක් ඉටු කළේය
ec82055ea0	ඉදිරි වසර දෙක තුළ
ec826552cc	එවිට අරගල කිසිත්, ඇති නොවී
ec82b3cf0f	එය විශ්ව සාහිත්‍යයට
ec82d18553	මුද්‍රණ දෝෂ නිසා විෂයයට අවස්ථා දෙකකදී සූදානම් වන්නට සිදු වීම සිසුවාට මහත් වධයකි.
ec82e7bad5	මම දාන්නේ අවිද්‍යා ගොඩට.
ec83ab7a2e	අද මේ ප්‍රශ්නය නිසා
ec84848e7c	එනම් නොයෙක් අවස්ථාවන්හිදී
ec848dbd9f	මෙරටට පැමිණියහොත් එය අප රටේ ජනගහණයට සමාන සංඛ්‍යාවකි
ec85988f08	දඬුවම් මුදලාලි මීට තුන්වසරකට පෙර කුරුවිට දී
ec860b6f98	සැබැවින් ම නාගසේන මහරහතන් වහන්සේ විනා
ec862d81ca	අකිල කේක් කපන ෆොටෝ එකක් මට පෙන්නුවා
ec86778dd6	කරුණාකර දැනුවත් කරන මෙන් ඉල්ලා සිටිමි.
ec87a21393	එය ගිහි ජීවන රටාවට ප්‍රායෝගිකව
ec882dd453	අලුත් මනමාලයට ගොඩාක් තුති සහ සුබ අනාගතයක් ජය
ec885cd650	පොළොන්නරු යුගය කරා ද සපැමිණි බව දෘෂ්‍යමාන වෙයි.
ec88c1e1b0	ඒනිසා
ec88d0e749	මම ඒකට එකඟ වුණේ නෑ
ec88e4b4d0	ස්වාධින රූපවාහිනිය රජයෙට පවරා ගත්තේ
ec88f7d9c4	හිත එත්නම් පත කුඩා නැත්නම්
ec892723f0	අනිවා බාගෙන බලනවා.
ec8933f60d	අනික් හේතුව තමයි හාඩ්වික් කියන කෙනා
ec8985dcd8	මෙම ආර්ය සත්‍යයෙහි අඩංගු වනවා.
ec8b2f5a33	ස්ටීවන් ස්පිල්බර්ග් ගෙ නම් ඉතින් අහන්න දෙයක් නැ.
ec8b52d92b	වරද පෙන්වලා දුන්නම
ec8b9b59ec	සත්‍ය තේරුම් ගන්න උත්සහ කරන්නෙකුට නම්
ec8c409519	මැණික්පාල බිසොවුන්ට බුලත් කෑමට දොළක්
ec8c47b25b	උඹලත් එන්න ඔන විරෝධතාවයට
ec8c584f5c	ලොකු ලොකු නීති වෙනස් කරන්නට
ec8cbc0452	ගැටළු බොහෝ ප්‍රමාණයක්
ec8db1e81c	job vacancy
ec8dcf6e6c	පත්තිනි දෙවියෝ යටිපිල වශයෙන් යෙදෙති
ec8ed299ce	රටේ සංවර්ධන ගමන් මග පිළිබදව
ec8f7b51ff	තමන්ට පැහැදිළි සහ නිරවුල්
ec8fbce40a	තුන්වෙනි සීයා වුණා මේකා.
ec900da81b	අපේ අම්මටත් පුදුම ධෛර්යත් තිබුණේ
ec9056d783	kaspersky download
ec90f56bbe	මේ සියලු කෘති යම් ආකාරයකින්
ec91261937	ඔන්න මම උපසිරසක් අරන් ආවා
ec91f23955	කියන එකත් මතක නෑ
ec93310d76	මවු පියන්ගේ උතුම් චරිත ලක්ෂණ
ec937003f7	ඇමරිකාවේ නැවතී එම උපාධිය සම්පූර්ණ කරලීමට අවශ්‍ය සියළුම පහසුකම් සැලසෙනවා.
ec93a8f1ca	භාරතයෙන් ආරම්භ වූ මේ දර්ශනය
ec93c7536e	ඇතැම් නිලධාරින් සිය සේවා කාලයේදී දෙතුන් වතාවක් එම නිවාඩුව ලබා ගෙන තිබේ.
ec93f1d811	එකවර සියලු දෙය අතහැර යෑම
ec94598d94	රජතුමා ද ශ්‍රමණයන් වහන්සේලාට වන්දනා කොට
ec94f24632	කිසි වගක් නැතුව නිවස ඇතුළට පිටත් වුනා
ec95296dd9	එයට එරෙහි මතවාදී
ec95810dd4	නිශ්චිත වශයෙන්ම පසක් වෙයි.
ec96d5b23a	අපිත් ඉතින් දන්සල් දෙක තුනක් වැඳ
ec96defc5c	හිත පැහැදෙන්නෙවත් නෑ
ec9700df00	තීන්දු කෙරෙන විශේෂණයකි.
ec9750e65d	ඒවා පාඨකයන් අතරට ගෙන යාම
ec9792ec29	ඇය දිවයද්දී
ec97e7c081	මේ නාට්‍යයෙන් කරලා තියෙනවා කියලා
ec9831a52c	ඔබේ ජනප්‍රියත්වය
ec98e6fc6b	නොයෙකුත් තාඩන පීඩනවලට ලක්වුණා.
ec997cad0d	මෙය සුවිශේෂී ස්මාරකයකි.
ec99906183	sea horse
ec9a29e9da	අනේ සුගත්
ec9a5293e3	ලෝකවාසීන් රටේ ප්‍රධානියාට අයබදු ගෙවනවා
ec9ac1b231	අවාසනාවකට ඊට සතියකට දෙකකට පස්සෙ
ec9aeff625	පවත්නා පාලනය සාධාරණද නැද්ද යන්න
ec9b0ec27b	සහතික ඇත්ත.
ec9b500757	අඩු වශයෙන්
ec9b579298	වීරයෙක් වගේ කතා කරන්න යනවා
ec9bd0be4e	තියෙන අවශ්‍යතාව ගැනකියනවා.
ec9bdb985a	පවුල් පිටින් විනාස කරපු මෑත යුගයේ .
ec9c19fa98	ඒවා වෙනකොට
ec9cba7f46	එල සහෝ අනිවාත්
ec9d4656cc	දැඩි බව, දරදඬු බව
ec9d48efff	එයා එක සැරයක්
ec9dbda193	කැසීනෝ ටික එලවල
ec9de6a471	සූවිසි මහා ගුණය දැනගෙන
ec9de9a9e7	ඔය වගේම දේවල් වෙන්ඩ ඇති
ec9dfc1e79	එබැවින් යහපත් ප්‍රතිපත්ති ක්‍රියාවට නංවමින්
ec9e1288d9	එතුමිය පිරිනිවී පසු එතැනට වැඩිය උන්වහන්සේ
ec9ead4ab1	සැබැවින්ම හිමාල වන අරණේදී
ec9eb04a9a	ඔහුනට අවසර නැත.
ec9ef74309	එහෙනම් ඔන්න ඔබට බාරයි
ec9f19dee4	කලා වැවේ නාන්න ඉඩ දුන්නොත්
ec9f22bf7c	ඔබේ දෙපයින්
ec9f921742	ඒවා දේශපාලන හමුදාමය සමජයීය වශයෙන් තියෙනවනෙ.
ec9fd14690	අයින්ස්ටයින් සොයාගත්තද
eca0887822	මමත් එළියට පැන ගත්තා.
eca1bfacbb	අපි කරපු වරද?
eca21c0c6f	බෞද්ධ දර්ශනය තුළ හඳුන්වා දී ඇත.
eca2986fa2	අනික් එව්වත් දෙන්න
eca32d40f2	එම අවස්ථාවේදී ද ගැටුමක් ඇතිවීමට ගිය අතර
eca34059c9	වීඩියෝවට ගැලපෙන්නෙ නෑ.
eca411f771	එමෙන්ම ඩිස්නි සමාගමෙන්ද
eca5662f96	පියනන්ද හාමුදුරුවෝ
eca5bec836	රට පාලනය කරන්න නෙවෙයි
eca679d5a3	මෙහි විහාරාධිපතීන් වහන්සේ
eca68a6707	ඒවාට ගහන්න කියාවි
eca6a950dc	සාහිත්‍ය විචාරය ප්‍රගුණ කළ කෙනෙකුට
eca6c9e226	කුමන ඉරණමකට පත්විය හැකිද?
eca6dcaadc	රජයේ ආයතනයක් යනු
eca6dd3f7d	හැබැයි ඔබ මොන ලෝකයක සිට ආවාදැයි
eca6f344b3	e cigarette manufacturers in india
eca731ccc5	හදිසි කුඩා අනතුරක්
eca7b4b589	එහෙත් ඔහුගේ පාසැල් ගමන
eca8423ddc	අනෙක් අතට ඔහු ගැහැණුන්
eca9351ec4	දැක්වෙන සිදුවීම් බොහොමයක් ඇත.
eca93724a7	මේවා සිදුකළ යුත්තේ
ecaa2cd41a	පිරිසිඳු වැසිකිලි පහසුකම් සපයනවා නම් ලොකු සේවයක්.
ecaa54ab73	මිනිසුන්ගේ සහ තිරිසන් සතුන්ගේ සිරුරුවලින් පිට කරන අපද්‍රව්‍යයි.
ecaa62a32a	අද ඔලුව කැක්කුමයි
ecaa76b3a8	ගමන් කරන්න වුනේ
ecaadf3aab	පැවැත් වූ බව පෙනේ
ecab2815a7	නමුත් මේ සංකල්ප එකක්වත් හිතන තරම් සරල නෑ.
ecab4b6025	සමීපව බලන්නට
ecabb12114	කිසිම කම්මැලිකමක් නැහැ.
ecabbecd42	මේ වෙනස් කරනවනේ.
ecabbef81a	විරල ගණයේ ඉගැන්වීමකි.
ecabcfc512	වනජීවි නිලධාරින් ස්ථානගතව
ecabd950bd	පාරමිපරික පාරිසරික ගොවිතැන භාවිතයට ගැනීම
ecac859ba1	වාතාවරණයක් පවතින බව පෙන්නුම් කරයි.
ecacbbe45e	දායක වන්නේ ඉතා අල්ප වශයෙනි
ecacf8311b	එක දියුනු කරන්න කෙනෙක් හැදුවොත්
ecadc661dd	දියුණු කර ගැනීමට අධිෂ්ඨාන කර ගෙන
ecade00602	ගෙදර ඉන්න මායියට හොරෙන්
ecae180034	පුරෝහිත බමුණාගේ බිරිඳගේ පතිවත බිඳුණු පසුව,
ecae47203d	ජාතික උරුමය
ecae9e9d91	ලෝකයේ ඒ අසිරිමත් උතුමන් බිහි වන්නේ
ecaed8ed7d	අපි චේතනා පහළ කරලා වැඩකරන විදිහට තමයි
ecaee69002	තම තන කිරි වලිනි.
ecaef4f0e2	ඔබත් එම තත්වයට පැමිණෙන බව
ecaf1fa10a	දරුවන්ට ලබා දීමටත්
ecaf72559e	සංසාරෙන් ගෙනාපු දුර්වලකම් කොච්චර ඇද්ද?
ecaf7ca6c8	එහෙත් ආගම වාදී ජාති වාදී සටන්
ecaf95e2ed	නවක අධ්‍යක්ෂකවරයා ඉදිරිපත් කළ 'නිනෝ ලයිව්'
ecaf9c7fab	කාන්තාවන් දූෂණය කරමින්
ecafdfc0cc	ස්පාටකස් ඇතුළු කැරලිකාර හමුදාවට පහරදෙන්න.
ecb01ddd49	සුවිශේෂී ලක්ෂණයකි.
ecb026dd68	ඉතින් මෙයාවයි මෙයා ගැන පරීක්ෂණ කරන කෙල්ලවයි මරන්න
ecb0b42433	හික්කඩුව නාරිගම ප්‍රදේශයේ
ecb0c6d767	මොකද කරන්නේ
ecb0fb587d	එක්කො ඉල්ලපිය වරායක්
ecb11646c1	සෙංකඩගලපුර ආදාහන මළුව, ගෙඩිගේ විහාරය හා
ecb13b0f69	අරන් තියෙන උත්සහය
ecb1bcdb0f	මෙසේ සලකනවිට
ecb1dc1f23	අපි ඉන්නෙ ඉන්දියාවෙ කියලා
ecb2a89ceb	මිනිහා එයා උසස් පෙළ කරපු වසරෙ
ecb2d93f0d	එලය ලස්සනට ලියලා තියෙනවා
ecb308a8b6	නමුත් ප්‍රසිද්ධ තැනක
ecb361a092	කසූ ගේ පරිප්පු සරණිය ඉස්සෙල්ල කන්නෙ ඇහෙන්
ecb37ac9b3	නීතියක් තියෙන රටක !ඔව්.
ecb4570d72	සාමය නමැති භයංකර අවිය පෙන්නලා තමා
ecb484b2ae	මා ලියූ කතන්දරයට අදාල නැති කරුණු
ecb62411d6	ඉන්න සමහර පුද්ගලයන්ගේ ක්‍රියාවන් ඇහුවම
ecb64b4dd3	භූමියේ ඇති කෞතුකාගාර ද
ecb6522d72	එනම් ලොව බිහි වූ මුල්ම ජීවියා
ecb6627a37	පොල් ගෙඩි වැටෙන්නේ අර රේඛාව පොළොවට
ecb69f3d83	ඉතිං මෙය ගීයක් ලෙස
ecb6f3f485	එවැනි ආගමික ශුද්ධභූමි කලින් කලට
ecb705d99e	ඉහළ කෝට්ටෙන් ගමන නිම කරන්න.
ecb7a44e4f	දර්ශනීය චෛත්‍යය
ecb7da42d0	බුදුරජාණන් වහන්සේ සකුළුදායිගේ මෙම කරුණ
ecb804a6a3	ඒ කතා එක්ක ඔට්‍ටු තියන්න
ecb8779660	මේ සීලය චාරිත්‍ර ශීල, වාරිත්‍ර ශීල යැයි
ecb9602b04	කෝට්ටේ රාජධානිය ආරම්භ වීමට බලපාන ප්‍රධාන හේතුව වන්නේ
ecb97b198e	සබ් එක දුන්නට තැන්ක්ස් සහෝ.
ecba4af358	එතුමා ඔය ප්‍රශ්නයම මගෙන් අහන කොට මම කිව්වා
ecba65c1c6	ලෝවා මහා පාය
ecba8a2d83	අත ගැවසෙන කවි කොළයක් බවට
ecbb462fab	මට හිතෙන්නෙ.
ecbb4e1fe9	අකුරු කියවා ගන්න හරි අමාරුයි.
ecbbeeeb8f	වයසක කෙනෙක්ගේ පින්තූරයක් දැම්මේ?
ecbc1f3bbc	එයා තුළ පුහුණුවක් තිබිය යුතුයි නේද?
ecbc2c5f91	අප මේ විනාශ කරන්නේ
ecbc72e412	ප්‍රධානම ප්‍රකාශනවාදී දමිළ නාට්‍ය
ecbd11b172	අපේ දෙවියන් වහන්සේට සුව කරන්න බැරි දේවල්
ecbd5b3553	නොමනා ක්‍රියාවක් නිසා සාමාජීය
ecbd5e5bab	ඇතැයි අපට ඉගැන්වෙයි.
ecbdad6473	මේ අතර මුදල් අපේක්‍ෂාවෙන් පමණක්
ecbdb90353	යොදාගත හැකිවේ
ecbe1138e3	විනාශ කරති, තවති, දවති.
ecbeb40c54	එතකොට තොගේ ඔය මහා ලොකු සිංහල හත්මුතු පරම්පරාවේම නැතුව ඇති
ecbf2fff7d	අපි දෙන්න එක්ක ගෙදර ඉන්න
ecbf70eddf	පඩිපෙළ නැග යනු පෙනෙයි.
ecbfa7118c	ඒත් උඹලට ඒ කිට්ටුවට වත්
ecbfb04f08	මොන්ටිසෝරි පාඩම් දාන්න
ecbfd0515b	එත් රසායනික දෙවල් යොදගෙන ඉදවන්න ගත්තට
ecc07ccc69	ඊට පස්සේ ඒ අය ගත්ත පියවර තමයි
ecc1133670	සමහර වෙලාවට ජනතාවගේ හිතේ ප්‍රසාදයක් තිබුණත්
ecc12e3f8a	දැඩි මතයක සිටියේය.
ecc1535501	පොලිසියෙන් පුවත් අහනවා.
ecc1c5d5d6	skype softwares free direct download
ecc21ec023	ඔබ දැනටමත් ගෙවන මාසික වාරිකයට ඇතුලත් බව
ecc22b0769	නා නා සාහිත්‍ය ගුරුකුල අතර
ecc24831b1	ඔබගේආපදාවෙහි ස්‌වභාවය
ecc352feb3	සොයිසා රෝහලට යන්න.
ecc3ee5c9d	රජුගේ උදහසට ලක්වුණා.
ecc44a998c	කිසිවක් එහි නැති වීමයි.
ecc48ef2dd	මෙතන අපිට කිසිම මුදල් ප්‍රතිලාභයක් ලැබෙන්නෙ නෑ.
ecc537c2f3	මහා ලොකු පොරක් නෙවෙයි.
ecc546b4f9	කලින් ආවා
ecc56184ec	අංක එකට යොදා ගනී
ecc61361a0	යතු කැටේ අතට අරගෙන
ecc62776d9	ඔහු කල්පනා කරනවා
ecc66db8aa	මොකද මම හැමවිටම උත්සහ කරන්නෙ
ecc6e5835f	ආණ්ඩුව හොඳට පාවිච්චි කළා.
ecc7b683b9	ඉතා සරළව ඉතාම පැහැදිළිව පෙන්වාදී ඇත.
ecc7e6545e	සාර්ථක ලෙස ඉටුකර ගත හැකිවේ.
ecc8541263	අපි වගේ මේ ප්‍රශ්ණ වලට පිළිතුරු
ecc8df4395	අපි විශ්වාස කරමු.
ecc973a592	නුවණැති ලෙස ගෝචර කරගන්නා වූ අයකු
ecca15b5ac	ගෞරවයට පාත්‍ර වන
ecca517b8f	මේ රටට ද්‍රෝහීකම් කරන බවට
ecca8dd0e3	ඒගොල්ලෝ බිලි පූජා කරන්න
eccaa208d1	අරුත්සුන් ප්‍රශ්න හා ප්‍රතිචාර නොව
eccaba1b52	ගමනක් බිමනක් යෑමට
eccb9d61da	එම ලිපියේදී
ecccb459a4	සංසාර චක්‍රය නොනැවති කරකැවෙයි
eccd3fa2fa	එහෙම හිතාගෙන
eccdb5eabc	එහෙත් ඒ නෙළුම් මල නිසා නොව
eccdbcb1fa	එරට වාර්තා කියයි.
eccdf88eca	දුකෙන් මිදීමට උපකාරී වීමයි.
ecce383454	partner with anthony
ecce59cb11	අනිත් උදවියට හැමවිටම තියෙන්නේ
eccea41d0d	විපාක විවරණයෙන් මිනිසා සහ සමාජය ආරක්‍ෂා කොට තබයි.
eccedb6659	සිංහලබෞද්ධ ඓතිහාසික සවිඥාණිකත්වයට
ecceea6fce	එනිසා සැප අත්කර ගැනීම පිණිස
eccf5404d7	උන්ටත් ඒක දැනෙනවා
eccfb8682c	බැලුම් බෝලය ගෙයක් තරම් විශාල වුණාට පස්සේ
ecd0052375	පුක්කුසයෙනි ඒ පුරුෂයා හට මේ අදහස ඇතිවූයේ ය.
ecd072d4cd	පොත් වලින් කඩා ගත්ත කොල වල
ecd0ab8920	මොනවගේ කාර්‍යය භාරයක් තියෙනවද
ecd0e87d51	තේරුම් ගෙන මෝක්‍ෂ මාර්ගය
ecd139efec	ඔන්න ඔහේ
ecd140687b	තාත්තලා කියති.
ecd20abf7e	පවිච්චි කරන්නෙ එකක්.
ecd25b20fe	ඉන්දීය සිනමා ශිල්පීන් රාශියක් ඉන්නව
ecd2889a8a	කරුණු හතරක් අවබෝධ කර ගැනීමට නොහැකිවීම නිසා
ecd330b829	මං කෑ ගැහුවා.
ecd34622e6	අවධානයට යොමුව ඇත්තේ
ecd360c06b	බුදුරජාණන් වහන්සේ සවස් යාමයෙහි
ecd3c4377b	අත්සන් කලවුන්ට නොවැටහේ යයි සිතිය හැකිද?
ecd3ebe4d3	කොහොම උනත් තියෙනවා කියන්නේ
ecd4312542	මර්ලින් ආතර් එක්ක පැනගන්නවා.
ecd5d486ed	යම් හේතුවකට අනුව
ecd5e40673	පෙර ආත්මයක
ecd5f26cce	නමුත් කවියට වඩා
ecd64725be	සිහිනුවණින් යුතුව වටහාගැනීම අවැසිය.
ecd68e3684	මුදල් හෝ වෙනත් කිසිම බලාපොරොත්තුවක් හෝ
ecd699269e	high school musical
ecd71d2db5	එහෙම වුණත්
ecd7c21ab6	උළෙලේ කෙටි චිත්‍රපට ප්‍රදර්ශනයද සිත්ගන්නාසුළු විය
ecd7c2abfd	ඔහුගේ පුත් බිංදුසාර රජ වූයේය
ecd86fbb44	දා කරඬුව සැඟවී ය.
ecd922b094	මේ පැන් ටික අරගෙන
ecd9de5f7e	සෑම රාජ්‍ය නායකයකුම පැමිණිය යුතුයි කියල
ecda393df2	අග්‍රශ්‍රාවක නිසභ තෙරුන් වහන්සේට
ecda5cd1b4	චිත්‍රපටය වන්නේ ද මෙයයි
ecdaf565a6	මේක මුළු ජාතියක් ගොඩ නගන්න දමන අත්තිවාරමක්.
ecdcd6b91a	මෙහි කතා විසි හයකින් යුත්
ecdd4fff03	වේලාව නොව ඉර බැස යාම පිළිබඳවයි
ecddd95f8d	තබන ලෙසට නියෝග කළේය
ecddebb205	අපේ උන්දලට ප්‍රේමය පාන්න කලියෙන්
ecdf002589	ආයුධ සමඟ ඒ කියන්නේ කලින් පාතාල සාමාජිකයෙක්.
ecdf673366	flash games for pc
ecdfaa3449	මතක් වෙන්නෙ හන්තානමනේ.
ece0111b9c	දෙකට නැමිලා යන්නේ කවුද?
ece17c77d4	ඒකාලේ හැදුව එකක්.
ece19f3887	එය කෙනෙකුට මෙලොවදී සිදු විය හැකි උපරිම දෙයයි.
ece1be3334	නිකං මොකද්ද වගේ.
ece20e6b56	මොකක් වෙයිද මීනාට
ece27b7e30	මහායානික බෞද්ධයින්
ece282ca00	සැලකිල්ලට ගත යුත්තේ
ece2fe6ff2	විකාශනය වෙන්නේ නැහැ කියලා
ece31c9b1a	ඔබ වගෙ අයටත්
ece3270ad8	ඒත් මේ ආරාධනය
ece3590923	මුහුණපා සිටිති.
ece36ebecf	ඊට පස්සේ මට කිව්වා
ece46ba5a1	පාවිච්චි වෙන්න ඕනෑ.
ece471a52b	බඹසර විසීම සඳහා
ece4ca45f9	ජනතාවට මහත් ආලෝකයක් ලැබිණි.
ece5748926	සුරයන්ගේ ආරම්භය දැක්වෙන්නේ මෙසේය.
ece58c617d	නන්දෝපනන්ද නාග රාජයා ද
ece598b7b6	බොහෝ උගතුන් කරන්නේ ගිලපු දේ වමාරන එකයි
ece5d38dcd	උපසිරැසි සමගින් යමෙකු චිත්‍රපටියක් නරඹන්නේ
ece5e01de9	මුස්ලිම් රටවල දැනට වැඩකරමින් පවතිනවා
ece65d1e63	ඉන් ප්‍රතිවිරුද්ධ ලක්ෂණයන්ගෙන් යුතු ස්ත්‍රී නර්තනය
ece67b12bf	කොටවන අයත් ඉන්නවානේ.
ece82827ef	ඉන්දීය රජය ප්‍රකාශයට පත් කළේය
ece835e783	ප්‍රේම සම්බන්ධයක්‌ ගොඩනැගිනි.
ece8927619	අපේ රටේ විශ්ව විද්‍යාල පනත තුළ
ece9490bec	පාත්‍ර ධාතුන් වහන්සේ යනුවෙනි.
ecea2164d9	මෙයාලාගෙ ලොකුම මොලකාරයා.
eceb740491	මෙම චිත්‍ර කලා ශෛලියට
ecec59438d	එවකට පැවැති රජයට සිදුවිය
ecee26dc9d	සශ්‍රීක ගොවි බිමක් වශයෙන් පැවතුනි.
ecee4ac8e6	එතකොට රජකම පිළිගත් ඇමතියා සියලූ දේ පවසා සිටියා
eceee91ff9	පරණ දුම් වැදිච්චි අල්මාරි
ecef21d549	දේවස්ථානය හෙවත් චෛත්‍යය
ecef523af4	මම යම්කිසි දෙයක් ඇසින්ද දැක්කා නම්
ecef70eb45	තර්ජනයක් විය නොහැකි මට්ටමේ ස්ථානයන්හි රැඳවූහ
ecefb75640	ඉක්මනින්ම අපිට හේවගෙන් ඒවත් බලාපොරොත්තු වෙන්ට ඇහැක්වෙයි
ecf0c44884	එම පොත සිංහල අකුරින් ද
ecf0cba065	කියන නම මොකක්‌ද?
ecf124ce19	බිම දිගාවන සේ
ecf16dab56	එම පින් අනුමෝදන් වූ ඥාති ප්‍රේතයන්
ecf17cd8d6	software download
ecf17f44b5	ගැනු පවා අංක දෙකත්
ecf1bb11c0	බයිස්කෝප් අඩවියේ අලුත්ම වැඩපිලිවෙල
ecf1ead8c5	ප්‍රායෝගිකත්වය අතින් බැලූවිට
ecf1fa5db9	ප්‍රශ්න කරන කතිකාවට
ecf24703c9	hp laptop
ecf2a020ce	පැටවුන් නිසලව සිටිති.
ecf2ec13c2	පූජා කරන දායක දායිකාවන්ට
ecf3c98fc7	බොහොම ස්තූතියි දුකා අයියෙ
ecf3d0005b	හැමෝටම සුභ නත්තලක් වේවා
ecf498b073	දෙයියන්ගෙම පිහිට තමා මේක හැබෑ වුණොත්.
ecf498bd0b	වෙනත් විහාර හා සසඳා බැලීමේදී
ecf4a4bb5a	එවිට තවත් ආත්ම භවයක
ecf5092835	උන්වහන්සේ බුද්ධාගම යනුවෙන් දහමක් ලොවට ඉදිරිපත්කළේ නැත
ecf50bb27d	මෙම නියාම ධර්ම පහ මැනවින් තේරුම් ගැනීම,
ecf54ed309	ඊට පස්සේ එහෙම කරපු පොල් ගෙඩිය
ecf5717733	කපලා මූදේ දානවද?
ecf5b4291e	මහාචාර්ය ශ්‍රී රත්නජංකර් පඬිතුමා
ecf5d1d042	සක්විති රජු ලෙස මේ දඹදිව රජ කළා.
ecf63c5fe8	පාඩමක් ඉගැන්වීම හවුල් ඉගැන්වීමයි.
ecf64777d5	ඇය අදාළ තැනැත්තියගේ දියණියක් බව
ecf65b380a	මෙහෙ එක්කගෙන අවිත්
ecf71ba00e	පුරුදු වෙන කෙනාගේ ස්වභාවය තමයි,
ecf7e970bb	දෙමව්පියොත් පින ගැන දැනගන්න ඕන.
ecf7eed402	ඉස්සර සන්නස්ගලත් කලා මේ වගේ එකක් සිරසේ
ecf82f83bf	මගේ හිතට අල්ලලා ගියේ මේන් මෙතන
ecf86c090a	එතුමා තමයි.
ecf8cb879d	මොකෝ දේශපාලකයෝ බණ කියනවා
ecf91a68e7	එදා රජිව් මැරුණා
ecf99c507a	බෙර වාදනය ඉතා සියුම්ව හැදෑරිය යුතු කලාවකි.
ecf9e046dc	ඒ භාග්‍යවතුන් වහන්සේ මුණගැහුණු බොහෝ දෙනා
ecfad8927d	සමාජයේ ජීවත් වෙන ඔබටත් මටත් අදාළය
ecfadf43f4	ක්‍රිකට් ආයතනයේ කළමනාකරු විදියට
ecfb39456b	කරන ලද සියලු යුද්ධ හා සටන්වලදී
ecfb47d3ce	ඔබ පොල් ගෙඩි කීයක්
ecfb92d973	ඔබටත් වැදගත් යමක් තිබෙනවානම්
ecfbeacd51	කොටස් දෙකම එකට.
ecfc471718	මගධ රට එක්තරා ජනපදයක්
ecfc92f2d3	පාතාලයට විරුද්දව කතා කරපු නිසා වෙන්න බැරිද?
ecfd594f57	සක්විති රජුගේ භාෂිතයෙනුත් ඒ පිරිස සතුටට පත් වෙති
ecfd77f597	තවත් රෝම ධනවතෙක් ලෙසින්.
ecfdd0f84e	අනිවාරෙන්ම මේ වගේ ෆිල්ම් වලට
ecfe1d1fcf	පුද්ගල මානසික නියමයන්ගේ බලපෑම භෞතික පරිසරයටත්
ecfe90085a	මා මෙසේ නිගමනය කරමි
ecfeb89f34	ඔව් බොදු බල සේනාව සමඟයි
ecfed5d188	අනෙක බන් දැන් වැද්දෝ
ecff28530f	අයියේ මේ ඔයා කියපු දේවල්
ecff597885	බුදුන් ඉපදුනේ කොහෙද කියල
ecff6563a2	නමුත් ඒ හා සමානව බලන කල
ecff8e2332	මේ එකම ජෝක් එක දාන්නේ?
ecffa8f520	නිවැරදි අදහස ඉස්මතු කිරීම මිස
ecfff53d1c	කලවන් වචනයක් වගෙයි.
