ee00542329	එය සර්වකාලීන වූවක් නිසාම
ee0074a6b5	හැමදාම වගේ අදත්
ee00c8f489	මේ අංගය ද සීල කොටසටම අයත්වන බව සැලකිය යුතු ය
ee010e9e3e	මිනිසා පහසුවෙන් හඳුනාගත නොහැකිය
ee021470df	සැබෑ ජුදෙව්වා හඳුනාගනු ලබන්නේ
ee0260608b	සැළකිළිමත් විය යුතු ය.
ee02bd260c	ඉතා විශාලය.
ee03726079	මිනිසකුට හැකියාවක් නැත
ee03750a4e	සීතල උණුසුම් දියවැල් අතරින් තමන්ව ඇදිලා යන හැටි
ee03a84040	ඒත් වෙන වැඩකට
ee03fb47dd	data bank
ee03fc1fa8	බොහෝ විට දරුවා නිවසට යන්නේ සිය පියාද සමගය
ee043f8829	මොහෙන්දොජාරෝ හරප්පා දක්වා ඈත අතීතයට විහිදෙයි.
ee044b1892	කතා රැගත් චිත්‍රපට හෝ බොහෝ විට
ee04567a68	අහ් මම ඒක බැලුව මචං
ee045b9abb	මෙම විග්‍රහය තවදුරටත් පැහැදිලි කර ගැනීමට
ee058b211d	ඇනෝ බ්ලොක් කරන් ඉන්නෙ
ee059b00db	බෞද්ධ කලා නිර්මාණ
ee0605c56d	අවසර නොලැබෙනු ඇත.
ee073b98bf	ඔබත් මේ රටේ
ee07bd5535	මේ ටික නොලියා ඇරියා
ee096b0d33	කොහොමත් බලනවා නේ ජය වේවා.
ee09ffb7ee	එය සමාජවාදී පරිකල්පනය
ee0a100211	බිලියන 2 කට අධික
ee0a2fabec	සැබෑ කල්‍යාණ මිත්‍රයා කවුරුන්ද යන වග
ee0a8613fc	ඔන්න යාන්තන්
ee0b4ff1f0	ඇලෙක්සැන්ඩර් පොප් කවියා පවසා ඇත.
ee0b53dd56	මංගල සමරවීර එම්.ඒ. සුමන්තිරන් ඇතුළු
ee0b7c381d	එතකොට මේ අලූත පැවිදි වූ ස්වාමීන් වහන්සේට
ee0bbcf7d4	අනුන්ට නින්දා අපහාස කර කර ඉන්න එකයි
ee0d8478cc	මෙය තමයි, බහුතර ජනතාවක් වෙලී සිටින අවිද්‍යාව.
ee0df00e10	ඒවට උත්තර හොයාගන්න
ee0e938d4b	ඔවුන්ගේ සැබැ බලය ආරම්භ වන්නේ
ee0fa7ab94	එය සමස්ත හෙද කාර්ය මණ්ඩලයට ගත්
ee101d33bb	ඒ සර්වඥයන් වහන්සේ ගේ ම
ee104bf72e	මේ ලෝකයේ වඩාත්ම අභියෝගවලට ලක් වූ
ee104c9af8	එදා රෑ දොළහට
ee10da6708	අපි හැමෝටමත් පොදුයි.
ee10e13bb0	ඉතින් ඒ ස්වාමීන් වහන්සේ සමාධිය උපදවා ගත්තත්
ee10fdfff1	නිර්දය ලෙස විවේචනය කරමින්
ee118e9238	දෙවි, මිනිස් ලෝකවල ඉපදීම
ee11c6e708	මේ ලෝකය පවත්වා ගන්නට
ee12426b2e	එලෙසම ලියන්නට මගේ අදහසක් නැත.
ee12453040	ඊට පස්සේ කැමති තුන්දෙනෙක්
ee12722813	එවැනි යහපත් දරුවන්ට
ee137737d1	අනන්‍ය නාමයක් ඊට තිබිය යුතුය
ee13e34349	එක උඩ එක අඩුක්කර ඇති චිත්‍රපටි ටේප් රෝල් කිහිපයක් මම ළංවී බැලුවා
ee13fe082a	වැදි බස් වහර පිළිබඳව නිවැරදි අවබෝධයක්
ee1497942b	ජංගම දුරකථන ඔස්සේ
ee14b3b501	හැකි වුවත් තම ඥාතීන්ගෙන්
ee14e5ffd7	ඔය ගේ හරි
ee1503aeb0	බෞද්ධ සමාජය
ee15c18008	මහ පුරුෂ ලක්ෂණයි.
ee163033b8	ක්‍රියාශීලීව වැඩ කිරීමට හැකියාව ලැඛෙන
ee1659b868	නිවන් සුව ලැබෙනවාට සැක නැහැ.
ee16619116	මල් අතින් ගත්
ee16741a8d	ඒ බව සියළු බෞද්ධයින් දනී.
ee16cadbf1	එම රෝහල්වල මෙන්ම
ee16d69585	එසේ මෙසේ ආසාවල් නෙමේ තියෙන්නේ
ee16e1a429	අද සිදුවන හැම ක්‍රියාවක්ම
ee17493fc8	කලාත්මක වෙළඳ අගයකින් පාවිච්චි කරන්න පුළුවන්
ee17640645	එතෙක් මෙතෙක් මේ පෘථිවියේ ජීවත් වූ
ee17d05029	nadisha
ee17d5991a	ආහාරපාන විසින් අපගේ සෞඛ්‍යය ද පැහැරගෙන ඇත.
ee186fae69	න්‍යයපත්‍ර පිළිබඳව ජනතාව ප්‍රශ්ණ කරන ලදී
ee188ef758	මන්මුනෙයි පාලම විවෘත කිරීමේ උත්සවයේ දී ප්‍රකාශ කළේය.
ee194787c0	අභීගෙ හොඳම යාලුව නිසා
ee19cfd452	හොඳ නිර්මාණයකට දායක වේවි.
ee19ed1add	භෞතික තරංග ද්‍රව්‍යමය සම්බන්ධයකින් තොරව
ee19eec7bf	ඉන්දියාවේ කළ නොහැකි විශාල පරිවර්තනයක්
ee1ac06990	එම සර්පයගෙන් අනතුරක් වීමට ප්‍රථම
ee1b10011f	මංකොල්ල කෑමට ගත් උත්සාහය අනුවණ ක්‍රියාවක් බව
ee1b16adca	වන සංරක්ෂණ දෙපාර්තමේන්තුව යටතට
ee1b439f6b	බෙහෙවින්ම සීමාසහිත අවකාශයක
ee1bee7db6	වැලිමඩ ප්‍රදේශයේ පදිංචිව සිටි
ee1c329917	බලන්න තිබුනා
ee1ca181ae	ෆුට්බෝල් වලට ප්‍රසිද්ධ ළමයෙක්
ee1cd98c91	ඒ අසිරිමත් මිනිස්කම
ee1d4e983f	එනිසා මේ සොයා ගෑනීම ගැන
ee1d6d3f99	ඉදලට ඕන කරන මිට හොයාගැනීම තමයි ටිකක් අමාරු
ee1e1a9fd4	මහාචාර්ය බෂාම් කියයි
ee1e893b37	පයිප්පයට මොනවාදෝ ඇතුළු කරමින් හෝම්ස් කීවේය
ee1ec1c74c	තමා ජීවත් වන සමාජයේ දේශපාලන මතුපිට
ee1f48858a	ඒත් තලප කන්න
ee1f532705	මේවා සඳහා ආදර්ශය ලබාගන්නා ලද්දේ
ee1f5366b3	ඇතුලට දමා පිරික්සීම
ee1fc744e6	අක්කා මාධවීට ඉතා හොඳ ගායන හැකියාවක් ඇත
ee1fe4cd70	ඇතිවනුයේ ද්වේශය හේතුවෙනි.
ee200b18d1	එවන් උදාර අදහසකින්
ee20110cec	අකුරු බැරි කෙනෙක්ට විතරයි
ee203477da	බදුල්ල ‍පොලිසිය විසින් අත්අඩංගුවට ගත් බව
ee206122ba	ජනතාවගේ ගෞරවයට පාත්‍ර විය.
ee2065ac53	ගල පට්ට ගහලම ගන්න වෙනවා
ee20892555	යටත්විජිත සමයේ අවසන් භාගයේ
ee2171d213	හදිසියේම මතකෙට නැඟුණේ
ee218415d7	මෙය ඉන්දියානු රුපියල් කෝටික්
ee21d1decf	කයිකතන්දර එන්නේ
ee22103361	සියල්ලන්ටම දැනගන්න
ee2214cd98	brain photos
ee22510e97	ඉන් උසස් අගයක් හිමිකර ගනියි
ee22dac351	මමයි තව මල්ලිල දෙන්නෙකුයි
ee234a2d28	දක්වන දක්ෂතාවය වැඩක් වෙන්නෙ නෑ.
ee23924492	මම ගියා
ee23928e3c	උදේට ටී වී එකට ඇවිල්ලා
ee23afc457	රෑට නම් මතක් වෙනව ඇති ?
ee23c829a2	එළකිරි හොදේ.
ee23cdab0c	එයා අපි ඉස්සරහා
ee243f8c2a	ඇත්ත අවබෝධ වුනා.
ee248e4b94	ගොඩබහින දවසේ ඉඳලා.
ee24afc242	මෙහි සඳහන් කල යුතු නැත
ee26478561	තමන්ගේ සන්තානයේ උපදවා ගන්නා ආකාරයයි
ee26b7fba3	දැනෙන්නේ නෑ
ee26eaed04	ආගමෙන් දහමෙන් ඈත් වෙලා කියලා.
ee27c51fe1	උන්වහන්සේගේ ඥාතිවරයකු අරභයාය.
ee285fd92f	ගිහිල්ල ගේන්න කියල
ee28a10e80	පල දකින්න ලැබුණ එකට.
ee297c49f1	හෂිත ටිකක් කලින් පන්සලට ගිහින්
ee29dc2c34	ගියෙ නම් කතෝලික පාසැලකට
ee2a0ee472	පහළ වූ බව පැවැසේ.
ee2a59bb25	අමුතුවෙන් කිවයුතු නොවේ.
ee2bcb03d9	සම්බාධක සදහා මුහුණ දිය හැකි එකම විසදුමයි.
ee2c374123	නවත්තන්න කිව්වම නොනවත්වා ගිහින් බලන්න.
ee2c499660	පැහැදිලි කිරීම් අවශ්‍ය වෙයි.
ee2c7bcd63	ඇයට පදවියෙන් ඉවත් වෙන මෙන් බලපෑම් කරන
ee2ce51f6b	ඔබට වැනි මෘදුකාංග සමග වුවද
ee2dd24542	එය අනෙකුත් ග්‍රහයින් හට ගුරු වන හෙයින්
ee2e1db759	මකරුන් සමග සිදු කරන සටනක්.
ee2e1f2b45	සිත, කය, වචනය යන තුන්දොර
ee2e305dc4	ඔය කියන බෞද්ධ රටෙන්
ee2e315dc7	මේ කියන්නෙ.
ee2e61f014	ඍද්ධිමතුන් අතර අගතැන් පත් හා අග්‍රශ්‍රාවක
ee2e89fef6	මතවාදයක් ඉදිරිපත් කිරීමකි.
ee2e96b9f0	බෲස් ලී රඟපාපු අන්තිම බයිස්කෝප් එකත්
ee2ecfe2bb	මිහිඳු හිමියන් සමඟ ලංකාවට වැඩම කළ
ee2f62f749	වාග් ප්‍රහාරයට එක් වීම
ee2f75642e	ආර්ථිකය සමස්තයක් වශයෙන් ගත්කල
ee2f9a6b3c	ගොඩක් ස්තුතියි
ee2fae27c9	මේ නිසා දන් දීමේදී
ee300eadf0	එයාට ප්‍රසංගයට ඉදිරිපත් වෙන්න බැහැ කියලා
ee3037fd3d	බොහෝ දෙනා යෞවනයෝ වෙති.
ee30ee1cb0	අපූරු විස්මිත මල් පොකුරු !
ee31344641	මාර්කට් කරන්න හදාගත්ත දවසක් වෙලානෙ දැන්.
ee31b68694	රජ පවුලේ කෙනෙක් නිසා
ee31cdee2c	එවැනි ඇතැම් සිදුවීම්
ee325cc33b	ඔය ලොකු තැන්වල ඉන්න ඔක්කොම
ee32a11bc1	සිරිපා මළුවේ ඇවිද යා හැකිය
ee32c11f3c	සමාජයේ බොහෝ යුතුකම් ඉටුවනවා.
ee32d73cc5	මනා විනයකින් හා සැළසුමකින් යුතුව
ee3305da29	මතුවන වේදනාව නිසා
ee330d8856	පුද පූජා පිළිබඳ සඳහන් වන මෙවැනි අවස්ථා රැසක්
ee3408802e	ඉන් කිසිම හානියක් වී නැහැ.
ee34bdea8b	පාලිය ගිහියාට සම්පේ්‍රෂණය වීමේ
ee34cc6e8f	එය ස්වාභාවික ගබ්සාව
ee35468d3e	වී ඇටයක් දාල
ee35b8b36f	මේ ආණ්ඩුව දුශිතෛ කියල
ee35fb8f72	වැඩිමනක් දායක වෙන්නෙ
ee3645ac23	මේ වෙළද දැන්වීම් ආයතන රජයේ අදීක්ෂණය යටතේ
ee36f34676	ලතවන්නේ නැත.
ee371b330f	අපගේ ජාතියේ ආර්තික හැකියාව
ee371d2e99	බොහෝ සෙයින් ප්‍රබල ලෙස කාවද්දවා ඇත.
ee3751aa47	අපි නොබලා උපසිරැස කරන්නෙ නැහැ
ee3752dfe7	බුදු මැඳුරට ගියහ
ee375aed8b	අපි ලෝකෙම කාන්තාවන්ට අම්ම කිව්වත්
ee3836b1f0	නොයෙකුත් උද්වේගකර යාන්ත්‍රික සමාජ බලවේග විසින්ම
ee38ad1951	හෙට එනවලු පොඩි එකා බලන්න.
ee39195b9a	බුද්ධ පූජාව ගෙන ගොස් පිදීමයි.
ee3a1670ee	පාහේ අතු ඉති දළු පලු පල
ee3af7b67b	පෞද්ගලික අංශ විසින් රාජ්‍ය ගිල ගන්නා බව
ee3b3302bd	සිදුවන්නේ ඒවායෙහි ගුණාත්මක තත්වය
ee3b42419c	තවුතිසා දෙව්ලොව චාරිකාවේ යෙදුණූ අවස්ථාවකදී
ee3b45c302	ඇත්තටම දැන් අපි බලාපොරොත්තු වුණු දේ වුණා.
ee3c4b9ec6	බැංකුවේ පරිගණක ජාලය
ee3c94230d	සාමය ගෙන දෙමින්
ee3d35f8d7	උපාසිකාවක ආදී වශයෙන්
ee3d89286c	අන්තිමේදී නන්ද කුමාරයා පාත්‍රයත් අරගෙන
ee3dc34f5f	ඊට හේතු විය.
ee3dc5b8d9	නියෝජනය කර තිබේ ද?
ee3ddf6dc3	සිහිය යොමු කරගන්න පුළුවන් වෙන්නෙ.
ee3e3e0273	නිශ්චිත නිගමනයකට පැමිණීමට
ee3e7fa0d6	ගෙදරින් එළියට ඇවිත් බලනකොට
ee3eadd3bd	සොයා බලා ඉදිරිපත් කළාට ස්තුතියි
ee3ec59eb5	බිලිපිති සොයා ගත්තු අපි
ee3ee7aacb	අදාළ දායකත්වය ලබාදෙනවා නම්
ee3f50b4ac	ලෝකයේ පවතින
ee3f88a23e	එලස් මචන් මේක
ee3fd783fb	සැබවින් මවන සංශෝධනය
ee3fea4317	අති මහත්
ee400f3006	ඔන්න මන් දවසක් රුපවහිනිය බලන කොට
ee406f1dcf	අනාගාමි ඵලයට පවා පත්වූනා.
ee407a1bce	බුදුන්වහන්සේ ඉන්දියාවේ පහල වූවානම්
ee40e2e345	ඒක හින්දලු
ee40efd17b	අපරාධ කාරයන් විඳින්නාට
ee4156bd76	අට්ඨකථාවන්හි සඳහන් වේ.
ee422ab68f	බුදුරදුන්ගේ එකදු ලංකාගමනක් ගැන පෙළ දහමේ සඳහන් නොවේ
ee428ee006	අවබෝධ කරගත් සේක
ee43293fbf	එහි දී පරාජයට පත් වූ ඇමතිවරයා
ee43db4c14	මට තේරුණා එතුමගෙ ඇත්ත තත්ත්වය.
ee4419fa02	පින, කුසලය යනු සමානාර්ථ පද දෙකෙක් බව පෙනේ.
ee458ac2fd	ගම්මාන වලට යාමට
ee45d19e59	ඉටිකිරිස් දහ අටේ කෙල්ල වගේ
ee45d405d8	ඉරිදා පුවත්පත් පරීක්ෂා කර
ee46c8ca65	මේ ගෙදර පදිචියට යනවා.
ee4733fd0a	ගුරුවරුන් මෙන්ම
ee47887a62	බුදුන් වහන්සේ වෙනුවට සධාතුක කරඬුව සහිතව සිදුකළ හැකිය
ee47d2f873	මොනා වුණත් දැන් තුන් සරණේ කවිත්
ee483390c3	උපන් කතෝලිකයෙක් වූ දැන් බොදුසසුනට අපමන සේවයක් කරන
ee48a4175e	train
ee48c2c243	මිනිස් වර්ගයා අතර පහළ වූ
ee497f075b	මෙම සිදුවීම් ඇසුරින්
ee49efeb4d	බලන්න ඔබත් කැමතිනම්
ee49f42b3f	මුහුණ එම රෝගයේදී මෙන්
ee4a475d56	ජීවභක්තිවාදයක් පිළිබඳ සංකල්පය
ee4a4a1f18	තරගෙට ආපු සරත් ෆොන්සේකාලාව
ee4a8c5b96	අදවැනි වියේ පසුවෙන සිල්වා මහතා
ee4acf3582	එල එල මචං
ee4b23f2eb	ඒ වගේම තවත් පරීක්ෂකවරු දෙන්නෙක්ව
ee4b5763ca	මහා පරිනිර්වාණය සිදු වූයේත්
ee4c0dcdcd	සංගීත විද්‍යාලයේ අධිපති
ee4c521990	ස්තුතියිවත් නොකියන එකනම්
ee4cd65612	බස්රිය, දුම්රිය වැනි පොදු වාහන
ee4d2f9a8d	පරිගණක පිළිබඳ හසල දැනුමක් ඇත.
ee4d3caf92	අංශ භාර ගුරුවරියක් හැටියටත්
ee4dc72850	එහි තිබූ ටී වර්ගයේ හිස් පතොරම් කොපු නවයක්
ee4ed5d7f1	එම කාර්ය ශ්‍රී දළදා මාලිගාවේ
ee4ed7a3ea	අමුසොහොනේ මළකුණක් දැමීම පිළිබඳ
ee4ef56e38	අන්තර්ජාලයට පිවිසෙන
ee4f1ce1bf	මෙහෙම කියෝලා විඳිනව
ee4facdc0b	ඉතින් මේ පාරත් පොඩි කමෙන්ටුවකින්
ee4ffdb836	මුහුණදීමට සිදු වුණේ නැහැ.
ee5024818c	රජගහනුවර වේළුවනාරාමයේ දී රැස් වූ
ee502d6f22	wso2 esb
ee503380cd	beautiful girls
ee508321d5	sri lankan dance culture
ee51ab52c8	සිනාසෙමින් බිල් පොතක් මා ඉදිරියේ තබයි.
ee51e51e12	අජිත් ප්‍රසන්න මහතා අත්අඩංගුවට ගෙන
ee525b9df6	ඒවායේ එන සියළුම දේවල්
ee534ecd1f	ඒත් ඉතාම පරෙස්සමෙන්
ee538b6014	ඊට එරෙහිව හඬක් අවදිකරන්න හැකියාව තිබිය යුතුයි
ee539cae89	ගොඩක් ස්තුතියි
ee53af015f	තිබෙන සිහින් බිම්තීරුවක්
ee53b39f4e	අපට හෙවනක් නෑ.
ee54e1ecf5	වෙනම විපක්ෂයක් ගොඩනගන්න උත්සාහ කරනවා
ee564a4c12	උන්වහන්සේ මෙන්න මේ විදිහට
ee567c988d	අවුලක් නෑ..
ee575b0d32	පෙර පැවැති කිලිටි දේවල්
ee57ab1e40	හැරෙන්න පාරවල් ගොඩක් පෙන්නල තියෙනව.
ee57deb55e	නෙමෙයි මේක.
ee58085b80	ඒ වගේ දේකදි.
ee5846da7f	පස්සෙ ගිහිල්ල කියපු බූරු කතාවට හිනා ගියා.
ee584d3153	වස්තු විෂයේ බර අහෝසි වීම ගැන
ee586595f4	එය ඇතැම් විට සමාජය විසින්
ee58b85a55	එය අවම කරන්න
ee58dc3935	එය ආනාදිමත් කාලයක සිට
ee58fa6e3d	සිත තිබුණත් නැති ගානට කටයුතු කරන අය
ee5900d218	ඔබ බුද්ධිමත්ව සිතා
ee5952e54a	ඉතාම සුලු මුදලක් තැන්පත් කලා.
ee599a1f61	සිත සවිමත් දෙයක් කියලා
ee59cbd1c6	ඌ හෙමිහිට හිස ඔසවා
ee5a6a32e2	බි්‍රතාන්‍ය අධිරාජ්‍යවාදීන් මෙරටට පැමිණෙන සමයේදී
ee5ac63cf2	උපස්ථානයට භාජනය වන රෝගියා තුළ
ee5ad414fd	විස්තර ඇතිව මට මේලක් දාන්න.
ee5af76b07	භාවනාව, පුහුණුවෙන්නට නම්,
ee5be61de6	ඉන් එක් අයෙකු මේ වන විට හඳුනාගෙන ඇත
ee5bfc1160	වාත කරන එකනම්
ee5c9c0e4b	තාපසයන් හිටිය කියල තමයි කියන්නේ
ee5ca84255	සේරුවිල ප්‍රදේශවාසී ගොවීන්
ee5e135ce9	එයා ආදරේ කරල නැතිව ඇති
ee5e558238	එයටත් එපිට ඉතිහාසයකට හිමිකම් ලද
ee606189a1	එම වැරැදිකරුවන් මිය ගොස් නරකයෙහි උපදින බව
ee606422d6	ඇස ආදි ඉඳුරන් පිනවීමේ ආශාව වශයෙන්
ee60738a50	එලකිරි මම හෙන කාලයක්
ee6086f8f4	අනුරුද්ධ, රේවත ආදී රහතන් වහන්සේලා
ee61337909	බොහෝ සූත්‍ර ධර්ම දේශනා කොට ඇත්තේ
ee616cf2f4	තේරුම් යන පරිදිත්
ee619e0aa1	කටහරි හිතිල උනොත් කියල හිතගෙන
ee61a71f8c	එයා කිසිත් නොදැන
ee61c2c01a	බොහෝ දෙනාගේ ගීත නිර්මාණ වල නැහැ.
ee6219e998	ඒකයි කකා තමන්ගේ වැඩක් බලාගෙන
ee622000af	එහෙම වුනොත්
ee6248bfbc	ඔය කේක් එක දෙද්දි
ee6288949f	ආගම රැකිය යුත්තේ
ee62b55d82	හිත එත්නම් පත කුඩා නැත්නම්
ee62c4fad2	නමුත් කළ යුත්තේ
ee63e35cdf	new haven register
ee64d6d06d	මේ අතර නිකායත්‍රයටම අයත් නොවී
ee64db8e71	අනෙකාට නැතිවී ගිය හිමිකම් ගැන
ee64f423f0	හැමෝම හිතුවේ
ee6504fedc	ආච්චී සීයා වැනි වැඩිහිටියන් හා
ee65216ccb	අපේ තාත්තාගේ මූණ දිහා බලන්න
ee65a00ad4	ජීවිතාවබෝධය අපට ලැබුනා.
ee65bc0426	බුදුරජාණන් වහන්සේ තරම්
ee666b9a13	ලෝකය නැවත සකස් වන හැටි අග්ගඤ්ඤ සූත්‍රයේදීත්
ee66f261b0	ඉහළ ඉල්ලුමක් පවතී
ee66f59e7a	shruti hassan image
ee67699eef	ඒවල තමයි.
ee67cb3ffe	මෙයාගෙ තනිය මැකෙන්නෙ.
ee67d1942a	ජන ගායනා රටාවක් ඇදහිලි හා සම්බන්ධව
ee688a5cda	කර්මය බලපාන බව බුදු දහම පිළිගනී.
ee6953b8b9	ගිහියෙකු වශයෙන්
ee69d9a60b	බුදු පිළිමයේ උස අඩි හතර හමාරකි.
ee6a31d427	ඇල්ම බැල්ම හෙළා
ee6af317e2	රාජ්‍ය චාරිත්‍රයක් ලෙස සෑම රජ කෙනෙකුගේම
ee6b0e9fa5	මේ කිසිවක් ගැන නොසිතා මෙසේ ධාවනය කරයි.
ee6b66c42b	තම ප්‍රශ්න වල
ee6b96595b	දැන් පිරිමි උදවිය ආවේ නැද්ද
ee6cb13bce	අඩු වෙන්නෙ නැහැ
ee6de7d328	එහිදී වැයවන කාලය ගැනයි මේ කියන්නේ.
ee6e01a764	හිතට දැනෙනවා
ee6e15c659	වැදගත් කරුණක් වී තිබේ.
ee6e37411d	මධ්‍යම සංස්කෘතික අරමුදලේ
ee6e57e828	රමණීය දසුනක් නිර්මාණය කර තිබේ
ee6e643dbc	එය නම් කුමන හෝ
ee6e6e5386	මෙම පියවර ගත් බව
ee6ecc92a6	ඉතා වැදගත් සිද්ධියක් විය
ee6f25998c	එහි මනුස්ස ලෝකයට ආපු කෙනා
ee6f360467	යෝග ශාස්ත්‍රය ලොවට බිහිවූයේ මේ හේතුව නිසාමයි.
ee6f4558d2	අර තව කතාවක් තියෙන්නේ
ee6f4e069b	එබැවින් මෙහි හාණිදායක බව
ee700a7d12	මෙම රාජ්‍ය කේන්ද්‍රික අධිපති දෘෂ්ටිවාදීන්ගේ
ee7020dd5e	දරන ගැසී සිටි නාග රාජයා ද
ee70659364	ඔබාමා කියනවලු
ee7066a163	බෞද්ධයන් හා හින්දුන් විසින්
ee722496bb	මට දැනගන්න ලැබුණා.
ee7230fef7	එක සපත්තුවක් තියෙනවා
ee723aef20	සැලකිය යුතු මට්ටමෙන් සාධක ඉතිරි වී නොමැත.
ee734e49a2	අභිධර්මය නොදත් උගතුන්
ee73572148	එලෙස ස්නායු සම්ප්‍රේෂක ක්‍රියා නොකරන
ee735c7ac4	මෙහිදී නොදැකිය හැකි
ee73affc42	ආ අපි දැං පිළිගන්න ඕනෙද
ee73f2e47b	ඒත් ඉරානයට ගියාට පස්සේ
ee7449e01a	එනිසා එක් පාරිභෝගිකයෙකුට
ee74770208	හරි ලස්සන ඒවායි.
ee74a7bd1b	අනෙක් මාධ්‍යවලට වඩා කවියේ දී
ee74aa31a4	උත්සව දවස් නිසා අපිට විශේෂ රාජකාරි දාලා තියෙන්නේ
ee74b5f54e	පැවරුම් ලද භික්‍ෂුව විසින් ඊට අදාළව
ee7535de76	ඒනිසා ඔය පෙලපත් නාම ගැන
ee755def74	අපි හිතමුකෝ ‍ආසනයිට් රසදිය අන්තර්ගත
ee75de7110	එක එක්කෙනාගෙන් ඉල්ලා හිටින්නේ?
ee76302a4a	ප්‍රසිද්ධියේ එක් ජීවිතයකුත්
ee77046ae8	you tube cricket
ee775e2e02	හරිම ලේසියෙන් රවට්ටන්න පුළුවන් එකක්
ee776b7544	ප්‍රචලිත වීමෙන්
ee777ce598	වතුර පොඞ්ඩක් අරගෙන ආවා.
ee779654a8	සිතුවම් තියෙන ගිරාඋල්ල පන්සලට.
ee779c7535	වඩාත් ක්‍රමානුකූලව නැතිනම් වඩාත් සංවිධිත ආකාරයකින්
ee77f08a64	මට විශ්වාසයක් තියෙනවා
ee78879518	අන්තිමට බඩ වෙනුවෙන් කල සටනෙ
ee789a3f18	ඉන්දියාවේ ගෝව ප්‍රදේශයේ
ee7967da52	මේ සුවඳ හැදෙන්නේ
ee79b08557	චිත්‍රපටයේ මුහුණුවර වගේම
ee79b62e25	සිසු සැරිය ගැමි සැරිය සේවා ක්‍රියාත්මක වෙනවා
ee79c7fa02	ඔන්න මම ලෑස්තියි
ee7a0160dd	උඹ කොහොමද දන්නේ?
ee7a170efa	ලාංකික භික්ෂූන් වහන්සේ පෙරටු කරගත්
ee7c186dea	චිත්‍රගත කර තිබේ.
ee7c1a718a	විස් ගෙන් දැනගන්නට ලැබෙන්නේ
ee7c1c9f2b	එම ගම්මානයෙහි ද
ee7c45ec7f	එහෙම පටන් අරගෙන
ee7d1fb6f0	නිර්මිත පරිසරයේ පාලන අධිකාරිය
ee7d9bcb71	එක් ස්ත්‍රියක් සිල්වත් වෙලා,
ee7dde5551	ත්‍රිෂානය හෙන ගේමෙන් අහන් ඉන්නවා
ee7de1b21e	පිරිවෙන් පැවිදි ශිෂ්‍යයකු වෙනුවෙන්
ee7e113a86	යමක් අනිවාර්යයෙන්ම
ee7f3db9d7	මෙම ලිපි පෙලේ සාකච්ඡා කරනු ලැබේ.
ee7f7acf06	ඉහත සඳහන් කළමුත්
ee7fa5902e	ඔබලාගේ ආගමට අනුව
ee7fd27e3a	අප සොයලා බැලූවා ඇත්තටම
ee8098dad8	එකවර සියලු දෙය අතහැර යෑම
ee80a4f77d	එකතු වුවක් විය හැකියි.
ee8133fc65	තවත් වැදගත් ආගමික සිදු වීමක් වූයේ
ee813f6de7	අර දිග නම ඇති යන්තර මන්තර
ee818efcfd	ඔවුන් ඉදිරියට යයි
ee81a4134b	ඔක්කොම ගල් අඟුරු වගෙයි හරියටම
ee8262b3a3	ඇත්තම චාර්ලි මෙලොව හැර ගිහින් කියලත් කියන්න ඕනේ
ee8269fc28	හරි වැඩ වෙන්ඩ ගන්නවා
ee82bc62e7	මම එයාව ගෙදරින් එළියට දැම්මා කියලා.
ee83ac611d	මොඩ යක්කු.
ee843985f9	මෙම සත්ත්වයා යුරෝපීය රටවල සුරතලයට ඇතිකරන සතෙකි
ee843a86c3	ඒත් විවිධ විවේචනයන්ට
ee84f2275a	කවුරුවත් ගල් ගහන්නේ නෑනේ.
ee851d0e93	තාම හිටපු හිටපු ගමන්
ee8560f20a	අඩු නිසා වෙන්න ඇති
ee85d8a3bc	අනිත් වචන
ee865b46c3	දෙවැනි කෘතිය වනුයේ ද මෙය යි.
ee86f49d63	බඹලොව උපත ලැබීම ආදී
ee87800d38	වෙනසක් නෑ කියලයි වදාළේ
ee879fc89c	මෝටර් රථයක සංචාරය කළාය.
ee87b04d36	එතුමා මිනිසුනට පමණක් නොව
ee882636b0	අපේ ගෙදරට කිව්වොත් නම්
ee88452618	අලුත් පරම්පරාවේ ගායකයන් හැකියාවෙන් පරිපූර්ණයි ද?
ee886d2f43	ඔක්තෝබර් ෆෙස්ට් උත්සවේ
ee8a09b9f4	ඒ කෙනාගේ සිත භාග්‍යවතුන් වහන්සේ කෙරෙහි
ee8a13481f	ඇස් පමණක් පෙනෙන
ee8aa8166e	මහාදේව මහරහතන් වහන්සේ ගේ ආචාර්යත්වයෙන්
ee8b1a3c86	මොකද බ්‍රයන් මීට කලින් කවදාවත් ඇයව දැකල නෑනෙ.
ee8bb01693	රටටම පෙන්නුවා.
ee8cb04d7b	බඳවාගත නොහැක.
ee8cbd5779	අන්තිමට තියන මල් එක්කලනම්
ee8cca74ad	ඒක තව පෝෂණය කරලා
ee8d581643	එක් ස්ථානයකදී වසරකට
ee8d6c292b	අන්තිමේදී මේ තාත්තා මැරෙනවා
ee8d927423	පුද්ගලයා හා සමාජය අතර
ee8dfd1662	එම නිසාම බොහෝ ව්‍යාජ මුදල් නෝට්ටුවල
ee907f9017	අලි බබා සහ හොරු හතලිහ වගේ වැඩක්.
ee90b95a05	අපේ පුද්ගලික අංශයෙන්
ee90f5f560	ඔවුන්ට ද සුපිරි සතුරෙකු ලැබෙයි
ee910d7d09	news sri lanka
ee913a7de5	ඉතිං මොනවා කියන්නද
ee914bcfc0	මොකද මින් පෙර කීප වතාවේ එහෙම කියා තිබෙනවා.
ee916e4f21	ඔහුගෙන් ප්‍රශ්න විචාරීමටත්
ee917c84d4	දකිනවා කෙනෙක් සියදිවි නසා ගන්න උත්සහා කරනවා.
ee91997969	තෑන්ක්ස් සබ් එකට
ee919e8381	පත්වෙන්නේ ඒ නිසාවෙනි
ee91a84551	අද දවසේ සිදුව ඇත්තේ
ee92412de3	හරිස්චන්‍ද්‍ර මහතා පොලීසිය සහ පරිසර අධිකාරිය සමඟ
ee9242e9d8	srilankan schools
ee9247398b	ඉතින් මට මෝඩයයයි ඔබතුම කිවේ
ee92dca227	එයාලගෙ අතට ගන්න හදන්නේ
ee92f1f18d	තමන්ට දන්වන ලෙස ජනතාවගෙන් ඉල්ලා සිටියි.
ee930c2e97	අද මම ඔයාලට අරගෙන ආවේ.
ee93489141	ඉවත් කිරීමට මම සලකා බලමි
ee9386964b	රැකෙන්නෙ කොහොමද
ee93ae0fef	ඒක හැම කෙනාම
ee93daac58	මීට පෙර පැවැති රාජාණ්ඩු පාලනය අහෝසි කරමින් නව පරිපාලන ක්‍රමවේදයක් හඳුන්වා දුන්නා.
ee93ea2e83	e channeling
ee942ecd89	පෙර වස් සමාදන් වූ
ee9450661d	එය එසේ වන බවට
ee9458299d	මාස ගාණක් ගිය
ee9480db48	මේක තමයි සිනමාව
ee95c94baa	ලක් ඉතිහාසයේ සියලු රජවරු අතරින්
ee95f0d1a2	එහෙම දේවල් නෑ කියල.
ee9606ae75	අයියා නිලු අක්කත් එක්ක
ee964c5647	අරුත් සම්පාදනය සිදුවේ.
ee9651184d	ලිපි අදටත් වලංගුයි
ee9673b9b2	කිහිපයක් නවතා තිබේ
ee9779daa7	ඒවා එක මල්ලේ ලූණු කන
ee979aba94	ජනාධිපතිතුමාට දන්වා සිටිති.
ee97c56c27	වකුගඩු රෝග
ee98ace1fd	විඳවීම ඉරණම වූ අවාසනාවන්තයෙකි.
ee98fb605b	මේ උපදෙස් ගත් කෙනාට
ee995168aa	සෑහෙන කලක් ගෙවිලා ගිහින්.
ee9962bd93	දැව තල මත දැකුම්කලූ ආකාරයට
ee99fe6481	opera
ee9a0c9f05	ඒත් එක් අයෙකුගේ වචනය විශ්වාස කරමින්
ee9b83d345	කායික හා මානසික සුවයෙන් යුතු
ee9bae4ccb	මට අපේ එකාවත් මතක් වුනේ.
ee9bbf6060	මෙම අසීමාන්තික තරඟය ඉවහල් වේ
ee9c086fca	රන්, රිදී, මැණික් තලි පරිභෝජනය කිරීමට ලැබේ.
ee9c48ce0e	අද ද ඔබ නසසපයේ අඩවියට පිවිසුන හොත්
ee9d84ac90	නමුත් පිටරට විශ්ව විද්‍යාලයකට ගිහින්
ee9d9ed7d2	දේශපාලන රැස්වීම් බවට පත්වී තිබෙනවා නේද?
ee9dfee79a	උං
ee9e1f6dfb	ඇය මරා දමා තිබෙන බවද
ee9e24dab3	දන්නා කෙනෙක් පාටයි.
ee9e28add7	ඔයාලම ඒකට උත්තරේ
ee9f21216c	අඩු වැඩි වශයෙන්
ee9f3727c2	එය පසුගිය මාස තුනක කාලය තුළ
eea0b25f9d	මිශ්‍ර හඳුන් කිරී පැන්වලින්
eea1283ab4	කාව්‍යා නාට්‍යයේ රඟපෑව චරිතය
eea16077ce	අප ණය ගැනීම කරන්නේ
eea26ad8e7	මාස හතරකට පසු
eea28db992	එතැනදී කල්පය කියා හඳුන්වන්නේ
eea2b59d1b	එවැනි මට්ටමට වර්ධනය වූ කළලයක්
eea2de3f3c	මැයි මස
eea2fd0774	ඉඩ ලැබෙන විදිහට අධ්‍යාපන කටයුතුවල නිරත වුණා
eea32f3325	ඔහු පැහැදිලි කලා.
eea359464c	youtube
eea37bf512	කඳවුරට ඇසෙන්නට සලස්වයි.
eea3b734e3	ඒ ගැන පොඩ්ඩක්වත්
eea3d11f6d	අපි නමස්කාර පූර්වකව පිළිගනු ලබන්නේ
eea44f1f3b	නගරය විසිතුරු අන්දමින් සරසා ඇත.
eea47305fa	බ්ලොග් පෝස්ට් දාහක් කියන්නෙ
eea4a295f7	කොහෙත් කථාව ඕක තමයි.
eea5972637	පහත් පුද්ගලයින් සේවයේ යොදවත්.
eea5b6107d	අපි ග්‍රාමාරක්ෂකයො හමුදාව පොලිසිය එක්ක
eea5d9e2d2	පුළුල් දේශපාලන කියවීමක් අවශ්‍ය වන්නේ එබැවිනි
eea6810610	තවත් සමහරු මේ රට
eea6890aab	සුදු හමට වැඩිපුර තැනක් තාමත් ලැබෙන්නේ ඇයි?
eea7000682	හැක්පෙටිපොළ බලකාය එවයිද දන්නෙත් නෑ
eea73df2be	බ්ලොග් එකේ දාන එක
eea79492ee	දකුණු පැත්තේ තිබුණා..
eea7f801ff	හොද කන් දෙකකුත් ඕනේ වෙනවා
eea83a40fc	පරිහරණය කිරීම හා අදාල සිරිත්
eea8a6fdf9	ඊටත් වඩා සැප විඳින්න පුළුවන් මහා පිනක්
eea8f20528	ගෙදර හිටවපු දෙයක් උයලා කනකොට
eea97030e2	නියං කාලෙට
eea9d73542	ගස් වැල් බිහිවුනා කියල.
eeaa6a954f	පිටරට පටවන අතර කොරල් පරය
eeab7decf4	ගැන ඇති තන්හාව නිසාය.
eeac06147a	අද නම් පෞද්ගලික ජීවිතේ සහ රාජකාරී ජීවිතේ
eeac691909	බාගෙන අරන් තියල
eeace37ea8	දැනට ඉන්න සුපිරිම බ්ලොග් කරුවා
eead05dc07	මගේ දුවේ.
eead188098	එල ඔන්න බානව
eead6a1404	මෙවර මහ මළුවේ සිට පෙරහර නැරඹීමට
eeadc5cc5b	රාත්‍රියට නව වතාවක් දඬුවැටි පහනක් අරගෙන
eeadf78e23	සිරුරු ගෙන එනු ලැබිණි
eeae256c3b	උතුරු සිසුහු තොරණ විදුලිය ගැනත් උගනිති
eeae51645d	කැමැත්ත වන්නේය.
eeae62f54c	වේදිස ගිරිනගරයට වැඩම කොට සිටියහ.
eeae750714	කොහේවත් නැත
eeae993d30	සිත මෙහෙය නොවීමයි.
eeae9f9cba	මෙරට ගෙවතු නිෂ්පාදන
eeaea8c981	එම මවගේ ආත්මය රාගිනී හට ආවේශ වෙනවා
eeaec23565	නිර්මාණය වී ඇත.
eeaf254221	තමයි මමත් මේ බලාගෙන ඉන්නේ.
eeaf47410a	උසස් පෙළ දක්වා ආවේ එක්කෙනයි
eeafe80962	හැකි තත්ත්වයන් නොවේ.
eeb08200d6	අගනා ශාස්ත්‍රීය ලිපි සතරකින් සමන්විතය.
eeb149a130	ඉතිං අද කථාව ගැන නම්
eeb1573eb6	ප්‍රවෘත්ති ඉදිරිපත් කරන්න නෙවේ.
eeb180ac60	අපි දෙන්නම අධ්‍යාපනය ලබන ශිෂ්‍යයෝ
eeb216c810	අන්තර් ජාල සම්බන්ධය හ‍රිම වේගවත්
eeb27ab2f6	පහළ නොවූ අබුද්ධෝත්පාද කාලයක්.
eeb2e93b30	උඹට සමාන කරගෙන.
eeb41ab52a	හරිම තැති ගන්නා සුළුයි.
eeb4d1dc1b	මෙලොවට බිහිවන ඕනෑම කෙනෙක් අතින්
eeb4e71a26	softwares like hotspot shield
eeb513701e	ඔය වාහන ගෙන්වන්නේ මෙයාලා නොවෙයි
eeb522675a	තේරෙනව ඔය කියන අයිතියේ
eeb59210ac	හැබැයි ඉතින් ඕව
eeb60dcc67	අද මෙන්ම ඇස් රවටන මිණුම් ක්‍රම
eeb62d59de	තමා පවත්වාගෙන යනු ලබන
eeb63996c2	යටාල වෙහෙරද කලින් මේ හැඩයෙන් තිබී ඇතැයි සැලකේ.
eeb67063a9	එක්දරු පියාත් ‍පොලිස් පරීක්ෂකවරියත්
eeb6ff798a	මිනිසාගේ මරණය දක්වාම
eeb75279fe	රජතුමා කරන්නට සූදානම්
eeb771594f	අශෝක රජතුමා දර්ශනීය මන්දිරයක් ඉදි කළේය.
eeb7b0f259	පරීක්‍ෂණ පැවැත්වූ රහස්‌ පොලිසිය
eeb7d13cf7	ඔය විදියට නිධාන කතා
eeb7fe7385	ඒවයින් එකක් තෝරගන්න කිව්වා.
eeb803f766	අන්‍යයන්ට බලපාන සාධක ය.
eeb8952196	බුද්ධඝෝෂ නම් වූ
eeb961df64	සිංහලයා ලත් තවත් ප්‍රතිඵලයක් නම්
eeb9b9642e	මම ඒ ආසාව වලලලා දානවා.
eeba812414	තවත් අභිමානවත් බෞද්ධ උරුමයකි.
eebb55e86f	හිතුවා ඇත්ත කියලා.
eebbd2cbf7	ඇහින් දැකපු දේවල්
eebc7ea5c5	එක්සත් ජනතා නිදහස් සන්ධානයේ ජයග්‍රහණය
eebd2a4249	අවුරුදු ක්‍රීඩා ජන ක්‍රීඩා ඇතුළු
eebd9010aa	ඒවගේ බොක්ස් ඔෆිස් වලටත්
eebddbad74	රස කතාවක් තියෙනවා.
eebe13bc56	ඇඳිය යුතුය.
eebe5cf42f	පෙන්නනවා කියලා.
eebec4c375	ඒක ලැබෙන්නේ
eebf6bd877	අවධාරණය කරනු කැමැත්තෙමි
eec014ca77	පසුගිය වසර කීපය තුළ
eec04d1417	ඉංගිරිස් කතාවක් මාත් අහලා තියේ මෙහෙම
eec057c231	ඉස්මතු වෙන්නේ නෑ.
eec16fa958	නියමම නියම ඇනිමේශන් එකක්
eec19745d3	ක්‍රියාකාරී කාර්යභාරයක් ඉටු කළේය
eec1a2de3b	tamil girl
eec1afd118	ගුරුවරු කීපදෙනකුයි.
eec1c04e18	මාව හරියට රිද්දනවා
eec1cdae68	ලෝකයක තමයි අපි ඉන්නේ.
eec22e5c6f	මේකෙ මුල් පද දෙක පංකාදු යි
eec2fe485a	තවත් පිරිසක් නවීන පන්නයේ අමුතු හැඩැති භාණ්ඩ නිපදවති.
eec38e0c2b	අවසන 'අනේ ! මේ සින්දුව තව ඩිංගක්
eec4125b57	මෙහිලා චණ්ඩාශෝක ධර්මාශෝක බවට පරිවර්තනය වූයේ
eec48c6e09	පෙනුම විතරක් නෙමෙයිනේ නැද්ද?
eec4c8cf06	ජනකථා වලට වඩා වෙනස් කථාවක් අහන්න ලැබුණා
eec51acbc6	වටහා ගනියි.
eec530b47f	බුද්ධ කාලයේ පවා කෙලෙස් සහිත මිනිසුන් විසින් කරන ලද
eec592987e	එහෙම ආපු අයගේ පැටිකිරිය
eec5f5fdc1	ඔබේ මනාපය ඒ විදිහටම පල කරන්න.
eec64a4a59	තොපි දෙදෙනාට හරියටම ගැලපේ.
eec64aacb8	සාමාන්‍යයෙන් වයස වන කාලයේදී
eec6c814bb	ෆිල්ම් එකක්
eec6f0ad60	එමෙන්ම ඉහත ගාථා රත්නය තුළින්
eec7bee4d2	මේ ප්‍රදේශවල පිහිටි සිංහල ගම්මානය
eec8a4d987	මේ වැඩේ කරගෙන යමු.
eec9317fd9	එවැනි දෙයක් ඇතිවෙන්නේ?
eec974deb8	ධර්ම දේශනා මාලාවකිනි.
eec98eda20	පාඩම් කියාදෙන්න වුවමනා වුණේ නැහැ
eecac86c4b	උපාසක චණ්ඩාලද උපාසක කිලුටද පිළිකුලද
eecacd11cc	මේකෙ යට තියෙනවා
eecacf369a	එම අතුරු ආන්තරා
eecb2a8602	හොඳට සිහිය පිහිටුවන්න පුළුවන්කම තියෙනවා.
eecc1ddb52	එය එතනින් අවසන් නොවී
eecc445e32	ඔබේ අවසන් කමෙන්ටුවේ
eecc60c268	හොඳට තාල එලිසම ඇත
eecc736cda	ඒ තතු විත්ති.
eeccc6846f	රසයි සහ හොඳ කළුපාටයි.
eecdb81701	ඔබලාම නේද කියන්නෙ
eecdc4de1d	අනිකත් කල් මරන් නැතිව
eece3146cb	අර බමුණන්
eeceaa0472	නකල්ස් පැත්තට තමයි.
eecf2947b8	අපෝ ආයේ නම් නෑ
eecf8240ea	සැළසුම් සකස් කළේ ය
eecf99fbec	බුද්ධිය පෞරුෂය සහ දක්‍ෂතාවය ආදී සියල්ල තිබෙන්න ඕනෑ.
eecfda5c50	ජනප්‍රිය ඉතිහාසයත්
eed0201ff8	මිහිඳු මහරහතන් වහන්සේ බුදුදහම ගෙන ඒමෙන් පසු
eed178c3ce	හේතු වුණා.
eed1b3e4eb	එළැඹ භාග්‍යවතුන් වහන්සේට සකසා
eed1dada7a	මං හිතා ගන්නම්
eed25da08c	ඇල්ලේ නාමපුවරුව
eed285f557	නොබලා කොහොමද.
eed3268d2f	පියවර ගැනීමට ආණ්ඩුවට ඇති ඉඩ
eed32878d5	ඇටසැකිල්ල හිස්කබල ද සමග
eed339139a	එමෙන්ම අත්තකිලමථානු යෝගය මඟින්
eed3c7bc77	අපේ ආදීම යුගයක
eed4647328	ප්‍රශ්න තවත් වැඩිවන එක විතරයි
eed46bbee4	බෝධි සත්වයකු තුළ
eed4a2b3e7	ඔය ටොරන්ට් වැඩේ නවතින්නේ නැති බව.
eed4bf8def	උපසම්පදා භික්ෂු භික්ෂුණීන්ට
eed50bf34c	මේ ගොල්ලොන්ට තියෙන්නේ
eed5a60640	අයියලා හවසට වෙලේ ක්‍රිකට් ගහන්න
eed5d19429	මනමේ බිසව පිළිබඳ
eed5e614c6	අක්කණ්ඩී ආ ඉන්න
eed5e82245	එම තත්ත්වාවබෝධය මගින්
eed5f92adb	වරින් වර පැමිණ
eed609fe19	සුබාන් වල විය හැකියි
eed6714d46	සාමාන්‍යයෙන් රජරට සහ ඊට ඉහළ උතුරුකරයේ
eed6c72415	ඔහු සිටියේ ජාත්‍යන්තර විචාරකයකු ලෙස
eed6d3cb8d	ආරංචිය ආවෙ.
eed6dc3f8d	දහස් ගණනක් මැරෙන්න යද්දී
eed704aaec	ධර්මරාජ කණ්ඩායමට කුරුණෑගල පාසලකින් එකතු වුණු ක්‍රීඩකයන් තිදෙනකුගේ වයස
eed76ff452	සිග්නල් දැන්වීම
eed7d0946f	තැපැල් විදුලි පණිවුඩ සේවාව සම්පූර්ණයෙන්ම
eed8414415	එදා සිරිකොතට වැඩම කළ
eed8e22522	අනිත් දවසේ දැක්කොත්
eed9333cfa	ක්‍ෂණික කෝපය ගැන උසාවිය පවා සලකා බලයි.
eed949a470	අර ඉස්සර කීවනේ මේ පැත්තට සැප දෙන
eeda171ff6	එයින් විනය, විනයඅභිවිනය වශයෙන්
eeda253141	බවට පත්විය.
eeda3e2c21	මව් කුසට පිවිසෙන්නේ
eeda91c0e9	ඉන්පසුව එළඹියේ මෙම වැඩසටහනේ සංවිධායකවරිය වූ විමලාවන්ගේ භූමිකාවයි
eedac675df	එදා එම ප්‍රසංගය නිසා
eedad46024	ඉන් ජනිත වූ තවත් අතිරේක ප්‍රතිලාභයක්
eedae31a2d	අනික විජයට මතුවෙන්න පවුල් පසුබිම
eedb229979	ඒ මාලිගය තනා තිබූ බවද කියැවෙයි.
eedb6ac20a	සිංහල දාගන්න ඕනේ.
eedbb92d1e	bass bin
eedc2f69d2	ක්‍රියා කරන්න.
eedc51f8bc	අනික ඔයා කියන විදියට
eedcb9add2	සෝවාන් උත්තමයයෙකුට දෙන
eedd1b042b	එනම් මේ සිනමා පටය
eede005067	අලි දෙදෙනා තුන්දෙනා හමුවන අවස්ථා තිබේ
eede1efe51	අපි හිතුවා උත්තරීතර බුද්ධ ධර්මය රැකගැනීමට
eedebe5065	ආනන්ද නාහිමියන්ගේ මෑණියන්
eedf0a8e86	අපේ ගොඩක් හැසිරීම්
eedf1a99c8	ඒ දෘෂ්ටිවාද ජාලයේ කලාත්මක ප්‍රකාශනයයි.
eedf432ba7	තම දෛනික ජීවිතය සාමාන්‍ය පරිදි
eedf78a816	ගේට්ටුව ලඟ අඬ අඬා සිටියා
eedfc8a9b0	කාල වේලාවක් නෑ.
eee0153b0d	ඔය සඳ චන්ද්‍රයා උල්කාපාත වැනි
eee078804d	එය පැවසිය යුත්තේ
eee0c53efe	මෛත්‍රී භාවනාව කරන අයෙකුට
eee0f604e0	මේ නිසා මේ හෘදය සාක්‍ෂිය
eee180fe3e	අඩුවුණොත් ඇයට මුදල් නෑ.
eee1b2b6ce	පරීක්‌ෂාකර ප්‍රතිකර්ම යොදා ගන්න
eee2c912d5	තවම නම්
eee3113514	එක්සත් ජාතීන්ගේ යුනෙස්කෝව මගින්
eee34064eb	අනතුරුව අමාත්‍ය රංජිත් සියඹලාපිටිය මහතාගේ යෝජනාවකට අනුව
eee3608e1e	එබඳු සිත අරමුණෙන් අරමුණට පැන පැන
eee368fbaa	නමුත් බලපු අය දන්නව ඇති
eee3c9f886	ඒකෙන්ම හිතාගන්න පුළුවන් නේද
eee3cfd535	බ්ලොග් ගැන නෙමේ
eee445ea9e	මේකේ දැන් තියෙන ලොකුම ගැටළුව
eee45c9065	ඒ සදහා දිගු කලක් යාවි.
eee4d270ff	විශාල ප්‍රශ්නයකටයි.
eee4ecbbad	ඔය කෙහෙල් මල්
eee4f11749	මූලික සිද්ධාන්ත තේරුම් ගැනීමෙන් පසු
eee526a338	ගැබිණි කාන්තාවක් සඳහා
eee5717e3a	රහසේ සඟවා තිබුණි
eee5ca0cf8	ඒත් හොඳ ගීත අහන්න දීලා
eee5f43f67	ආහාරයෙහි පමණ දැන ගත හැකි බව
eee60aef6d	අධ්‍යක්ෂක විසින්.
eee63ab3bb	පුද්ගලයාගේ ඇවැතුම් පැවැතුම්
eee6b70cf8	අර බමුණන්
eee6de49a5	ඉක්මනින්ම දෙකත් අරන් එන්න ජයවේවා.
eee713116a	අපි පොරවල් වෙන්නෙ නැහැ.
eee77e4a62	ලක්දිව පහළ වූ
eee7936789	දේශපාලන විසංවාදය නෙමෙයි
eee79f30fc	ප්‍රගුණ කර ගත්තේ
eee7a644ac	ඇල්පිටිය ඇල්ල පුවක් දොඩැල්ල පදිංචි
eee8d6b938	ගොවියෝ කම්කරුවෝ වැනි අහිංසක මිනිස්‌සු.
eee98dc100	මේ දාර්ශනික පිළිගැනීම නිසා
eeea0c04d5	සිංහල දන්නවා කියන එක නෙමෙයි.
eeea976b1b	ඉතින් මේ රාත්‍රියේ මුල්ම හෝරාව
eeeb44e574	බොහෝම කනගාටුයි
eeeb6f91f8	ඔහු රජ්ජුරුවන්ට පෙන්වා දුන්නා.
eeeb88c51e	ඔය චිත්‍රපටය
eeec04b77e	kamburupitiya
eeec45735a	අපේ ජීවිත පාලනය කරන්න දරණ කූට උපායක් මේක.
eeec9c66ec	මුළුමනින්ම පිළිගන්නේ නැත
eeecfba869	අපේ ඒරියා එකට වරෙන් මම බුරනවා
eeed38b8a3	අනිත්‍යය නොවන දෙවල්
eeeda0bddd	මිහිරි ශ්‍රී සද්ධර්මය දේශනා කරමින්
eeee7f2f7e	මෙබඳු නිවර්තන කුණාටු තත්ත්වයන්
eeeed3bf11	කිසිදෙයක් කරකියා ගත නොහැකිව
eeeee9d7ed	ආවනම් කරුණාකර මේක කපන්න
eeef0a936a	පංච උපාදානස්ඛන්ධය දුකක් යැයි
eeef3acc21	තෑගි දෙනාත් දෙන්නේ.
eeefd21a76	සවස් භාගය වන විට වර්ෂාව හේතුවෙන්
eef04cbb08	ස්වර්ණවාහිනිය සිය අසන්නන්ට කණගාටුව ප්‍රකාශ කළේ ද නැත.
eef071cc3d	බසින් මෙසේ සඳහන් කරති.
eef0d0a0c4	ලොකුම ලොකු කේක් ගෙඩියක්.
eef10d2f3d	මෙත්තානිසංස සූත්‍රය හා කරණීයමෙත්ත සූත්‍රය ආදිය ද
eef1df2c7a	මම නම් අහලා තියෙන
eef24bf360	ප්‍රශස්ත රචනා ශෛලිය
eef2740761	ගොඩක් දවස් ගියා.
eef28a77bb	පුරාවිද්‍යා ස්මාරකයන්ට හානි කිරීමේ චෝදනා මත
eef2c62428	මේ ශාසනය
eef30e1e08	මතක තබාගෙන
eef378136e	අනතුරුව ඔහු ශිෂ්ටයෙකු වූ පසු
eef3cfbeba	එදා සමාජ ක්‍රමයට අනුව
eef41e7297	ගමන් කරන ලක්ක්‍ෂණ
eef432d19c	එහෙම නැතිනම් මෙහෙම කොමෙන්ටුවක්
eef4a194d7	උපතක් කරා යනවා.
eef4c503f9	උඳු වපුරා ඇත්තේ මහා ප්‍රතිඵලයක් වශයෙනි.
eef5ae4e80	ඔහු අවිවාදයෙන්ම ප්‍රතිනිර්මාණය කරන්නේ
eef5c50ed6	කිහිප දෙනාගෙන් කෙනෙකි.
eef5fee448	යතුරු පැදිය දෙන්නකුට මරු කැඳවයි
eef6213866	එහෙම තමයි ලෝකයේ හැම විප්ලවයක්ම වෙලා තියෙන්නේ
eef65daa71	සාහිත්‍ය පිළිබඳ මීට වඩා
eef6b49236	අවසන් මහා තරගය වන තෙක්ම
eef6d37dad	ඒ ගැන තේරෙන්නේ වයසට ගියාමලු.
eef79b94ed	මේ ගාථාව
eef79c03fa	මිලදී ගැනීම්වලටද යෝග්‍ය වන්නේය.
eef7b23c60	අවසානය වෙනකන්ම කම්මැලි නැතුව
eef7b65163	තම සිත තුළ පවතින
eef7bd7ba8	එක්වරම ප්‍රකාශ කළ නොහැකිය.
eef7c149a2	නමුත් එය මිනිසකුගේ
eef86b73b3	ගුණ ලෙස හෝ
eef8ad14b6	අතීත මිනිසා හට දැන් බඳු අහස් යානා නො තිබුණි
eef8fc3ce6	එම නීති ක්‍රියාත්මක කළ ද
eef90644e5	නිකරුණේ බැණ වදිමින් යන බව
eef942d082	නැති සෙවලයො බිහිවෙනවා.
eefa272ee8	යාළුවො ගොඩක් රඟපාන චිත්‍රපට ඉල්ලලා තිබුනා
eefb345cc5	පවතින යථාර්ථවාදය සුරැකීම වෙනුවෙනි.
eefb36f50b	ඊයකින් ඇවිදිල්ලා
eefb8b3139	අපිට ලැබුණු ප්‍රතිචාර වලින්
eefc3146f0	එතකොට තමන්ගේ චීවරව වෙන කෙනෙක්ට අන්දවන එක හරිද?
eefcd49c2b	මට නම් මහා භයානක ජාතියක්
eefd766553	ගොන්න අතරින් සොයාගැනීමට හැකිවිය
eefd85dd0d	මේ මඟින් පුනර්භවය කර්ම විපාක ආදී
eefd9b9103	දැනගැනීම සඳහා දුරකතන අංකයෙන් අමිල අමතන්න
eefe1011cf	මේක තමා ලුම්බිණිය කියලා හරියටම කියන්නෙ.
eefe177834	අතීතයේදී රජරට කපුගේ ගෙන් සංගීත ලෝකය ආලෝකවත් විය
eeff91a8a7	තුලා රැකියාව
eefffc6ca6	එලෙසම පුද්ගල පදිංචි කිරීම්වලදී
