f20057d808	ධර්මය දේශනා කරන කොට
f20071ecd9	ඒත් මේ සියලු ගැටලු අතර පවා
f200add5af	ඇයි ළමයින්ගේ දෙමව්පියන්ගෙනුත් මුදල් එකතු කරන්නේ
f200d5ac45	ඔය යානෙ හොයන්න.
f200e27775	එය පරම අර්ථය නොගනී.
f201e5442f	සුදු කිරීමේ හෝ
f20254d2b3	ඡන්දකින් ලබාගැනීමටත් සමත් වී තිබෙනවා
f203338db5	එල වැඩකාරයෙක්
f203f8b5e1	සාහිත්‍ය තුළ සිදුවුණු වැදගත්කම්
f20409bbbe	වෙන කිසිම දෙයක් නෙමේ
f204203583	ඔළුවෙන් ලේත් ආවා.
f20431c875	අපරාධකාරයන්ගෙන් පිරුණු කල්ලික ලොක්කෙක්.
f20453de7c	පුවතක් බෙදා ගැනීමට අවශ්‍ය නම්
f2049ac253	මෙම නවකථාවෙහි සාකච්ඡාව සිදුවන්නේ බුද්ධ පරිනිර්වාණයෙන් වසර එක්දහස් දෙසිය පණහකට පසුව වූවක් ලෙස සැකසී ඇත.
f204a0d736	බුදුරජාණන් වහන්සේ මේ අගයන්නේ
f204b5533d	ඇගේ රංගන දක්ෂතාව පිළිබඳව
f204db5d2f	සම්මන්ත්‍රණ හා ධර්මදූත කටයුතු වෙනුවෙන්
f2052a5baf	වැඩි අවධානයක් යොමු කළ යුතු බවද පැවසෙනවා.
f205becc1b	ලෝකයේ ප්‍රථම බුද්ධ ප්‍රතිමා ව නිර්මාණය සිදුවීම නිසා
f20628beb7	usa and sri lanka
f206e1f665	ඒ නිසා එයාලා කරන වැඩ නවත්වන්න
f207eda98c	උදව් කර අවසානයි.
f20858bfe7	සුනිල් සහ ඔහුට පදමාලා රචනා කළ
f2088555bd	බුදුරජාණන් වහන්සේ අවබෝධ කරගත් නිර්මල ධර්මය
f2090df6e5	අනෙක් කටයුතු සියල්ලට වඩා
f209ee62a0	රජතුමා කල්පනා කළේය.
f20a701b44	තමා මට නම්
f20b567fd4	ඔබ වැරදියි කියන තීරණය නම්
f20b9f44f5	මගේ සහාය බලාපොරොත්තුවෙන් එහෙම සාකච්ඡාවක් මේ වෙන තෙක් වෙලා නෑ
f20ba388ad	අප තෙරුන් වහන්සේ මෙවන් දෑ ගැන
f20bb3d616	අනිත් උනුත්
f20bd3a528	මගේ වයස තිස් අටයි.
f20c04c1a4	නෝර්වේ තානාපති කාර්යාලය
f20c0706a5	real beautiful sun set painting on a canvas
f20c5b3094	ඒත් මේ දේ කරන්නෙ
f20cc063e6	ඇගේ අත් සහ කලවා සීරී තිබෙනු හිඟන්නා යන්තම් දුටුවේ ය.
f20ceeafea	ලොකු සටනනක් දෙන්න වෙනවා.
f20d98f8b4	ඔහුගේ ගමන වැළැක්වුවා.
f20db074a5	බොරුවෙන් වළකිනවනම් කොතරම් පින්කමක්ද?
f20e1717b5	ආගන්තුක වත් පිළිවෙත් සිදුකොට උපස්ථාන කළහ.
f20ed70599	එවැනි භික්‍ෂු නෙරපීම් වලට
f20f364667	ප්‍රබල පුදබිමක් වශයෙන් ද
f20ff38aed	අප සමාජයට
f210201e7e	පිරිමි ඉස්ගෙඩි ටික වැඩේ අතැරලා දාල ඉවරයි
f21024ca64	බෞද්ධ සද්ගුණවලින්
f2106b3262	ලෝක සත්ත්වයා තමා ගේ් යැයි කියා කිසිවක් නොමැතිව
f210817588	ඊට පස්සේ ඉතින් තුනේ ඉදන් කොටලා
f2109b0d06	මොකද මෙම ස්ථානයේ දී
f211180cd6	අපි මේක සංවර්ධනයක් ලෙස
f21151ce9e	සමාජ පරතරයක්
f211668427	thai
f2117c9ad4	ධම්මිකෙ ධම්ම ලද්ධෙන යන අංශයයි
f211c5b237	එයාල දෙන්නා හම්බවෙන්නේ
f212164753	මෙහෙම කළේ.
f212c6a1ea	රටට චොදනා කිරිම මෝඩ කමක්
f2131e1cf3	උපාසිකාවෝ සුදු රෙද්දක් සහ සුදු හැට්ටයක්ද
f2136bd6a6	උපත ලබන්නේ ප්‍රේත ලෝකයේ.
f213805d6d	සමාජයටම වැඩදායි,
f213ac1b3a	අවසානයේ තම පුතු වෙනුවෙන්
f213b167c8	තුරන් කොට ඇති රටවල්ය.
f213c51596	ජංගම දුරකථනයක් නැත.
f213dcaff7	නැතිවීම ලොකු ගැටළුවක්.
f21415840a	මෙයාගේ ඇස්වලට
f21447c5c7	අද නිදහස් රටක් අපට
f215797b11	එම ප්‍රභූ ඉඩම් හිමි
f215ead8b7	පරිසර සංරක්ෂණයට ද
f215f217cb	අරක මතක් කලොත් විතරක්
f21647008e	හිමාලයේ කියලා මෙයා අහලා තියෙනවා.
f21654fb2c	ශ්‍රී ලංකාවේ උපත ලද ඔබ
f216cf0aba	sri lanka films parliament jokes
f216e18e84	අපි කැමති උනත් අකමැති උනත්
f21778af96	එහෙම නැති නම්
f217dd56f0	ඇත්තටම අගය කරනවා.
f2185d5dd2	එංගලන්තයට යන්න සිදුවුණා.
f218610887	අත්අඩංගුවට ගැනීමට නියමිතය
f21873224c	කායික හා මානසික ආතතිය වර්ධනය වී
f218a53759	පුද්ගල කණ්ඩායම් වශයෙනුත්,
f218ebdf2d	රතුපස්වල සිද්ධිය සම්බන්ධයෙන්
f219cf29c3	මෙසේ දැක්විය හැකි ය.
f21b88c6a0	එවෙලාවට කොල්ලෙක් වැරදියට හිතුවො
f21c131023	ලබාගෙන ඉදිරි දිනයේදී
f21c327894	අපි තීරනය කලා.
f21de2227c	බද ගොස්තර වාදී වැඩ.
f21e0b6fac	එම ජංගම දුරකථන සිම්පත් මගින්
f21e1f8861	ආදරය කරන්න පටන් ගන්නවා
f21e295409	මෙම අවස්ථාව වන විට
f21e2a9774	ලෝකෙ කොහෙත් වැඩි පිරිසක්
f21e8d76e2	downloads windows xp pro free
f21f1142c6	ඔය වගේ
f21f5b3be4	සඟවා සිටින ස්ථාන පිළිබඳව
f2206baf3a	බොහොම පැහැදිලිව පිළිතුරු දුන්නත්
f220e49471	හොඳට සිහිය පිහිටුවන්න පුළුවන්කම තියෙනවා.
f220edc55b	ඒත් හැම මඟුලටම විරුද්ධ වෙන
f2210cdcba	නිතර ලියන්න නම් බෑ.
f2216232d5	ඔය අතරේ වොෂින්ටන් ඩී.සී නගරයට
f2218f5263	ඔබතුමාටවත් මටවත් බැහැ
f222161e7f	හැබැයි කල කම් පල දෙන්න
f2221e0283	මුන්ව අල්ලලා දෙන්ඩ වෙලා තියෙන්නේ.
f222300e37	පැදුරක් උඩට වෙලා
f22295f732	කෙනෙක් මැරුණායැයි නිගමනය කරනු ලබයි.
f222cb02a9	ඔබ සැමගෙන්
f22313df18	ගැමියන්ගේ පහන් සංවේගය දෙගුණ, තෙගුණ කිරීමට සමත්විය.
f223c4b4e1	කිසිම අවුලක් නෑ.
f2247a7f3b	මොන හත් ඉලව්වකටද
f2251530cb	මැදින් අව අටවක පෝය
f2257a513d	ඒවගේම ඇට්ලාන්ටා
f225b6228e	ඒක ඉතිං ලෝක ස්වභාවය
f225ceee23	බුදුසසුන හැදී වැඩී තිබෙන්නේ
f2273fe7ba	මෙලොව අතහැර යන්නට වෙන්නේත්
f227519022	සිදු වෙනු ඇති බවටයි බලාපොරොත්තු
f227974f98	ඔහු සහ ග්‍රේචන් සිදු කර ඇත්තේ අන් අයව නොමග යැවීමක්.
f22821bacd	දහසක් පමණ මියගියා
f22836cb22	සංශෝධනය කරලා තියෙනවද කියල.
f22853cc42	එසේ පාසල් වේලාවෙන් අනතුරුව
f2296f1d6e	business
f22991db96	ආදරේ කරන්න ගන්නකෝ.
f229a3e2c5	ඒත් මම එක ගැන
f22a392643	නිරුද්ධ වූ නිසල කය රියෑදුරු අසුනෙහි ඇල විය
f22a580367	අරමුණු සැලසුම් රැසක් සාර්ථක කර ගනී.
f22c54da0b	ඔවුනට පුදුමාකාර ප්‍රහේලිකාවක් විය
f22d86ddac	කර්මය යන මාතෘකාව ගැන
f22dbc813e	නඩේගුරා වෙබ් පිටුවේ නෙමෙයි.
f22e580f93	අලුත් ලෝකයක් පටන් ගත්තා වෙන්නත් පුළුවන්.
f22ea274aa	එකම මේස් කුට්ටමද කියල බලන්න
f22ec9fdf3	මුල ඉඳලම ගමේ හාමුදුරුවො විතරයි හිටියෙ
f22f7f46dd	තවත් දේ සම කළාහුය.
f22f991c34	මොකද ඔහුට කැමති කිසිම නිලධාරියෙක් නැති නිසා.
f22fa792bd	නරක දේත් සිදුවුනා.
f2300e420f	mario games
f2305f5d27	විස්තර කළ හැකි යැයි ද පැවසෙනවා.
f230b34e47	ළමයා ටික ටික දියුණු වේගෙන එන්නේ ඔය
f230bfdf78	බෞද්ධ ජනතාව අසරණව සිටියහ.
f2316968e6	එයාගේ ජීවිතයේ වැඩකරන්න
f2319f4cb3	යමක් කියලා ඔහුට.
f232665161	එක දිනෙන් දින ජයෙන් ජයටම
f232d594c5	ලංකාවේ අහස යුදමය කටයුතු වලට භාවිතා නොකරන කලාපයක්
f2333752d9	mattala air port
f233d9ae55	saul bass
f233e6fe42	ඔය පින්වතාගේ වැටහීමට අනුව
f2349f189d	බුදුන් දවසදීත්
f234deb95f	ඒත් ශිෂ්‍ය ප්‍රජාවේ මතය විදිහට
f2352dc2fc	වෛද්‍යවරුන් ඉංජිනේරුවන් යන
f2353b96f2	එකින් එක ගෙන
f2358ff42b	උන් යන්නේ
f235d3f1e9	මේක නිකන් මේ මොන්ටිසෝරියක් නෙවේ
f236ad160c	කරන කර්මයෙන් බේරෙන්න බෑ
f236d98e9f	කිහිපදෙනෙක් එම මාර්ගය භාවිතා කර
f236e95ded	ඉහල ඉඳන් ප්‍රමිතිය හදාගෙන
f2370bfba3	මෙම රජවරුන් රට ආර්ථික වශයෙන් ස්වයංපෝෂිත කිරීමට
f2374e4312	මේ වගේ එකක් දැම්මා නං මොකද මලේ
f2379a5dbc	මේ ධර්මයෙන් ඉස්සෙල්ලාම කරගන්න ඕන මොකක්ද?
f237b92c79	ආයතන සංඛ්‍යාවේද අඩුවක් තිබීම
f2381ebd23	තාම ෂුවර් නෑ
f2386ca84a	පාත් එක හොයන්නේ නැතුව
f238a8dcd0	අපි ඉතාම සතුටුයි
f238d8adeb	එහෙම පාලකයින්ගේ
f238d9c4d3	ධර්මය පිළිබඳව මොහුට ඇති වූ ගැටළුව
f23a51543d	එක් අවස්ථාවක් ලෙස
f23a9db838	එතකොට ගණකාධිකරන වෘතිතිය අවධානමකට ලක්වෙනවා
f23b230f22	බීබීසී කොළඹ වාර්තාකරු අසාම් අමීන් සමඟ කළ සංවාදයට
f23bbc8628	පවසන්නේ කෙසේ ද?
f23bea1c17	කොහොම තත්වයක පවතියිද කියලා
f23c05bb04	ජන තෙමේ පහුරු බඳියි
f23c30b954	පරිගණකයක ස්ථාපනය කරන ලද
f23c65e799	අනික යකෝ මේ රටේ දේශපාලනය
f23c7bbb3a	ඔය මුඛය වගෙ වචනයක් තියෙනවා
f23c7cfc9c	අසත්පුරුෂකම නිසාම
f23c842743	ඒක තමා මගේ එකම බලා‍පොරොත්තුවත්..
f23cae8e89	අනිත් එක ඇත්තටම
f23caea9b4	මේ අභියෝගය ජයගැනීම පිණිස
f23cc7a7fe	කියලයි මටනම් හිතෙන්නෙ.
f23ce44b4c	fun math
f23cf41724	අරා සිටිති.
f23d53334e	එන බස් එකටද කියලා.
f23d7aa2d3	මට සිතුනි.
f23d95c5fd	කුලය හා පැවිද්ද අතර සම්බන්දයට හේතුව
f23e8df0fb	ථීනමිද්ධය බැහැර කරන්නේ
f23e964afa	පිළිබඳ යෝජනා චෝදනා සංයෝජනා
f23f184992	දෙය නම් මැනවින් ගම්‍ය වේ
f23f8abfeb	දේශීය ඇයට ලබාදීමට නියමිතව ඇත
f23fe2b06c	ගස් වලට පණ තියෙන බව ඇත්ත
f240967d25	ඒක මටම තේරුනේ.
f240bb2d5c	කියන බලා‍පොරොත්තුව තියෙනවා.
f240d1ba3c	රට තුල ප්‍රචලිත කල යුතු බවයි ඔහු කියා සිටියේ.
f240dc92e5	sinhala astrology software
f240e2f5be	ඔබ දන්නවනෙ කැලිෆෝනියාවේ විශේෂයෙන්ම
f240e615b2	අලූත් උදාවක් සේ සැලකූහ
f240e61a28	ධර්මානුකූලව ජීවත්වෙලා
f2411eb2b5	මේවා ජනතා විමුක්ති පෙරමුණෙන් කරන ලද බවටත්
f24128c7fc	විදෙස් ගතව පුහුණු වී පැමිණි ආචාර්යවරුන් විසින්
f241b698da	සිංහලෙන් අදහස් දක්වන්න අවැසි
f241ba741e	මනාව දිස්වන ස්ථානයකට ලග විය හැක.
f242a85943	මැතිවරණයක් එන්න එපැයි!
f2432313cb	රැකියා කටයුතු යහපත් ලෙස කරගෙන යාමට හැකිවේ.
f244085265	ථූපාරාමයට නැගෙනහිරින් දැනට නටබුන්ව ඇති
f24463eccd	ඉස්සර තිබ්බ ආදරය
f2448d6997	ඔය කිසිම පුද්ගලයෙක්
f245334188	කෘතියෙහි වටිනාකම ද රැකෙනු ඇත.
f245d8c235	සල්ලි වලට නෙමේනේ මේක දුන්නේ.
f246721ab1	පත්තිනි විෂ්ණු කතරගම පත්තිනි දේව රූප.
f2470c1c02	උන්වහන්සේ අධිෂ්ඨාන පූර්වකව සිතුවේය.
f2475e3621	යළිත් ශාසනය තුළ
f247ba29e1	මෙම ලිපිය කොළඹ දිස්ත්‍රික් පිරිවෙන් උදානය නිමිත්තෙනි.
f247c2e0d7	සොයිසා රෝහලට යන්න.
f2481643c7	කළුමැද කියවූ කතන්දර
f2482b18dd	ලෙන් විහාරය වළගම්බා රජතුමා විසින් ඉදිකරන ලද්දක්
f248491ed5	හරි කෙටියෙන් කියනවා නම්
f24853c9d2	විශාල පිරිසක් සහභාගී වී සිටියහ
f248784c47	වැඩක් නෑනෙ.
f249245572	එවිට අසත් පථයෙහි යෑමට
f2493bc9d1	ඔබගේ ශාස්තෘන් වහන්සේට
f24957bd9f	ගෙවීම සඳහා පෙරමුණ ගන්නේද
f2497a2767	එයාට දැකපු ගමන් ඇඬුණා
f24a688030	එම වාර්තාවේ සඳහන් වූයේ
f24a729d40	ගුණවත් සිල්වත් හිමිනමක් බවද කියති.
f24a829367	දෙවැනි මාසයේ මුල් සතියේම
f24a9fd940	වසර දෙක තුනක් යනවා.
f24acf4448	බුදුරජාණන් වහන්සේ වදාළේ
f24ad3e45f	ඒකත් ඉක්මනින්ම
f24b51a3f9	ඒවා සුදු පැහැති රෙදිවලින් වසා දමා
f24b646e85	බැරිම තැන ආනන්ද ස්වාමීන් වහන්සේ
f24bfa76ed	ඊට පස්සේ මම එයාට කියනවා
f24c8932a3	සැකකරු නිවසේ දොරගුළු වසා දමා
f24cd000b4	හැදුනු දුප්පත් වේදිකා නාට්‍ය අධ්‍යක්ෂ කෙනෙක්ගේ
f24d9bbaff	මඩ වගුරේ නෙළුමක් පිපෙනවා.
f24dd1fbff	අද මම පුදුම වෙමි
f24edc7438	සක්‍රීය දායකත්වයක් සපයන බවද
f24ef9e1d1	ව්‍යවස්ථාවේ ඇති ඒකාධිපති ලක්ෂණ
f24f31cc33	බුදුරජාණන් වහන්සේට සමාන වන්නේ
f24f5aec83	අකාලික ගුණයන් නො වේද?
f24f6fbcff	කපිල වස්තු ශශ්‍රී සර්වඥ ධාතුන්වහන්සේලා වැඩම කළේ
f24fcd63ac	swapna
f2504b75f4	සත්‍ය ක්‍රියාව හා සැබඳි
f250717cda	ලෝක විනාශය සිදුවන ක්‍රම
f250bc1a3f	තුන්වෙනි කොටස කස්ටිය බලන්න ඇති කියලා හිතනවා.
f251611153	ඇඳුමින් දැඩි ලෙස වෙන් වන්නට ඉඩ දීම
f251cc9719	ගැරඬි කියන්නෙ
f251dc9e8d	honey bunny
f252c5a1be	ඔය ගොඩට දාන එක ගැන විරුද්ධයි.
f252cefda5	ඒවා ඔප්පු කිරීමේ ක්‍රම ද
f253f9215c	අමන්දා ඔබෙයි අකිලගෙයි ආදර සම්බන්ධයට
f25416e59d	ඇතැමුන්ගෙන් මගේ හමට දැනෙන්නේ හැගීම් අකුළුවන සුළු වූ රස්නයකි.
f25475347c	තිස්ස දොඩන්ගොඩ සුභ උපන් දිනයක්
f254d22c6d	ථූපාරාම දා ගැබෙහි තැන්පත් කරන ලදී.
f255d7c0a1	අපි ඒ ඉතිහාසය දැන සිටියා නම්
f255f1396a	අප ගබ්සාව හඳුනා ගන්නා කොටස් දෙකක්
f2561cf18a	ඉතාම සුළු පිරිසක් නේද
f256353511	අපේ අම්ම තමයි මොරටුවට ඇදල දැම්මේ
f257028389	දන්නා තිබ්බනං හරි
f2570754bf	පාසල් දරුවන් සඳහා පන්ති පැවැත්වෙන ස්ථානයක්
f2572aa7bb	එවා පාලනයට වහ කිව යුතු අංශයක් ඕන.
f25750388b	අපිට හිතන්න වෙන්නෙ
f25785af40	දුරකථන මාර්ගයෙන්
f2582b0b92	මේවා බදාගෙන ඉන්න අය
f2589635c0	විනෝද චරිකාව සඳහා සැන් දියාගෝ බලා ගමන් කරමින් සිටි.
f258b2b138	හරි දේ සොයාගෙන හරි දේ කරන එක.
f258caa6e2	ඔබ යම් භික්ශුවක් සරණ ගිය පමණින්
f258df70b7	කොතැන හිටියත් ගමේ පාසලටයි යන්නේ
f2598443fb	දරුවන්ගේ දරුවන්ට
f25a0afa1d	ඇර ඇර පොත් ගන්නවා.
f25a6559b3	තිර ඈත් කොට
f25ace9693	කරදරයක් වෙන්න බැරි නෑ’’ යයි කීවේ
f25b325314	ලංකාවෙ තියෙන පසුබිම මදියි.
f25b6ab693	ගොඩනැඟිල්ලේ බිම් මහලේ පිහිටා ඇති
f25b8c1f20	එය තේරුම් කර දෙන්නටයි
f25bfbedf6	ඉන් තොරතුරු ලබාදේ.
f25c4c0044	එම කටයුතු ආරම්භය
f25c5d8c9b	අපේ අය ඉතිං ජාති නෑ කම නිසා
f25c850a86	එය කුලභේදය වැනි දේ
f25c89ab01	ඔබ වහන්සේට් මෙතරම් පරුෂ වචනයෙන්
f25d66c78e	පවුලෙ ඔක්කොම එකතු වෙලා රෑ කෑම මේසෙදි
f25e23565d	අපේ රටේ හුඟ දෙනෙකුට ඉංග්‍රීසියෙන් ලියන්න බෑ.
f25e4da612	පින් අනුමෝදන් කිරීමෙනි.
f25e7df9cf	උපාධි අපේක්ෂක
f25ee50049	එම විරෝධතා පාගමන සිදු කෙරුණේ
f25f29e562	දිගටම කරගෙන යන්න.
f25f97b152	යථාර්ථයෙන් බැහැර දෙයක්
f25fb773b4	ඒ ඒ ලෝකවල ආයුෂ අවසන් වුණාට පස්සේ
f25fcd5b08	එහිදී ශ්‍රමන්ත කැරෝ
f26006e6d4	free boys
f260a39cc1	ඒත් ඒ කුලය මත නොව
f260d5d76b	තම ජාතිය පාවාදී
f260efba6e	ඔසප් ඇතිවීම,ගර්භණී වීම,දරුවන් බිහිකිරීමට සිදුවීම
f261100ee2	පුද්ගලයා කායිකමානසික වශයෙන්
f26112a3be	සමථ භාවනාවෙන් සිත දියුණු කරල දෙනව.
f26120fb92	ස්ත්‍රිය කෝමළත්වයෙන් සියුමැලිභාවයෙන් හා
f26127eb2c	වටහා ගන්නට සමත් අය හරිම අඩුයි.
f26175b39e	එයා ඒක අරගෙන පළතුරු ගබඩාවෙ
f26185f99b	සීමාවක්‌ නෑ.
f2618f85b6	එකම ආණ්ඩුවක වුණත්
f2618ffe39	කොමන්ට් කරගෙනත් දැන් එපා වෙලා.
f2619bdd78	ඔය කුමන්තරණ කරයෝ ට්ක ඉපදෙන්න
f26204a8d7	බවට පත්වෙලා නේද?
f262e24c0e	මට ආරාධනා ලැබෙන්නෙ නෑ.
f26331c1bd	ළඟට ගොස් ඔවුන් බදාගෙන හඬා වැළපුණාය
f263633145	ජය ගැනීමට නම්
f26364e033	මේක නගින්න හිතාගෙන
f263831d98	පත් කිරීමේ ප්‍රධානතම සංධිස්ථානයක් ලෙස
f263f0f877	ඔබ අකමැති වුණාට
f264723842	ආරක්ෂක අංශ සමග පමණක් ඔවුන්ට කටයුතු කිරීමට සිදුවිය.
f264abb1d4	අප වඩාත් බුද්ධමත්විය යුතු කාලය එළැඹ තිබේ
f264db9bae	කිරි ඕනෑ තරම් එයි කියාය
f265812067	එතනින් නවතින්නෙ නැහැ.
f2658dd3e6	ආලෝකයේ වේගය උපරිම වේගය විදිහට දක්වන්නේ භෞතික විද්‍යාඥයෝ.
f265ee8b2d	අන් යුද්ධවල බිහිසුණු බව කොතෙක්දැයි පහදමිනි.
f26608ad61	එනම් කෘතියේ එක්තරා ස්ථානයකදී
f2669cf0c0	එහිදී එම සංගීත කන්ඩායම
f2675efb1d	ගල වේගයෙන් පහළට වැටෙද්දී
f267b0b9d4	ඇත්තටම වෙනස් කලොත්
f268180410	ඇත්තටම ඒ තුළින් සාහිත්‍ය විචාරයට විකල්ප ධාරාවක් එකතු කිරීමට ඇය සමත් වුණා.
f268266d5e	මුවන්ට අභය භූමියක් වූ
f2683109cd	එන්න කීවා
f2685f16e5	හසුරුවන්නට හැකි ගම්බද දරුවෝ සිටිති
f268b6f0b9	ඉතා කනගාටුවට කරුණක්.
f269c1fe0a	වයසෙ ඉන්න මගේ අහිංසකයට
f269d1a2ed	මේකේ පූර්ව ප්‍රචාරක පටය
f26a167277	යොදා ගැනේ.
f26a384088	මට ඉන්න බැහැනෙ.
f26a4c2f07	ඔන්න මම බලලා ඉවර වෙලත්
f26a879f93	ගුණාත්මක ගීතවලට
f26acad0b2	අපට හැම තිස්සේම අවස්ථාව තියෙන්නේ
f26b391891	පොත් වලින් පමණක්ය කියා දෙයක්
f26c03a71e	බස් එකේ යද්දී තමයි
f26c0fa5df	හැඩ ගස්වාලීමෙහි
f26c594b18	බොහෝ දුර යන්න බැරි එම නිසයි
f26c64f9b6	ඔබ කී කතාව හරි
f26c840eb5	අනික සිද්ධිය උනාට පස්සේ
f26d7c0db4	ඒ අයුරින්ම පිටපත් නොකොට
f26d8fdc6f	එතකොට ඒක බලපෑවා
f26e2a881d	තුන්වැනි වර බුදුරජාණන් වහන්සේ ලංකාවට වැඩම කළේ
f26ed87dd8	පරිදි කටයුතු කිරීමට පෙලඹෙයි.
f26ef30f23	ඵලදායක අධ්‍යාපනය යනු
f26f0da891	එනිසා පිරිමි සතුන් නඩත්තුව
f26f267136	එයා කිව්වා අවුරුදු එකහාමාරක්‌ තිස්‌සේ
f26f3e1fea	තියෙන්නේ අවබෝධයක් නැති කමයි.
f270499e6b	සිරකළ රැස්ව සිටි පිරිස
f2707f1770	දෙවනි ලිපිය විදියට ගෙනාවේ
f2708d0bad	බුදුරජාණන් වහන්සේ හා මහා කාශ්‍යප මහ රහතන් වහන්සේ
f272cc55ac	මේ උපක්‍රමයෙන්
f272fe9870	මෙම නියෝගය නිකුත් කර ඇත
f2730095a8	එනම් සිංහල ගායනයේත්, විශේෂයෙන්ම නැටුමේත්
f2731f8e13	අඩු ගානෙ කවි ලියන එකා කවි කියවන්නෙවත් නැද්ද?
f2734c5cfd	මේ සසුනෙහි යමෙක් නොපමාව වාසය කරන්නේ නම්
f2738761a3	එදා මළ මී කුණ
f2739d81b9	එම ජංගම රථයේ සිටි නිලධාරීන්
f273f3e632	පොලීසියට එක ලිපියක් හෝ ලියා තිබේද?
f273fb6723	බුදුරජාණන් වහන්සේ පෙන්වා දෙන්නේ
f2743178a8	හිතුවා ඇත්ත කියලා.
f2743a6bf1	සැළකිල්ලෙන් බැලීමෙන්
f2754c7b7c	එම තත්ත්වයෙන් මිදීමට කටයුතු කළ යුතු ය.
f275b5b77b	විහාර වංශයේ දැක්වේ.
f2764bfefe	අපරාදේ මම ඔබතුමාව
f276fdc060	සතුන්ව ඒව කන්න ආකර්ශනය කරන්න.
f2771a31dc	නූතන ඔරිස්සා ප්‍රාන්තයට අයත්වූ ප්‍රදේශයෙනි.
f27748221b	බුදුරදුන් ලොව පහළ වූ කාලයේ
f2777b5338	මෙම ආයතන අතර විධිමත් සම්බන්ධතාවයක් නොවීම
f277f473c2	ඇසිපිය නොහෙළා කිසිම කම්මැලි කමක් නැතිව බලන්න පුළුවන්
f278355cd9	කියන්නෙ ස්ලීපර් සෙල්ස් කියල.
f278569f51	ඇලීම කොපමණ තිබෙනවද කියා බලන්න.
f278d803d6	shopping online
f278e28644	ගොදුරු ගිල දැමීමේ පිළිවෙතක් මෙම සතුන්ගේ තිබෙනවා.
f2796ed559	එහෙත් අප සමාජයට
f279a0dcb4	උන් කොහේද
f279fb34f0	එම නිසාම බටහිර විද්‍යාව
f27a184d07	සැබෑ මිතුරා සතුටු වන්නේ
f27a190e9a	අතරමැදියන් මාර්ගයෙන් ඒවා මිලදී ගැනීමේදී
f27a76764e	බෞද්ධ කථා පුවත් වලින් හමුවේ.
f27af42817	අනෙක් ජායාරූපයේ සිටගෙන සිටින නිලධාරිනිය
f27b10ca85	බුදුරජාණන් වහන්සේ සහ රහතන් වහන්සේ
f27c59fd85	එයා චන්ද්‍රයාට සංක්‍රමණය වෙච්ච
f27c9c676e	ඔබ නොදු‍ටු ලොවක්
f27ca6869a	උඹ වගේ හිතපු උන් හිටිය නිසා
f27cf5bae3	අමාත්‍යවරයා අවංකව කල්පනා කරන දේ
f27d1bacbe	හැමදාම වයින් බොන්නත්
f27d24ce78	ආයතන රැසක් සමඟ
f27d4a5971	එල එල සාසට නඩු
f27dc74c73	කරන අවසන් මෙහෙයුම් වන බවය.
f27fcce891	බෝධිය යන්නෙන් අදහස් වන්නේ
f2804f435e	රට ජාතිය ආගම නගා සිටුවීම හැර
f2807b4bb6	බැංකුවේ මහත්තයකුගේ කාර්යාලයක වැඩක්‌ තියෙනවා
f280ab415f	රාජ්‍ය නායකයා තීරණය කළේය.
f2821db93d	ඔහු දකිනවා
f2823c6431	sony erricson themes
f282d10376	පැහැදිලි සාධක දක්නට ලැබිණ
f283606303	එනම් ඉඩම් ‍පොලිස් මුදල්
f2839003a9	එය වසර ලක්ෂ ගණනක්
f2842b5159	ඊට පස්සේ මම සල්ලි දෙන්න හැදුව
f284403b8d	එහෙත් ඉන් මාස කිහිපයකට පසුව
f28499a7df	සොඳුරු සල් වනයක් සහිත රමණීය බිමක් විය.
f284d88872	ඔබ තුමාගේ එම කර්තව්‍ය
f2855ce0b9	සිය චෝදනා ප්‍රබල උද්ඝෝෂණාත්මක තලයක
f2855eb538	මෙන්න බලන්න මං නැට්ට දෙපරැන්දේ ගහගෙනයි ඉන්නේ!
f285635329	අනෙක් කාලය ක්‍ෂේත්‍රයේ යැයි
f2856bf242	එවැනි පසුතල නිර්මාණය කිරීමේ
f285aecfe2	පියවරෙන් පියවර එළඹෙන කාර්යයන්ට
f285bc5bdf	සංශෝධනය නීති ගත කළ
f285d2da0d	එය කියවන පාඨකයායි
f286116b5e	අඩංගු කළ ලෙසම පවතිනවා.
f286862886	ආයෙ සුපිරිම වැඩක් .
f286a7e943	එකනේ බන්
f286bff553	එනම් ජීව විද්‍යාත්මක ව ගත් කළ
f286db189f	ලෝකයේ සංවර්ධනය වන රටවල ජනගහනයෙන් හයෙන් එකකට
f28734f6c2	සොයා බලා ඉදිරිපත් කළාට ස්තුතියි
f287d6b8d6	ඊයේ අවුරුදු උදාවත් සමඟ
f287e1d670	බෙහෙවින්ම ඉහළය.
f2881eed35	මා කතන්දර ලියන්නේ
f2885de0f9	චොකලට් කැබැල්ලක් ඇතුළු කරනු ලැබීය.
f288844b9e	ඉන් අධ්‍යාත්මික ශක්තිය වර්ධනය කර
f288d757e5	එනම් කතරගම දෙවියන්ට
f288e6f1db	තවම හඳුනාගෙන නැහැ.
f2893fce10	හැබැයි වෙලාව හොයාගන්න එකත්
f289d620c5	මොන මොන තත්ව වලදී
f289e453d2	එය පවත්වා ගැනීමට ද විශාල පරිශ්‍රමයක්
f289f4665c	තමන්ගේ සිතිවිලි අතර
f28a2f3c23	කොර වන්නේ මන්ද?
f28a556a4e	මට ඊරිසියා කරන්න
f28adcd770	තව පොඩ්ඩෙන් වහලෙත් නෑ
f28b25c43c	වුනත් මවන්න පුළුවන්
f28bcf1094	බුද්ධානුස්සති භාවනාවකි.
f28bd3b280	ගරිල්ලා සංවිධානය ආරම්භ කිරීම.
f28cc25a64	එයාලට ආතල් දෙන එක තමයි කරන්නෙ
f28cf4e1df	එයට ඔබව සොයාගන්න
f28d18593f	මෙන්න එයත් ඇනෝ ඇවිත්
f28d3a95db	කවියා පවසන්නේ මෙසේ ය.
f28d44defd	ඔබට පුළුවන් විහිළුවක් කරන්න
f28d54ebba	ලෝක සංග්‍රාමය පැවති සමයේ
f28d6b6266	බන් තාම අහල බැලුවෙ නැහැ
f28d7fbfa0	එම විවාහක යුවළ
f28d8cacf6	ලබා දෙන්න පුළුවන්ද?
f28db2acce	අනික චූටි දුවත් එයාගේ අම්මා වගේ
f28db49ded	කවදාවත් බොරු වෙලා නෑ
f28e36edb8	ඒකේ කාන්ති කියන චරිතය තමා
f28e516524	ඒ තවත් කලුකුමෙක් විසින්
f28e9e9634	සිය කවි සමඟ
f28eabaf6e	කරන්න සුබ පතනවා
f2901932d6	බල්ලෙක්වත් ගණන් ගන්නෙ නෑ.
f29155df92	ගිහින් ආදරයෙන් වන්දනා කරලා
f291ff807f	මෝටර් රථයක සංචාරය කළාය.
f292029db6	එහෙම තියෙද්දිත් හොරු පැන්නොත්
f292342252	දින මාස අවුරුදු වෙන අතරම පොලී වශයෙන්
f29245bc4a	ජේතවනාරාමය ගොඩනඟන විට
f2927af58c	තමයි අල්මාරියට අහුවීම.
f29285b5ad	කිසිම බැතිමතෙකුට එයින් හානියක් වුණේ නැහැ.
f2928dee38	හැබැයි මං නං තාම ඕක නවත්තලා
f292d14ffb	සාමාන්‍යයෙන් මම ඇනිමේටඩ් ෆිල්ම්ස් බලන්නේ නැහැ.
f293025f56	පිරුවට ඇතිර වූ විවෘත බඳුනක අස්න ලිවීමට
f29332cc2d	මේක බලධාරීන් නිසි අවධානය යොමු කරනවනම් තමයි හොඳ
f2936acfaf	අතිශයින් වැදගත් වන නිසා.
f2940aa827	මේක මට්ටමට ගිහින් එකෙක් වෙලා තියනවා.
f294d2b846	ගණනුත් බොහෝම සාධාරණයි.
f294d4c52a	එයා කිව්වේ එයාට
f2950b5083	ස්ටීවන් ඔහුගේ බලය පාවිච්චි කරනවා
f29517a948	ඉන්ජිනේරුවන්ට වඩා ප්‍රායෝගිකව දක්ෂයි.
f29544b9b2	මෙවැනි ලිපි ලිවිම ගැන.
f295f92a28	අනතුරුවවර්ෂයේදී ද රුසියානුවන් විසින්
f295fa1158	අප නොදන්න ‍වැඩිදුර යමක්
f2961ff655	එසේ අර්ථ දැක්වන්නාගේ ම දුර්වලතාවකි
f29632280b	යහගුණ දහමින් පිරි
f2964b2e08	president car
f2968470bd	අසීමාන්තික. දීර්ඝ කාලීන බලය
f296e86d1c	ලොවට සම්‍යක් දර්ශනය
f296fad136	මේ දෙදෙනා සමාන දෙපොළක් මිස
f2972dcd5c	computer
f297941813	bath room
f297c5f1b8	ඒ පිළිබඳ දිවුරුම් දීම ඉපැරැණි චාරිත්‍රයකි.
f297d2eb2e	ඊට අමතරව මම සංගීත පංති පවත්වාගෙන යනවා.
f2982150ed	තියෙන්නේ තුන්දෙනෙක්ගෙන්.
f29835d5a8	සිදුවීම වැළැක්විය නො හැකිය.
f2990025a3	පෙන්වා දී තියෙනවා.
f299268fe8	නමුත් මේ සඳහා
f2994c7b3b	බෝධි පූජාවෙන් ශාන්තිය උදා නොවන බව
f2999bd87f	මෙම අභයගිරි විහාරය ගොඩ නංවන ලද්දේ
f29a57366e	හාමුරුවන් ගල්පොත්ත නැඟ එනවා
f29a587f24	අහල පහල මිනිස්සුන්ට වෙන වැඬක් නැතිවෙයි
f29a717c89	ඇත්ත ඇති සැටියෙන් අවබෝධකර දීමට
f29a8c3afd	ලෝකයේම සිටින ප්‍රජාවගේ
f29ab2a547	අපේ ඉන්ද්‍රිය පද්ධතියට පංචෙන්ද්‍රියවලට
f29b515344	ඔවුන්ගේ ආරය හා හැසිරීම අනුවයි.
f29b5816b3	merlin
f29b844f19	උපරිම සිරා ඒව වගේම මූනෙ හිනා රැල්ලක් නැතුව කොමඩි කරන්නත් පුළුවන්
f29cda2331	copy chat
f29d2bf592	අවර ගිරෙන් බැස යන්නට සූදානම්ය.
f29e66eaf5	වෙනසක් පේන්නේ නැහැ.
f29e6da222	අධිරාජ්‍යවාදය කියන දේ කළ යුතුය
f29f285340	බෙන් සහ චෝන් කැමති නෑ.
f29f572963	සිල්වත් බැවින් මරණින් මතු සුගතියට යති.
f29fd60b9a	අපි මේ පැටියාගේ අම්මට
f2a0f8bdc9	පොඩි හාමුදුරුවන්ගේ කටහඬ මිහිරිය,
f2a1698f3c	තැලිසීමියා ඒඩ්ස් ආදී රෝගවලටද
f2a185827f	එවැනි අයට තමා
f2a253ebce	ශිෂ්‍යයන්ගේ ශරීරවල තිබී
f2a27a6401	නිකිණි වැස්ස ද ඉඩෝරයට හසුව
f2a2f05915	පැංචට බිත්තියේ චිත්‍ර එක්ක කතා කරන්න අමතක වෙලා
f2a3259297	එලෙස හටගත් දියුණු ශිෂ්ටාචාර යටපත්
f2a342a651	රජතුමාට රටේ සම්පත් පහර ගන්න
f2a362c98e	විනය ගරුකයි චාම් නිහතමානියි
f2a37f3d80	අම්මා නංගි කියලා තුන්දෙනාටම ගන්නවා
f2a49f4d1f	බලාපොරොත්තුවෙන් සිටින බව වාර්තා වේ.
f2a53d673f	මගේ ගානේ කට්ටියටම පොඩි තෑග්ගක්
f2a5405f4d	අවසාන වශයෙන් කිවයුත්තේ
f2a557f3a6	ගෙදර බිත්තියේ ගහලා
f2a55d8a05	එහෙම එකක්‌ නොවෙයි.
f2a575b9f0	මෙම චිත්‍රපටය පුරා දිවයන්නේ.
f2a5850ef5	අර කලින් කොටසේ හිටපු තාත්තයි පුතයි ව
f2a5abc8bc	එක දවසක් මෑන් ඒ ගෙදර ඉන්න වෙලාවෙ
f2a5d429d1	මාතලේ දිස්ත්‍රිකයේ තියන රත්තොට කියල පුංචි නගරයක.
f2a69943e0	එම ග්‍රන්ථ ප්‍රදර්ශනයේ වියදම
f2a8002294	windows xp pro sp3 torrent
f2a8157911	ස්වාමිපුරුෂයෙකුගේ යහපත් ගුණයක් වශයෙන්
f2a81a8050	පොඩ්ඩක් වැඩ කරන එක නැවත්තුවම තමයි.
f2a92987c7	බුදු සමයට අනුව
f2a92d52f6	හෙට උදේ නැගිටලා බලන්නම්
f2a93653a2	අප කාගේත් උරමය එය යි.
f2a9677662	එයා කියන පොත්
f2a9f92606	මේවා දන්නේ නෑ
f2aa163ab5	ලබන අගමැතිකමෙන්
f2aa6a4261	සිරි ගෞතම බෝධි මණ්ඩපය ඉදිකරන ලද්දේ
f2aab701a0	අද බෙහෙත් කියල සලකන දේ
f2aad6109f	යශෝධරා භික්ෂුණිය ගැන
f2ab4ff0b8	ඊට පස්සෙ කොමඩු කෑල්ල කනකොට
f2ac96aa7f	රහත් වෙලා ඉන්නෙ
f2ac98ff60	ප්‍රභාකරන්ට කරගන්න දෙයක් නෑ
f2adb9ae18	බුදුරජාණන් වහන්සේ සිය චරිතාංග තුළින්
f2aeb17989	sinhala story story on wap
f2af458846	හිට්ලර්ගෙත් තිබ්බෙ ඒකමනෙ
f2af5a1f9e	තවත් අර වැනි දක්ෂයි‍න්ගේ
f2af83e79a	අනන්ත අපරිමාණ සටහන් වෙලා තියෙන්නෙ.
f2afa569b4	කෝට්ටේ අවසාන සමයෙහි ඇතිවු
f2afab93dd	තෙල් වලට වඩා වැඩි ප්‍රතිශතයක්
f2affc7115	රටෙහි ශාසනයෙහි තීරණාත්මක සෑම අවස්ථාවකදී
f2b2181eaf	ශිල්පියා යොදා ඇත්තේ
f2b27db7ee	ඇයගේ් කුසල කර්මය බලවත් බැවින්
f2b299edf3	මැරිලා අපායේ යයි කියලා මමත්වය ඉදිරියට එනවා.
f2b2f8df80	nokia
f2b483ef39	ඒකාත්මික වන නිසා ය.
f2b486d6a8	ඒ දැනුම වර්ධනය වීමක් නෙවෙයි
f2b4dc1235	මෙම ලිපිය මාතෘකා තුනක් යටතේ
f2b50174af	මහණ බමුණන් ආදී
f2b656ca37	ගමන් කළොත් පමණයි.
f2b6b4dad1	ඒවංමේසුතං!
f2b756cd12	ආර්ය දර්ශනයෙන් සමන්විත වූ ශ්‍රාවකයා කියල.
f2b764b38f	දෙවන උද්භිත උද්‍යානය ලෙස හග්ගල සැළකේ
f2b785b206	මන්ත්‍රීවරයා පෙන්වා දුන්න
f2b78bdfbb	උන්වහන්සේගේ උපදෙස් ලබා
f2b7ebd66a	හැබැයි කතන්දර කියනවා වගේ
f2b8ceacab	speaker enclosure
f2b8e54a73	එළ එළ!
f2b927deff	එය හරියට ස්ප්‍රින් එකක්
f2b936c1f7	කාලේ ඉවරයි.
f2b98d5eb2	රාවණා හා නොබැදුණු ජනශ්‍රැති, පුරාවෘත්ත
f2ba57fd83	මත්ද්‍රව්‍ය භාවිතය
f2ba8cf083	දුම් මැස්ස අත ගාමින් බණ කියනවා කියාය.
f2bbbe6c77	කුඩා කළු පෑ පොදියක්
f2bbe1605f	දර්ශනීය සැතපෙන බුද්ධ ප්‍රතිමාවක්
f2bc2340d6	ඒකාධිපති රෙජිමය කියන ගස
f2bca37f1f	පළාත් සභා මන්දිරය ඉදිරිපිට රැස්වීමක් පැවැත්වුණු බවද
f2bcf36263	ඔබ සිතුවා මළගිය කෙනා
f2bcfa6420	ආනයනය අපනයනයට සම්බන්ධනම් නොසිතූ ප්‍රගතියක්‌ ඇති වේ.
f2bd6d1636	අන් අයට ප්‍රදර්ශනය සඳහා
f2bdac3018	ප්‍රමුදිත, ශාන්ත, කාරුණික මුහුණකින් යුතුව ය.
f2be28a1e2	ලියපුවා යැයි කියන්නට අපහසු ය
f2be53a314	අනේ අම්මපා නොබදින්නයි හිටියේ
f2bea95ba8	උදාහරණයක් හැටියට යම් බ්ලොග් එකකට
f2bee1799e	එතකොට මහින්ද හිමි රත්න ශ්‍රී වැනි අයගේ කවි වලින්
f2bf7a055e	අක්කත් එක්ක හැමදාම සතුටින් ඉන්න
f2bf891989	නරඹන්නන්ගේ සිත් ඇදගත්තේ
f2bf9af155	උන්ව රට වටේ අරන් යනවා.
f2bfae2a5c	උතුරු පළාත් සභාපති පැවසුයේ
f2c003db70	ඒ සූත්‍රය අවසානයේ තිබෙන බව.
f2c073bc41	අංක ගණිතය උගැන්වීමට යන ඇනෝනිමස්ට වීජ ගණිතය වැරදී ඇත
f2c08c243c	එක තැනක ඔහු කරන මිනීමැරුමක්
f2c0f2554a	ආර්ථික වශයෙන් යහපත් වුවද මුදල් ඉතිරි කරගැනීමට අ‍පොහොසත් වේ.
f2c29ca4e5	ඒත් ඒක අර දෙකටම වඩා
f2c2de34f4	ඒ ඇත්තන්ට නැවතත් මා ප්‍රශංසා කරනවා
f2c2f003be	මට අභූත චෝදනා කරනවා
f2c3a5aa35	උන්ට දුර මැනීම
f2c3bbb615	මේක ඉක්මනටම ඔයාලට දෙන්නෙ.
f2c3d282b7	එදා දිනුවනම්
f2c459b0e9	කරුණු පාදක කොට ජාතීන්ගේ සංගමය බිහිවිය
f2c4f9fd18	එහෙම කරන්න ඉන්නේ.
f2c56aa198	එම ගාථාව තුළින්
f2c5c6bd1e	වැරදි දේ විදියටත්
f2c6640efc	අඩු තරමින් නිරූපණයට එක් වුණේවත් නැහැ
f2c6bc80ca	කල්‍යාණ මිත්‍රයෙකුගේ වේශයෙන් පෙනී සිටියා.
f2c76277ef	එහෙම දෙයක් හින්දු ආගමේ
f2c789bd56	ඔබ පාවිච්චි කරන දත්ත ප්‍රමාණය
f2c7d0e769	අයිසැක් ඇසිමොව් ගේ
f2c806640c	එයට හේතුව වෘත්තීය පුවත්පත්
f2c84d340b	mobitel
f2c88f030a	රුවිනි අනේ සමාවෙන්න
f2c911fef5	මාතලන් මේ දක්වා කරගෙන ආපු වැඩපිළිවෙල අනුව
f2c9a51c7e	මොනාලිසා අවසන් භෝජන සංග්‍රහය
f2ca4fc13b	ඓතිහාසික මූලික නිර්මාණ වේ.
f2ca69f013	අපරාධ විමර්ශන අංශයේ ස්ථානාධිපති ‍පො.ප. කේ
f2cae28d87	මේවා ජනතා විමුක්ති පෙරමුණෙන් කරන ලද බවටත්
f2caf6c3a8	එයාල දන්නෙවත් නෑ
f2cb1987ae	අද දිනයේ නැවත මෙම සටහන කියවද්දී
f2cb33f042	නිර්මාණය කර ඇත.
f2cba9aeb5	cancer
f2cbaeb507	තේරුම්ගත්විට
f2cc05a00c	පොකට් ගහන වැඩේ නම් නියමෙට කරගෙන යනව.
f2cc3bd083	හුදෙක් තවත් නිල වාර්තා සටහනක් ලෙස
f2ccca87a6	අනිත් අඹ වලට වඩා
f2ccdd89c3	අපේ සාසන ලැදියෝ ටික
f2cd7916af	සාධක තිබේ.
f2cdb9decb	ඊට පස්සේ නිදහස කියල හිතුවෙ සිවුරු හැරයාමයි
f2cddc7e2c	තවම නම්
f2cdeb908d	කැඩපතක් බඳු විය.
f2ce9988cd	ඒකේ තියෙන්නෙ
f2cec0a619	ඒක නිසා ලාංකික අපේ
f2cf00cae5	අපිත් එක්ක එකතු වෙලා.
f2cf195b41	පුද්ගලයාගේ ලිංගික අයිතියට හානි කිරීම,
f2cf19ab68	ගෙදර ආවට පස්සේ
f2d02afe13	වියට්කොං ගරිල්ලන් යොදාගත්තු
f2d0372428	විවෘත ආර්ථිකයේ බලපෑම මට දැනෙන්න ගත්තෙ
f2d03a9f0f	අධ්‍යාපන ඇමැති බන්දුල ගුණවර්ධන මහතා විසින්
f2d0540e98	ඊට අමතරව අනෙකුත් ප්‍රදේශවල
f2d0d5cf2e	රටේ තියන සම්පත් නිසි පරිදි කළමණාකරණය කරන්න
f2d11a6c6a	අපේ අයියා ඕක පාරේ ගහලා
f2d1380036	1955 දී සීගිරිය මහානාග පබ්බත විහාරයට අයත්
f2d1f9de64	තරග විභාග ආදියෙන් වාර්තාගත ප්‍රතිඵල අත්කර ගැනීමට
f2d280b73a	බුදුරජාණන් වහන්සේගේ බුද්ධ දේශනා
f2d29ccede	මෙච්චර කෑම බීම තිබෙන
f2d2cfafd2	බලපු නැති කට්ටිය අනිවා බලන්න.
f2d36e0923	ඇතිවෙලා තියෙන අසාධාරණ තත්ත්වය දැන් බලාගෙන ඉන්න බැරි තරමට ඇවිල්ලා.
f2d39dfc5a	ඒක අරං
f2d3c2a793	අද ඔවුන් ඔබේ මිතුරන් සේ වෙස්වලාගෙන සිට
f2d3ed840f	හැබැයි මේකට නම් හිනා කියන්නේ
f2d433a824	හැමවිටම ජයගන්නේ
f2d486491a	එජාප අපේක්ෂකයන් අතර
f2d4be30b7	තහවුරුවී ඇත
f2d4d507a6	අලුත්ගම හරියෙදි
f2d54e74d5	ඒක මේක කෙසේ වෙතත්.
f2d62f6a0d	පෙර දිග සංකල්පය මුල් කරගත්
f2d6d26efb	පැරදීම් ලිස්ට් එක දැක්කම නම්
f2d6d535c0	තවත් අලි – ඇතුන් හය දෙනකු
f2d71bcc94	ඔයාල දෙගොල්ලොම
f2d7438a31	රජතුමා මුදළි කියල කිව්වම නේද?
f2d76c3701	අපි කරන්න ඕනේ
f2d7e485e3	පරිගණකගත කිරීම
f2d899476e	පින අර්ථවත් වන්නේ.
f2d89d4c56	අද පවුල්ක් පමණ ඉන්නෙ අඩු පහසුකම් ජනාවාස වල
f2d9a8af03	සාමාන්‍යයෙන් ෆේස්බුක් හා සම්බන්ධ වීමේදී
f2d9cced9a	ගුණදහම් දෙක මොනවාද?
f2da45c234	වැල්ලම්පිටියෙන් අංගොඩ රාජසිංහවිද්‍යාලය ළඟට ආවා
f2da5bf41a	දැන් අනුඟත කර ඇත.
f2dadc1643	එක්තරා කුලියට මිනි මරණ පුද්ගලයෝ දෙන්නෙක් ඉන්නවා
f2dae6489d	එයාගේ ෆෝන් එක අතට අරගෙන
f2db02d4d9	නර්ස් ල වැඩක් කරනවා මිනිස්සුන්ට.
f2db640e44	ලොකු අවබෝධයක් ඇතිවුනා.
f2db7076d1	අපි කොහෙද ගියේ කියල දැනගන්න
f2db8271a4	බිඳ වැටී ඇති ආර්ථික තත්ත්වයන්
f2dd4753d5	මට දෙන්නට හැකියාවක් නැත
f2dd51bde8	ටිකක් දුකයි.
f2dda48279	රැසක් අපට හමුවෙනවා.
f2de335fed	රට්ඨපාල තෙරුණුවෝ තවදුරටත්
f2de788a75	සංකේතාත්මකව මේ නවකතාව තුළට ඔහු ගෙන එනවා
f2de80d5d5	බුදුදහම ඉන්දියාව තුළ
f2de8197f6	සම්බුදු සිරිතේ සිදුවීම් එකොළහක හේතුව
f2dfb953ed	අම්ම රෑට අපිට කවනවා
f2dfe16789	කරන ක්‍රමවේදයන් පිළිබඳව අවබෝධයකින් කටයුතු කරන්න.
f2e0188f2c	එවැනි යහපත් දරුවන්ට
f2e05a47a8	නමුත් ඉදිරියට
f2e0a7fdf2	එම නිසා සංඝරත්නය නිවන් මාර්ගයටම
f2e0e9cd67	නව සෙව් පරපුරක් ද
f2e2ac3562	බෞද්ධ දර්ශනය ගැන දන්න සැදැහැවත් බෞද්ධයින්
f2e316ad86	අනික මෙහෙම ජාතියෙ එකක්නම්
f2e31adc4f	තවදුරටත් ඔබමොබ සක්මන් කොට
f2e326ebba	මහනුවර රජ සමය හා
f2e3b584ae	දැන ගන්න නොලැබෙන එක.
f2e43b0382	හතර පස් දෙනෙක් පාවිච්චි කරලා එක අපුරුවට කළා
f2e4a9ab21	බඩට ලොකු පටියක් බැඳගෙන හිටියා.
f2e57bac3f	රසයි සහ හොඳ කළුපාටයි.
f2e585b736	අවස්ථාව තියෙනවා.
f2e59b0343	භාග්‍යවතුන් වහන්සේ පිදුමට
f2e5ac1c27	දිවා කාලයේ සුදු පැහැයෙන් බැබලීම
f2e5d05210	welcome to facebook
f2e60749dd	තම අවශ්‍යතාව ඉටු කර ගන්න පුලුවනිනේ
f2e6bb2c40	විදිහකට ශේප් ශිෆ්ටින්ග් තමයි.
f2e739f4d5	සති අන්තය ගතකරන බව.
f2e745729c	තම තමන්ගේ ආගම් වලට ගරු කරමින්
f2e7a63d88	සුරංගා රූපයෙන් වෙනස් නොවී ඉන්නේ කොහොමද?
f2e7bc9693	මුහුදු වෙරළ කළුවර හැමදේම වෙනස් වෙලා
f2e7c8943a	මන් අහන්නේ ?
f2e7cc9dda	වැදගත්ම අංගයක් වූ සීනුව සොයාගත හැකිවීම
f2e8c3af40	එයා ළඟට ගිහිල්ලා කිව්වා මං දෑවැද්දට
f2e9e3d63f	ඔබට පෙනෙන්නෙහිද?
f2e9ee1cb4	තෑන්ක්ස් මචෝ
f2ea328946	සිතුවම් කොට ඇත.
f2ea70ca9a	කොමෙන්ට් කරපියව්.
f2ebad517c	ඔබේ ආගම ක්‍රියාවෙන් ජීවිතය පැවැත්ම නැවතූ ප්‍රථම ආගමයි
f2ec033fb7	පිරිසක් හැදුණා.
f2ec50c23f	මේ භාවනාව පුහුණු කිරීමට
f2ec511f2e	ස්ථිරසාර ගෘහ නිර්මාණ සම්ප්‍රදායක්
f2ec78f8b4	බැලුම් වලටම මාර ගානක් යනවා ඇති මයේ හිතේ
f2ec7d6fe1	වෙනත් ජාතියක් නැගී සිටින විට
f2ed6907a4	එහෙම කරන්න පුලුවන්ද කියන එකත් ප්‍රශ්නයක්.
f2ed9132ed	සිංහල භාෂාවට වයිර කරනවා.
f2eda013ec	කතා කරන්නේ නැත්තේ ඇයි?
f2ede31e27	දුක් වීම පාදක කොට
f2ee1dc16f	මෙහි විශේෂත්වය නම්
f2ee7e4830	ඔන්න අද හතරවෙනි කතාමාලාවේ
f2ee8132a6	බෞද්ධ දර්ශනය පතුරවන්න.
f2eea458a9	ලස්සන කෙනෙක් වීම
f2eee958bb	එම නිසාම දරුවන් වැඩිවියට පත්ව
f2ef5d916a	මට පුළුවන් කමක් ලැබෙන්නේ නෑ.
f2f0230e97	වඳුරු පැටියෙක් වෙලා ඉපදුණා.
f2f0ca67b0	අලුත් කිවුවට
f2f11f9665	බානවා තරිඳු සහෝට
f2f15b7840	ඔහු දන්නා හෙයිනි.
f2f19004b1	මේ ආදී ලෙස
f2f194ec1c	ආධානග්‍රාහීත්වය අවුළුවමින් හිඳිති
f2f1a2a320	අඩේ මේ පද ලිව්ව එකා කව්ද බං
f2f1a49712	උදාහරණය තමයි නියමෙට ගැලපෙන්නේ.
f2f1f11ad6	එක් ක්‍රමයක් යොදා ගනී.
f2f2576142	පස්සෙ කාලෙක රජරටින් සිංහලකම නැති වුනේ.
f2f273240f	එම ගුරුලාගේ රුව
f2f2cb02cc	මහඟු ඉඩහසරක් වැන්න.
f2f2f9cd79	මේවට ගහන්න ඈත අහසෙ තාරකා වලට පුලුවන් වෙයි
f2f30c2fbd	අපට ඕනෙ තරම් ශෝකාන්ත
f2f30cf85d	පැවිද්දන්ට, සිල්වත් උතුමන්ට දන් නොදී දෝෂාරෝපණය කිරීම නිසා තැවීමට සිදුවීම 10.
f2f3e18c87	ස්ථානය මොරටුවේ කුරුස හංදියේ
f2f4118dce	මෙම අංගය අපට පමණක් නොව
f2f4146e74	එතන ඉන්න හොල්මනක්
f2f465ab1e	හිතාගෙන ඇති
f2f4f9bf8e	මා හිතුවා
f2f5013c41	මේ නීතිය ගෙනාපු එක හොඳයි
f2f5ef17a2	ඉස්සර අපේ රටේ පිරිමි
f2f6145263	අප මක් කරන්නද.
f2f6b13d0e	ඔහුට බඩු යවන්න බැරි අයට බඩු යවන්න
f2f6d8eb25	මේවා අපගේ සමාධියේ හා ප්‍රඥාවේ දියුණුවට බලපානවා.
f2f7376c06	ඔබ කියන ආකාරයට
f2f7c038ee	කීම නිවැරදියි
f2f7d56447	තාමත් බස්නායක නිලමෙ කං ගන්න
f2f8002bcc	සාහිත්‍ය කෘතිය
f2f8307862	මහ පොළොවේ කිමිදී
f2f84d03c7	kaputa chat
f2f8d6d336	නමුත් ඒවා කතා කර
f2f96c859f	අපි විතරක් නොව
f2fa23ec7b	හින්දු දර්ශනයට අනුව මුක්තිය මෝක්ෂය ලැබීමට
f2fa95e0c0	අයවැය වර්ජනය කල අතර
f2fb23b880	මධ්‍යතන යුගයේම සිටීමට
f2fb380b78	විශ්ව විද්‍යාල තව අවුරුදු පහක් වුවද වසා තබන බව
f2fb4bb1eb	මුළු ලොවේම අවධානයට යොමුව ඇත්තේ
f2fb70e126	කුසලයේ සිත පිහිටුවා ගැනීමටයි
f2fc0bc478	කැත විදියට සල්ලි හොයන්න
f2fc0d0c08	වඩා වාණිජමය පරමාර්ථ උදෙසා
f2fc2ed38d	ආර්ථික අපහසුතාවන් ද ගබ්සාව කෙරෙහි යොමු වීමට බලපාන හේතුවක් ලෙස පෙන්වා දිය හැකිය.
f2fc980ec5	සාමාන්‍යයෙන් නිවෙසේ ප්‍රධානියා වන පියා
f2fcf6c073	තරාතිරම නොසැලකෙන
f2fd3215c3	සඳහන් කොට තිබිණි
f2fd9f286f	තායිලන්තයේ බැංකොක් අගනුවරදී
f2ff1b3178	මේ රෝග අවම කරන්න.
f2ff9b5f0f	බොහෝ දරුවන්ට අමතක වී තිබේ.
f2ffc61d30	ඔවුනගේ ක්‍රියාකාරකම්
