fa0030f95f	තේරුම් ගැනීම මෙහිදී අදහස් කරනවා.
fa006ba99e	තියන්න කියලා අන්තිමට රැස්වීම තිබ්බා
fa0096013e	වැදගත් නැහැ කියලයි
fa00ab8c52	අනෙක් ප්‍රධාන කොන්දේසි වන
fa00e0791d	මේවා තමයි ජාතියට වින කටින
fa015275b1	ඕනෑ තරම් විනය පිටකය තුළ දැකිය හැකි ය.
fa016e7763	මනා ලෙස අධ්‍යක්ෂවරයා වටහාගෙන තිබුණි
fa0172a3f6	ආර්ථිකය මෙහෙයවීම ගන්න
fa0184f9e7	ඔබට කල්පනා කරන්න
fa01bd1568	දැනෙන්නට පටන් ගනී
fa02271609	ඉතින් ත්‍රාස්‍ය භිතිය කුතුහලය පිරුණු එකයි මේ
fa02622d80	හැම තැනකදීම පන්සිල් සමාදන් වන
fa02831b86	සෑහෙන්න මහන්සි වෙලා තියෙන පාටයි.
fa0320180a	සියලු භෞතික සැප සම්පත් සපිරි සුපිරි මහා මන්දිරයකි.
fa037357a0	පෞද්ගලික විශ්වවිද්‍යාල ගැන තීරණ ගන්නේ.
fa03c5e055	පරම්පරාවේ ඇති හැකියාව
fa0404022d	නිරයට යන වැඩපිළිවෙළ සකස් කිරීමයි.
fa048841f2	combank
fa054b4a5c	වන්දනා මානයට සුදුසු වන්නේය.
fa05769422	වගකීමක් නැති මිනිසුන්‍ අතින්
fa05798614	අර්ධ ශුෂ්ක වනගහනයක් මැදින්
fa05c23866	ඇහැයි රූපයයි විඤ්ඤාණයයි එකතුවීමයි.
fa05ddcf61	හුදෙක්ම සම්බුද්ධ සාසනයේ චිරස්ථිතිය පිණිසයි.
fa0633fa76	තමන් මතු නොවී චරිතය මතු කරන එක
fa06504c57	උපසම්පදාව සිදු කරනු ලබන්නේ
fa06940bd1	එසේ නම් අප කෙසේ ද
fa06e09b0d	එල් එකක් නැති හන්ද
fa0711ae33	භයානක ඵල ඇතිවිය හැකි වැඩක් බව
fa07279d5b	අගනා ශාස්ත්‍රීය ලිපි සතරකින් සමන්විතය.
fa07cb6646	ඔබගේ මිතුරන් අතරේ ලිපිය
fa0835bf23	sony logo video
fa08bc215c	තරගයේ අවසන් පන්දුව දක්වා
fa0907260b	වී දිව පිනවීමට ආහාර ගතහොත්
fa0956ed82	ඉතින් මේ යන ගමන ඉක්මණින් ම
fa095c52c1	නව හැරවුම් ලක්ෂ්‍යයක් විය.
fa09691a49	ඒකය ඔහුගෙ නිර්මාණවලට
fa09743d20	අවසානයේ ටේලර් කෙසේ හෝ
fa09bcc0cf	ඊයේ පාර්ලිමේන්තුවේදීකලිසමේ චූ යන්න ඇති
fa0a136fc7	ළඟට ගියොත් බැරි වෙයිද
fa0a8b99f7	එතකොට ඕනැ කෙනා ගන්නවා
fa0ab15211	එහි සඳහන් ව ඇත
fa0ae47f99	එහෙමත් නැත්තම්
fa0bc05e0f	අප රටෙහි පිරිසක්
fa0c0430a6	එහි තිබෙන විසකුරු දත් කිහිපය
fa0c6fa2c6	ලංකාවේ සැඟවුණු අතීතය ගැන ගවේෂණයක් කරමු.
fa0cc458e4	මීට අමතරව මේ භූමියට සංක්‍රමණික කුරුල්ලන් සමනළයින් වැනි සතුන් ආකර්ශනය කර ගැනීමටත් බලාපොරොත්තු වෙනවා.
fa0d54305f	ඕනෑම දෙයක් සඳහා සුදුසු තැනක්
fa0d56f902	මේවා මෙහෙම වෙන්නේ.
fa0e02550e	තෘප්තිමත් දිවි ගමනකට
fa0e591eea	පිවිසීම සඳහා අයකෙරෙන ගාස්තු පිළිබඳව
fa0ef714eb	එදා අසාර්ථක රාජ්‍යයක් කියලා කොංකරලා තිබුණු රට
fa0f1dbc54	අතිශයින්ම ප්‍රකාශිතය
fa10549258	මහණෙනි යි භික්ෂූන්ට
fa106478b3	වැඩම කිරීම සිදුවුණා.
fa10a8ed89	මළ කඳන් තුනක්
fa10cf65f2	young aishwarya rai
fa111e8448	උන්වහන්සේ වන අලි මැද
fa13426e90	ශ්‍රද්ධා භක්තිය වර්ධනය වේ.
fa135471f4	ඉඩකඩම් රැසක් ද රජතුමා විසින්
fa13a736da	වෙනත් දේවල් ලියන්න බෑ.
fa13cbec7b	hand bags
fa147a7b5e	බොහොම භයානක දෙයක් බවයි.
fa1481c963	ඒක නිසානේ
fa14984ca0	අමු සොහොනේ දැමූ මළ මිනියට
fa14b84bc6	ඔබ මොකද මෙතුමාගේ
fa15260a19	මෙහිදී අපට වැදගත් වන්නේ
fa1679d25e	අපිට සියලුම පාට පේනව
fa1699f1d6	පෙන්වා දෙන දාර්ශනිකත්වය
fa16c9e05d	උන්ගේ රතු කට්ටත් පනීවිනේ.
fa176fce3c	මොකද අපි ලස්සනට ඇඳලා හිනාවෙලා හිටිය
fa184c68b2	සිත ඔබ මතුකරන තත්වය
fa188cfcd6	හිමිකර ගත් කේශ ධාතුන් වහන්සේ තැන්පත් කර
fa18c1403d	දෙවියන් දිනනවා.
fa18f74fcc	පැරැණි නිර්මාණ ශිල්පියාගේ ප්‍රතිභාව
fa19841ada	ඔබ වෘත්තීය වශයෙන්
fa19e82230	ඔන්න අළුත් විදිහේ සංචාරයකට
fa1a3b02f8	එතුමන්ට වෙන් විය.
fa1a60111f	එක පැත්තකට ඇදවී විරූපී වී තිබෙ.
fa1a8defd4	අනතුරුව පරිගනකයක් නොමැති හේතුවෙන්
fa1bd3e976	මේ සිදුරු සය
fa1d6bfefe	මේ දම්දිවේ පිහිටි මහා විහාර හතරෙන්
fa1d72a74c	කිරි පිටි කාරයෝ ඉතා හොඳින් දනිති
fa1d75b9f7	ඒකට මිනිස්සු දහස් ගාණක් ඕන නෑ කියල?
fa1d9de330	ඒ ගැහැණු කෙනාගෙන් කට උත්තරයක්
fa1e0054d0	භාෂාව චර්යාව අනුව භාවිත කළ බව
fa1ef0b08c	sports
fa1f8804a2	නමුත් ඇගේ ඊනියා අවතාරය
fa1fa33859	රාත්‍රී 8.30 ට පමණ සුරප්පට්ටුව වාදනය කෙරෙයි.
fa1ff42117	පිනක් කාලෙකට කලින් කල්ල තිබ්බ නම්
fa20382580	අසාවෙන් කියවන්න හිතෙනවා.
fa20e9879b	මේ සුන්දර වන පියසෙහි
fa20f5af29	භාවනාව දියුණු කළා.
fa22112f63	පින්තූර දාන්නයි යන්නේ.
fa221de3e8	එක්සත් ජාතීන්ගේ සංවිධානයේ විශ්වීය සමාලෝචනයකදී
fa22888a9a	ඉස්කෝලෙට ආපු නාට්‍ය හා රංග කලාව සර්
fa228a00c9	පෙරදිග රටවලට සාපේක්ෂව
fa22e37aca	කවුරුන්දැයි නිශ්චිත නැත
fa23cb3692	නැවත නොමැරී ජීවත්වන ස්ථානය සංජීවයයි.
fa24259a5b	බෙදාහැරීමේ කළමනාකරු ලෙස
fa2453582f	ඔබගේ පුලාන් දේවි
fa24881103	ඇරිස්ටෝටල් තම නාට්‍ය ක්ෂේත්‍රයේ පරමාදර්ශී නාට්‍ය විදිහට ගන්නේ ඊඩිපස්
fa24f0a00b	ඇයි කොල්ල බූට් එක දීල
fa251c8728	ඔබ නැතැයි කියල හිතන්න කලින්
fa25c0caad	ඔන්න කොල්ලො සෙට්එකක්
fa2607c220	මලියදේව නමින් සිටි දෙදෙනා බව
fa26ae348f	ආර්ය කාන්ත පංච ශීලයද සුරක්‍ෂිත වේ.
fa26b3bfa3	උසස් අධ්‍යාපනය උදෙසා ගාල්ල නගරයට පැමිණි
fa26c2a58e	ගොඩක් ආසාවෙන්
fa2732e67d	එයින් ජනනය වන බවයි.
fa275573ce	අපේ ආර්යයන් වහන්සේ කියන්නේ
fa2776adb2	වැරදුනොත් මුදල් ආපසු
fa27776526	උඹ මොන තරම් නිරුවත් එකෙක්ද
fa282cce84	සඳහන් කල යුත්තේ මෙය ද
fa2837b89f	සමාජයේ පැතිරෙන්නට විය.
fa284d9462	නිතර ලබා දෙන දිරිගැන්වීම් වලට.
fa2864ca3b	කොටි තර්ජනය තිබුණු ගම්මානවල නිසා.
fa2874724c	මේ රසවත්
fa289a9f39	තමන්ගෙන් අවසරයක් නොගත් බවයි
fa29738f15	තණ්හාව ඇති වෙයි
fa298faad1	අපට අනිවාර්ය ද නැත.
fa2a57fb96	ධර්මාශෝක මහරජතුමා සහ
fa2a8edf96	නියමයි ඔය ටිකෙන් පසු
fa2ad8776f	sri lanka films sinhala
fa2b0d15c5	සුවිශේෂ ධර්ම දේශනය පිළිබඳ
fa2b8cc30f	සාමාන්‍යයෙන් කොළඹ
fa2c868cfb	මත්තා කළේ ඊටත් වඩා
fa2c94de3b	එතැන් පටන් ඔහු
fa2d01cce5	හිටපු ගමන් මේ ආශ්වාස ප්‍රශ්වාස කෙටි වෙනවා.
fa2d919684	තම සැමියා ව මුදා ගන්න
fa2d9fdd02	විත්ති පාර්ශ්වයෙන් ඉදිරිපත් කළ ඇපෑල ඉවත දමමින්
fa2e430e2c	දැන් ඒ බණ ඇහිල්ලත් එපා කියලා හිතෙනවා
fa2ea4c661	මුහුණ පෑමට සිදුව තිබෙනවා.
fa2edfc3e3	භගු මහරහතන් වහන්සේ
fa2f1d0d96	උන්වහන්සේ බුදුරජාණන් වහන්සේ පසු පස්සේ
fa2f979c34	සෙල්ලම් පිස්තෝලයක් බවයි
fa30593c1b	මෙම ගාථාව වදාළා.
fa30961ec1	ඒවා සමාජෙට කියන්නේ නැතිව
fa30bcc0fc	නුවණ පාවිච්චි කරන්නේ නැහැ.
fa3146bcc4	අපේ උපන් දිනයක් ආවම
fa31637e39	තථාගත බුදුපියාණන් වහන්සේගේ අභීත සිංහනාදයක් බඳු දේශනයකි
fa319c3777	එක්කෙනෙක් කියනවා
fa31c5c10c	තේරුම් ගනින්.
fa3283eeff	හැබැයි එංගලන්තේ ඉන්න කළු ජාතිකයෝ
fa3296e117	අධ්‍යාපනයේදී ඔවුන්ට ඒ අවශ්‍ය දැනුම ලැබෙනවා
fa329eabf6	ධර්මය පමණයි කියන එක
fa32ca471b	ඔබට සම්පූර්ණයෙන්ම ප්‍රාණඝාතයෙන් වෙන්වීමට
fa32fb8ae8	නීති විරෝධී ව්‍යාපාරද
fa337a64ae	ව්‍යාපාර කටයුතුවල දියුණුව සඳහා අඩිතාලමක් වැටෙන බව පෙන්නුම් කරයි.
fa34008bc3	මොන වගේ රෝග පීඩාවලටද?
fa3546d914	ඉදින් සංඝයාට කල් පැමිණ තිබේ
fa35de2211	බාගෙන බලන්න.
fa36455d4c	එයා ඇවිල්ලා කිව්වා
fa3650f520	අපට විශ්වාස කරන්න පුළුවන්.
fa366b0628	සංවේදී ලෙස මාධ්‍ය ආයතන විසින් කටයුතු නොකරන්නේ මන්ද
fa3720b3b0	ගීතය අසන විට
fa37880643	එහෙ ගියාට පස්සේ
fa38378326	කකුළුවෙක් මහළු කැස්බෑවෙක්
fa3857aff0	අපේ ගෙදරට එන්න ගත්තා
fa3892785f	එම මුදල් ලබා දුන් බව පවසා ඇති පුද්ගලයා
fa38c81d1f	ඔබ ‍පොලිස් සේවයේ සිට
fa38d399d3	එයාට කරන්න තියෙන්නේ
fa39a270d1	මුලින් කතාව පටන් ගන්නෙ එකම පවුලෙ සමාඡිකයො කීප දෙනෙක් එක්ක
fa39e4f04b	කියන උදාහරණයත් එක්ක.
fa3ad7fe8a	දානය පාරමිතාවක් වශයෙන් පුරති.
fa3b03055e	නමුත් ටික දවසක් යද්දී
fa3b41b09e	මෙහි ගුණ දක්වන ධම්මපද ගාථාවකින් පෙන්වා දෙන්නේ
fa3b933191	මෙවැනි අනියම් සබඳතා සාමාන්‍ය දෙයක්
fa3bb89416	මෙච්චර දෙයක් වුණත් අහල පහළ හෝටල්වල අයගෙන්වත්
fa3be7bd09	මේ නිසා ම දේව වාදය පිළිබඳ
fa3cc95329	අනතුරුව හමුදා සෙබලා චිත්‍රපටයේ හාමුදුරුවෝ පවසන ආකාරයට
fa3ce3291c	චිරාගත සම්ප්‍රදායකි.
fa3d38206b	මෙයට සමකාලීනව
fa3d8d3faa	කාමරයට කඩා වැදුණහ
fa3dfd7a3e	දෙවෙනි ගථාවෙන් මේ හිතේ තියෙන
fa3e5c3e69	ඒත් දැන් මුළු රුසියාවම
fa3f50a892	දඩයක්කාරයාගේ දුවව අරන් ආවට පස්සේ තමා
fa3fab05ce	මෙහිලා වැදගත් වෙනවා.
fa40381f15	කිරුළ ලබන්න පුළුවන්
fa40a9f8a7	විශාල ලෙස ඇඳ ඇත
fa416bbc1a	ඒ ගමට පිටත් කරන්නට තීරණය කළා.
fa41ba3f65	ග්‍රීක පුරාවෘත්තවල තියෙන හයිඩ්‍රා කියන සතාට
fa41d00b31	බයිස්කෝප් එකේ විකියා ඇතුළු ඔක්කොටම ස්තුතියි
fa4253e181	මේ ගමනට මුදල් ලබා දුන්නාද?
fa432b64ed	අපි දෙන්නම අධ්‍යාපනය ලබන ශිෂ්‍යයෝ
fa4365fd5b	යන වැඩ සටහනක් තියෙන්නෙ කියලා.
fa437510f7	අන්තිමට බැටරියක් හරි තෙල් කුප්පියක් හරි
fa44b21570	විභාග ප්‍රශ්ණ පත්තරේකට
fa45aeec2a	එවකට ආණ්ඩුවේ මුද්‍රණාලයේ අධිපතිව සිටි එච්.
fa465786ce	ඔන්න එහෙනම් ශතකය සම්පූර්ණ කරලා
fa46822b60	මිලින්ද ප්‍රශ්න මතයට සමීප වන බවක් ද
fa46b294fd	උඩින් ඕඩර් එනකං ඉන්න ඕන නෑ
fa4715be97	මගේ පවුලේ අයෙකු
fa48e6e090	බිම්බිසාර පියා රජතුමාව තම පුතා වන අජාසත් කුමාරු ලවාම ඝාතනය කරවන්නට තරම්
fa49598c18	මාරු කරන්න ඔහේ කැමතිද?
fa49f8a033	රෝගියාගෙන් ඒ ගැන විමසා ඇත.
fa4aa48712	අපේ රටේ ආරක්‍ෂා කළ යුතු ජාතික වස්තුවකි.
fa4b4055a5	පොලිස් දෙපාර්තමේන්තුවට එල්ලකල අභියෝගයක්
fa4bcb863b	පලතුරු ලැබුණේ නැහැ කියලා
fa4c013416	මීටත් වඩා පිරිහීමකට ලක් විය හැකිද?
fa4c0f6c46	බුද්ධදාස රජතුමා
fa4c25c84e	හැබැයි උපාධි අරන් පනින්න නොදී
fa4ccf5213	තුන්දාස් පන්සීයයි
fa4d2e07cf	csn online
fa4d3b8941	උන්වහන්සේ සම්මා දිට්ඨිය කියන වචනේ පෙන්වලා
fa4d5d04b8	දුක් වෙන එක හොඳයි.
fa4d8fd6c8	අපිට ඉස්කෝලේ උද්භිද විද්‍යාව ඉගෙන්නුවේ
fa4ec12627	මගේ නායක හාමුදුරුවන්ගෙන් විමසුවාම
fa4f26ffa6	බුදුන් වදාළේ නකුල පියාණෙනි
fa4f83d6a7	ඌට දඬුවම් කරලා නෑ.
fa4fb626ec	නමුත් ඒ සංසිද්ධියට
fa4fec4a7b	කණ්ඩායමක් පරාජය වන විට
fa501d41a5	එක අතකට බලද්දි අපි දැනටමත් ආසියාවෙ ආශ්චර්යක් වෙලා
fa50b81596	උපරිම ශක්තියෙන් සටන්කරන ගෝකු
fa50c02c54	එහෙත් අද වගාකරන බිම් ප්‍රමාණය අඩුවී තිබේ
fa51a504e3	ශ්‍රද්ධා මාධ්‍ය ජාලය පිළිබඳ
fa52311151	වෙන්කරදී තිබූ පරිදි
fa525b153f	sim recovery tool
fa52a8476e	සිත ගැන ඉතාමත් පැහැදිලිව
fa52d76b92	බැරිවෙලාවත් එසේ සම්බන්ධ වී සිටියා නම්
fa52f2f28a	ගායනා කරා.
fa5516bb73	බිමට හෙලූ දෙනෙතින්ම
fa552d0e07	සිහියට නගා ගැනීම වැදගත් ය
fa5583c422	මේ පැත්තට.
fa55a0ac4b	ඊයේධාවනයට නියමිතව තිබූ රාත්‍රී තැපැල් දුම්රිය
fa55ab4fcc	භද්දවග්ගිය කුමාරවරු ආදි
fa55f2fcb1	අතීතෙ හිතාගන්නවත් බැරුව තිබුණු
fa560b0abd	බුදුගුණ වැණූ අයුරු මෙසේ ය.
fa562d71ab	ප්‍රගතියක් දකින්නට නොහැකිවීම කණගාටුදායක ය.
fa563c3659	සිංහලට හෑරවීමේදී
fa566344b4	එහෙත් ජාතිය බෝ කිරීමට නම්
fa56946b7a	එය අපට නොපෙනුනාට
fa57635d0d	බලලම දැනගන්න
fa577380f0	ඉතුරු කරන්නාගේ නළල
fa5773b5b9	ටිකක් විනෝද වෙන්න
fa578fa1ec	ඔබට සිහිය ඇතිනම්
fa5795568d	හේ දුප්පතෙකි.
fa5871c161	මොරටුවේ මෙම තීරණයට පිටුපසින් ඇති හේතු
fa58debe38	මෙම පංච විධ වෙළදාම් මඟින් ඉක්මනින් ධනවතෙකු විය හැකි වුවත්
fa595339f2	වන්දනා ගාථා කියන බෞද්ධයා යහපත් වෙයි
fa5971e290	මෙයාලත් එක ඉත්තේ මල් වගේ නේද?
fa59b8972e	ඉදි කරන ලද කිසිදු වාස්තු විද්‍යාත්මක ඉදි කිරීමක
fa59e1548c	ඔය බලතල එක්ක වුණත්
fa59e9d83f	මැරිල වැටෙන්නම ඕන.
fa5af03cbf	එක්සත් ජාතික පක්ෂයට හිමිවන ආසන සංඛ්‍යාවයි
fa5b4db0f6	ඇතැම් විට ශබ්ද පූජා සහිතව ද
fa5be4d50c	ආදරයේ බැ‍ඳෙමින්
fa5be69f48	ගව්වක් තරම් දුරක් පා ගමනින් යෑම පිණිස
fa5c2b76e5	සිතට සතුට දනවන දෙයක් ද සිදුවේ
fa5c4bbaf1	අපි අකමැති විවිධ තීන්දු
fa5c95447f	ඔය ගෙදර කිහිප දෙනෙකුට
fa5ccb54e9	මොනවා කිව්වද දන්නෙ නෑ.
fa5ce0123c	අනෙකුත් වැඩිහිටියන්ට පමණයි
fa5d19129c	අද ඉගෙනගන්නා දේ
fa5dbd2ebe	අමතන කොට එක්කෝ නඩුකාරයාණෙනි
fa5e0cca37	ගරු නියෝජ්‍ය ඇමතිතුමනි
fa5e31b48b	බොඳ මීදුම් කඳුරැල්ලේ ගීතය
fa5e7fa888	සප්ත කන්‍යා කන්ද ගිනිගෙන දැවෙනවා දැක්කා.
fa5e860632	පුද්ගලයා සහ සමාජ සබඳතා
fa5f154661	සීමාව ඉක්මවා එහි නියැළීම
fa5f1d3934	විහාර භූමිය ඔස්‌සේ ඉන් පිටතට දිව ගොස්‌ ඇත.
fa5f30bce6	රැකවරණය සලසා ගත හැකි අයුරු පෙන්වා දුන්නා.
fa6015ec42	ජීවිතය දැක්කාම දුක හිතෙනවා.
fa6028742d	බෞද්ධ බහුතරයක් වසන ආසියානු රටවල්
fa60944bbb	නීතිය ගැන හොඳට ඉගන ගනිපු
fa60e5e0fb	සිවිල් ආරක්ෂක බලකායද
fa6148a176	අද වනවිට භාෂා පරිවර්තනය වී තිබේ.
fa61860e65	අප්ලෝඩ් කරලා තිබ්බේ.
fa61d99186	ඒක නිසා මේක බලලම කියන්නකෝ
fa628cca22	බෞද්ධ සමාජය
fa62a213a3	නවලෝක රෝහලේදී මහ රෝහලේ වෛද්‍යවරුන් විසින්.
fa63367642	ත්‍රස්තවාදය නැතිකරලා
fa6356a925	ඉකුත් මාසයේ දියබත්වූ දකුණු කොරියානු නෞකාව
fa63631f33	සත්‍යය ප්‍රකාශ වුණේ
fa637ae158	magazines
fa63a244b4	හරකා මැරීම ප්‍රශ්නයක් නොවේනම්
fa645383b2	ධනුෂ්ක අයියේ ඉතුරු ටිකත් ඉක්මනටම
fa64dfa2ae	බොහොම ස්තූතියි දසන් සහෝ
fa6513dfba	ඇතැම් පුද්ගලයන්ගේ ආරක්ෂාවද මොවුන්ට හිමිවී තිබේ.
fa65b2657d	සෙසු මඟීන් සමග පෝලිමේ සිටි
fa65b457ee	නීතිවේදියා පැවසූ බවත්
fa668c6bde	ඉතුරුවා ගැන හිතලා බලන්නම්
fa6690f887	ඔතන හරියට විස්තරයක් නැහැ
fa675031b8	එහෙමනම් කට්ටිය
fa67b83be1	පියා මැරුණ දරුවන්ට
fa67b8c2d4	තමන්ගේ දරුවටත් ලබා දෙන ලෙස
fa683eb0f3	එහෙත් කිසිම ආයතනයක් ඒ සම්බන්ධව කතා කළේ නැත
fa68e5f657	කිරි පිටි කාරයෝ ඉතා හොඳින් දනිති
fa692577ce	බලන්නකො ඩැනියෙල් මිස්ගෙ සහ මේ අයගෙ ජීවත
fa6925fa73	නියෝගය දුන්නේ කවුරුන්ද?
fa6931d317	එම සියවසෙහිම අග භාගයෙහි
fa69381b2a	ලුහුබැඳීම තවදුරටත් ලුහුබැඳීමක් කර නොගෙන
fa694e46ec	මේ නිසා බොහෝ දිනවල
fa695357c6	youtube downloader
fa69ac7a62	ඉත සිතින් අගයමි
fa6a030332	ඉතාම පැහැදිලිව පෙන්නල දීලා තියෙනවා.
fa6a0ee5cb	ඊට එකල සිටි සුදුසුම වියතා බුද්ධඝෝෂ හිමියන්
fa6a37dd50	මේ දෙකම එකට වැඩෙන අයත් ඉන්නවා.
fa6a608244	දුෂ්කර වෙයි.
fa6a6fb626	අනතුරු සමයේ ඔහු රජරට ගුවන් විදුලියට එක්වී
fa6a7186ab	හැබැයි මං මේපාර පොත් ‍ප්‍රදර්ශණයෙන්
fa6aa799ec	මොවුහු ප්‍රධාන වශයෙන් මාංශ භක්ෂක සතුන් වන අතර
fa6abb8931	කෙළින්ම එන්න බස් තිබුණේ නැහැ
fa6b1c4c66	එහි එකතු කිරීම්
fa6b318b37	කුසල ගංගාවක්
fa6b4247e3	තරම බැලුවම කකාට ඇත්ත
fa6b8d2fa5	එදා කිතුල්ගල හෝටලේදි
fa6bc2a870	මේක ලෝඩ් උනේ නෑ ඊයෙ
fa6c047869	අලුතින් බලන්න ගන්න අයට
fa6c775684	භික්ෂූන් වහන්සේලා කෙරෙහි පැවති දුර්වලකම්
fa6ccd4b35	මේ පාරත් ලෝක ත්‍රස්ත සංවිධානයේ අරමුණ.
fa6d29e10e	ඌ හා කතා කළ හැකි දෙයක් නැත
fa6d470da4	සිව් මහා දේවාල පෙරහර සඳහා වියදම්
fa6dbe4353	පහදා දීමක් මිස
fa6e409d41	නමුත් උන්නාන්සේ කවදාවත්
fa6eed8b88	රාජ් අයියා
fa6f4a0bbf	මා මාසයකට ගෙවන්නේ ශ්‍රී ලංකා රුපියල්ක පමණ මුදලක්
fa70824e2a	බැඳීම් ඇතිකරගත්තාම අපට පැත්තක් ගන්න වෙනවා
fa70f7e520	අපේ රටේ පාලකයෝ කවදාවත්
fa7106c5d3	අනික පොඩි අයටයි ලොකු අයටයි
fa71488fae	මේ දිනවල රසික රසිකාවන් අතරේ පවතින
fa71af7e51	ඒකනේ ඔහේල වෙන මොන අඩුපාඩු තිබුනත්
fa71c03c1a	ඔය රට ට යන්න වීසා ගන්නෙ
fa72081749	අවබෝධයක් ලබා ගන්න අවශ්‍යයි
fa729d2cc3	මේ මහා විශ්වය තුළ ඇතැයි
fa7332e353	එහෙව් අද දවසේ
fa7343a3de	අර නාමපුවරුවේ සදහන් වන මරිච්චකට්ටි කියන්නේ
fa741df5d0	මෙවන් පෘථුල දැනුම් ගබඩාවක් බවට
fa747e7c90	අදින් පස්සේ යළිත් කිසිම දිනක
fa74eb16d0	එබැවින් යහපත් ප්‍රතිපත්ති ක්‍රියාවට නංවමින්
fa7523f551	මනසේ මහිමයට සම කරනු පෙනෙයි
fa75926f29	ඉතින් ඒ වාගේ තත්ත්වයක් ආවොත්
fa76d70dfc	අමිල දකුණේ අපරාධකරුවන්වත්
fa77a82db4	අන්තිමට ඒකිත් ඔයා වගේ
fa781b9135	මෙසේ වෙසෙන
fa78384d51	අපරාධ පරීක්‍ෂණ දෙපාර්තමේන්තුව
fa785e766f	ගුවන් විදුලි ඒකාධිකාරිය කඩා බිද දැමුවේ ඔහුය
fa78701d89	free form
fa78766497	fraps
fa78c783a2	එය තනි ධාතු ගර්භයක් ලෙස
fa78c82b3d	එන්ඩ කලින් මං කෝල් එකක් දීලා එන්නම්
fa78cac65e	මිහින්තලය, සෑගිරිය යන නම් වලින් හඳුන්වනු ලැබේ.
fa790c3512	උදව් බලාගෙන එන අය
fa793bd11c	මොකද කරන්නේ
fa794af7e6	එම ප්‍රදේශයේ තිබූ වටිනා දෑ විශාල ප්‍රමාණයක්
fa7967ca3b	ගින්නෙන් දැවි දැවී
fa79aa6139	එය අත්දැකීම් විසින් පණ පෙවුණු හැඟීම්
fa79b8233c	එමෙන්ම වැඩිහිටි කෙනෙකුට
fa79da41ff	මීදුම සුළඟ වැස්ස යන තුනම අප තව තවත් දිරිමත් කළ බව කිව්වොත් නිවැරදියි.
fa7a27115a	සිටුවරයාගේ අදහස්වලට අනුරූපව
fa7a42fb6d	මේ පාර ආණ්ඩුව කොළඹින් පරාද වෙනවා නිසැකයි
fa7a9e8ecd	තිබුණු තැන බලන්න.
fa7ad304aa	එසේ ගොස් නැති පලියට
fa7b794ba2	අනේ පව් මේවා ඉතින්
fa7bb1c7d7	හොද හුස්මක් ගත්ත ලෙචා
fa7c13edb5	ප්‍රාචීන, ප්‍රාරම්භ විභාගයටද එහි කොටසක් නියමිත වේ.
fa7c5beaf8	කොහොම හරි මාව හඳුන ගත්තා නේද කියලා.
fa7c6865c4	ගින්න මඳක් පාලනය කිරීමෙන් අනතුරුව
fa7cc59052	දෙකක් හරි
fa7d27bee6	බුදුහාමුදුරුවෝ එදා කුරු රටට අද දිල්ලියට වැඩම කොට
fa7d290b2d	ප්‍රභලයන් විය යුතුය.
fa7d4868b4	දැන් ඔබයි වැරැදිකාරයා වෙලා තියෙන්නෙ
fa7dcfcf7a	හැටියට සලකන දේ.
fa7de104e6	එයට විශාල බලපෑමක් එල්ලවී ඇත.
fa7e618d79	එය සුව කිරීමට තැත් කිරීමේදී
fa7edaac1c	එයා අපිට කැඳ හදන අතරේ
fa7f5b4e70	hidden objects free download
fa7f60441d	එයා මාව විවාහ කරගන්න
fa809ae87d	මෙලෙස බැලූ කල පැහැදිලි වන්නේ
fa80a86bd0	එතන කිව්වාක් මෙන්ම මෙතැන ද පට්ටය
fa80b027da	මහනුවර යුගයට අයත් බිතු සිතුවම්
fa80c8cc6f	බොහෝ වියත් මහතුන්
fa811a48cb	ඔය වගේ තමා උඹලටත් වෙන්නේ
fa81833226	ගේ ඇතුළ විතරක් නෙවෙයි
fa8185cc25	මට දුන්නේ ලක්‍ෂ පහළොවක්‌ අඩුවෙන්
fa81a95891	ප්‍රරාවෘත්තයක් ගොඩනඟන ලද බවයි
fa81b9e250	අර්ථ රසය සහ ශබ්ද රසය ඇතිවීම ස්වභාවිකය.
fa81f7a499	මේකගෙ ඇත්ත කතන්දර ටිකක් තියෙනවා
fa8200e38f	සිතන්න ස්වර්ගය ඔබ දැක නැත.
fa82b1e356	කරුමාන්තේ දැන්.
fa82cd23b4	එනම් කාම තණ්හා, භව තණ්හා,
fa8376a365	ඉන්දියාවෙන් ගෙනිච්ච දෙයක් තමයි.
fa8420cfa6	ඔවුන් හට අපේ ඇති ආදරය ගෞරවය
fa843f90fb	සැඳෑ සමය ගත කරන්නේ
fa84607894	අද උන්ට දෙමළයි ඉංග්‍රීසියි බලෙන් උගන්නන්නෙ තොපි නිසයි
fa84d9c9d1	හින්දු දෙවියන්ගේ ප්‍රතිමා නෙලීම සඳහා යෙදිණ.
fa85104e93	අපට වැඩක් නැති හින්දා
fa85116f9d	සිදුවන වකුගඩු නරක් වීම
fa855effa1	මගේ හිතෙ මැවෙන සංකල්පයි.
fa871830df	කුඩා නගරයට යන්න වෙනවා.
fa8733b79c	එවිට ළඟ සිටි හිමිනමක්
fa88bf4c64	සතෙකුගේ පහරදීම ආදියෙන් කෙළවර වෙයි.
fa88c1bad7	මේක බලලා අපි අපි ගැනම ටිකක් කල්පනා කරල
fa897d75e4	ඒත් එදායින් පස්සේ
fa898ca022	ඒත් උඹේ ෆයිට් එකෙන්
fa8b54fa5e	වයසක කෙනෙක් ලෙඩ වෙච්ච කෙනෙක් දැක්කම
fa8bc494f1	අප නැවත
fa8bd4729a	එකී නම් වලින් බිඳී
fa8cc24589	අද මාඕවාදී ගරිල්ලන් විදියට
fa8cf62064	පිරිසගේ සිත් රිදවයි
fa8dc2f935	ඉතින් මේ ආකාරයේ දෙයක් මේ ශරීරයේ තියෙනවා කියල
fa8dcaf78f	ඒ ධර්මය කෙරෙහි ශ්‍රද්ධාව ඇතිවුණාම
fa8dd7a4ed	සිත දියුණු කිරීමේදී සිදුවන විශේෂත්වය නම්
fa8e38d49a	තම කෙස්කලඹ කඩුවෙන් කපා
fa8e85c559	එදා දවසම ජනාධිපතිවරයාට විශේෂ රාජකාරි තිබිණි.
fa8f429b4b	ඈත අතීතයේ සිටය.
fa904bf8b7	යන කාරණාවද සැලකියයුතු මට්ටමින්
fa905a42f2	ශ්‍රී ලාංකිකයන් ගේ ආධ්‍යාත්මය,
fa908af8e8	උන්ගෙන් සල්ලි ගත්තත්
fa90a3885b	ඊට පස්සේ අයියාට ඕනෙ වෙනවා
fa9121e869	අන්තපුර කාන්තාවෝ ද රාශියක් සිටියහ
fa9144132b	දෙමාපියන් අකමැති වුණේ නැද්ද?
fa91acc0d8	මෙහිදී කියවෙන්නේ
fa9201e13b	තර්කානුකූලව පැහැදිලි කරන්න එන අයට ඕක අවුල්.
fa9236e943	අපේ මව්පියන්ට නිසි තැන ලබා දී ඇති ආකාරය
fa925de2a1	කුණු දැමීම සඳහා
fa92760136	එසේ නම් මෙරට මෙතරම්
fa9362b03c	පොලිස් සිත්තරෙක් පුද්ගලයකුගේ චිත්‍රයක් අඳියි
fa93de1d97	මම ඇළුනේ.
fa940e4889	අපි මේ රට දියුණු නොකර ගන්න තාක් කල්
fa94e6ecc8	රනින් කළ මුදුවක් හමුවුණ
fa95e5c487	එල කිරි සහ මී පැණි නියමයි
fa9631b506	මංගල උපසිරසි සටහනට
fa967ad408	තැන් තැන්වල සත්තු කාලා ඉතිරි වුණ
fa9698b101	මතයක් සහ විශ්වාසයක් පවතී.
fa96e1eb2a	කවුරුත් උත්සහ කරන්නේ
fa974a9c76	සීගිරියට පැමිණි වයස ඇමෙරිකානු ජාතික මාතාවක්
fa97aeb421	බස්නාහිරට හිස පැත්ත සිටින්නට ය.
fa97bb5e24	හැබැයි පින්වත්නි
fa9805de71	පාසලෙන් ලබා ගත්ත දැනුමත් නිසා
fa9850eb6a	සීමිත අවස්ථාවන් ටිකක්.
fa98dbae7a	මේන් අත්දුටුවයි සත්තයි
fa98e50602	අපේක්ෂාවෙන් මිදුණු අය වන බැවිනි.
fa98f250f2	ඇතැඹුලක් සේ දැක්වීමට තරම්
fa99034f04	නමුත් දැන් ඒ බව
fa9934c0cd	එතුමිය දකින කුඩා දරු පිරිසගේ වුවන
fa996b5d9a	මේ කතා බහ ඇහෙනවා.
fa99af48d1	එය තවමත් නොබිඳී පවතී
fa99bb950c	ඒව සම්පූර්ණයෙන්ම නවත්තල
fa99e9ab0c	බුදුරජාණන් වහන්සේ සැවැත් නුවර වාසය කරන කාලයේ
fa9b855221	අපි දඩයමේ ගිහින්
fa9ba2ebbd	ලොකු වැඩ වලට වෙන ග්‍රහලෝක
fa9c9a7959	මේ ලැබුණ ලාභය අත්හැරෙන්නට නොදී
fa9dcb4268	අදවත් පිළිතුරු දෙන්න.
fa9ef3a043	ඔහු තිර ලෙස අදිටන් කරගනී
fa9f1659bc	අපි වෙනුවෙන් සාධාරණයක් ඉටු කිරීම ගැන.
faa02df3e6	නිෂ්පාදකයින් අතරින් එවැනි පෙලඹවීමක් වන්නේ කලාතුරකිනි.
faa0cf2afa	wow
faa17dbd04	කනිෂ්ක රාජ යුගයේදී සිදු වූ බව සඳහන් වේ
faa218987b	ඊලග පාර සබ් එක
faa22b0767	මේකට උඹට කරන්න තියෙන්නේ
faa29eab9f	කෘතීම වනාන්තර ලෙස ශ්‍රී ලංකා භූමියේ
faa2b884db	ඇතැම් විට ප්‍රාදේශීය රාජ්‍යයන් ආක්‍රමණය කරනවා.
faa3592153	අපේ තීරණයට සහය දක්වන්න කියලා.
faa360da2d	බෙදාහදා ගෙන කනවට වඩා
faa40e8ad2	කිසිවෙකුට විස්තර කළ නොහැකියි.
faa447556d	දැන් කියන්නේ
faa4d509a6	ඓතිහාසික වශයෙන් ඉතා වැදගත් කෘතියකි.
faa50ceba5	මෙසමයෙහි භාරතයේ සිට පැමිණි
faa53a1eff	එහි සිටි ඇටිකුකුළෙකු වේගයෙන් පාත් ව
faa61f017f	හරක් පැහැර ගෙන යති
faa68978f0	බැහැර කළ යුතු දේ බැහැර කිරීම
faa704f257	නියමයි නියමයි මචෝ
faa7113d73	ලෝකයේ බොහෝ වැරැදි දේ
faa7728f94	ඔබේ නමෙන් නොව
faa7823b61	පැරණි ජීවිතය ඉල්ලීමක් නොවේ.
faa785ece5	ඇබ්බැහිව සිටි ගම්වැසියන්
faa80a5f4f	එම රසවින්දනය නිසි අයුරින් සමාජය තුළ වර්ධනය කිරීම
faa81a6e06	තමන් නොදන්නා මිනිසුන් පවා
faa86dc8c8	උන්වහන්සේලා කුසිනාරාව අත්හැර
faa86ebe80	ඇයි මේ විදිහට
faa8bc81bd	මා මෙසේ නිගමනය කරමි
faa920f75f	උරුවෙල් දනව්වේ නේරංජරා නදී තීරයේ
faa96e44d8	එහෙම උන්ට හම්බවෙන ළමයින්ට
faa9c9dd1f	ග්‍රාම නිලධාරී සේවය අඩපණ වීම
faaa18752c	ඔන්න එහෙනම් දැන් අපි දන්නව
faaa5ca85a	මඳ දිනෙකින්
faaa8ee47e	තවදුරටත් ශක්තිමත් කරගැනීමය
faaaa5787f	අයිරින් නැමැති ඇයව මරා දමයි
faaafa02d9	බඩුත් හාමුදුරුවන්ගේ නඩුත් හාමුදුරුවන්ගේ
faab3f9cd0	විනෝද ජනකය.
faab6ca84d	බුද්ධ දේශනා
faab836191	මේ පිළිබඳ බෞද්ධ විග්‍රහය
faabfed867	එසේ වුව ශ්වේත රාත්‍රීන් විසිහතරක්
faac3ea089	මුණි සිරිපා වන්දනාවේ යෑමට සූදානම් වන
faac8de0d1	මමත් මගේ පුතාත් වැඩිදුර ප්‍රතිකාර සඳහා
faacaac3d2	අන්න එකට වැඩපන්
faad3d14ca	නමුත් එය කරන්නට පුළුවන්
faad456263	ගෙදරදොර දියුණුවට කරුණු යෙදෙන අතර
faad4eb9c8	අලුත් වෙනසකට මුල පුරන බවට අනාවැකි පළ වෙනවා.
faad6bd19d	එයින් තිරච්ඡානගතෙ දානං දත්වා
faad6ee5ad	අන්තර්ජාලයට පිවිසෙන
faad7270bf	ආගමික ආඥාවක් මත පනවා ඇති
faadc4bfd0	අනෙක් පැත්තෙන් පත්තිනි දේවාලයට
faae382bb9	ආශ්‍රව වලින් කරන්නේ කර්මයත් එක්ක සම්බන්ධ වෙලා
faae4fa57e	මූලික ඉගැන්වීම් දෙකක් වශයෙන්
faae9100f9	වත්තේ ඇති සොහොනක් දෙස
faaeb161b1	කර්මය පිළිබඳ ඉගැන්වීම්
faaf062a3d	එම ගිණුම කර්ම ගිණුම ලෙස
faaf18787a	ඇත්ත උදාහරණයක් ගත්තොත් මට වැව්මාළු පිළිකුල්.
faaf26dcae	මෙවිට ඔහුට ධර්ම මාර්ගයේ ඉදිරියට යෑමට බාධාවක් නෑ
faafbae23c	පහදා දෙන ධර්ම කරුණු අවබෝධ කරදී.
faafd0526a	මේක නතර කරන්ඩ එපා කියලා.
faafeab757	මුචලින්ද නාග රාජයා සර්පයෙක් නොවන බව
fab0c30600	මම නම් හිතන්නේ
fab0c37da0	භාවනාවට යොමුවන පුද්ගලයා
fab11c7b03	උග්‍ර අලිමිනිස් ගැටුම ගැන සඳහන් කරමි
fab1ef2816	ඔබ කියන අන්දමට
fab1fefe60	ඒත් ඉතින් නොබලපු කෙනෙක් හරි
fab2aa251a	වැඩි ඉඩක් වෙන්වෙලා තිබ්බේ ඒකටනේ.
fab334ab4d	මෙම හැසිරීම් තුළින්
fab3816a87	සත්වයා තුළ පවත්නා වස්තු කාමයත්
fab38f75a6	සබට ජය
fab392053c	අවධානයට යොමුව ඇත්තේ
fab3bf2add	අමතක කරන්නෙපා
fab3dd1182	පාරම්පරික කලාකරුවන් රැසක්
fab3ed9246	මගෙ කඳුළින් නිමාවූ
fab3f19723	එහෙත් නැවත මේ විශ්වය
fab446cb55	චතුරාර්ය සත්‍යමය.
fab45c9128	ආත්මාරක්ෂක සටන් ක්‍රම ඇත්තටම පාවිච්චි කිරීමේ හැකියාව වැඩි දියුණු කලයුතුයි.
fab4998037	ඉන් මිදුනේ සියල්ලන් එකතු වී
fab52ea689	සියල්ල රූගත කළේ ඉන්දික මල්ලවාරච්චි අයියා.
fab57f92aa	එහෙත් ඒ සියළු වෙනස්කම් තිබුණ
fab59a2012	උඹලත් පොරවල් කියලා
fab5a0c9aa	මේ කරුණු හතර නිසයි
fab63a41ec	ඒකෙ තියෙන්නෙ ලංකාවෙ
fab69593fb	ආයෙමත් බලනවා
fab73b026a	හිතන කොට
fab7499c1c	කෝලිය වංශික අංජන රජුය.
fab7fff531	සාදු දැන් සම්බුද්ධත්ව ජයන්තිය එළඹෙමින් තිබේ.
fab8186854	බුදු දහමේ කොතනද
fab876501b	අවශ්‍ය නිර්දිෂ්ඨ බොහොමයක්
fab8ead759	මේ හැම ධර්මයක්ම සුභාෂිත බවත්
fab9088d1a	අප්‍රිකානු කළු ජාතිකයො තරම් කළු නොවුනත්.
fab98272e7	ධර්මය විසින්ම ධර්මය රකින්නාව
fab990468e	ලංකා ඉතිහාසයේ සිදු වූ වැදගත් සිදුවීමක් ලෙස
fab995c04b	ප්‍රතිපත්තිමය සිංහලයෝ වෙන්න ඕනි
faba648437	වකුගඩු රෝගීන්
fabaa0c1f5	එම ධනය යොදවා
fabadc8ab8	software license tracking
fabb3097b7	ආගමික හා ජාතික ව්‍යාපාර විශාල ප්‍රමාණයක්
fabb5c9159	එමිරේට්ස් ගුවන් සේවයට අයත්
fabbe06ce5	ඉදිරි පත් කල එකම දේ
fabc0bc97e	බුද්ධ ප්‍රතිමා රාශියක්
fabcc81e5c	අපේ මනස ආක්‍රමණය කරලා
fabce82fb2	පරිභෝජනය මෙන්ම ආයෝජනයද
fabd90b410	සංකේතවත් වන අයුරින් පිළිබිඹු කොට ඇත.
fabda4768c	ශීලයෙහි අනුසස් හඳුනා ගනිමින්
fabda869a6	කෑම පස්සේ දුවන්නේ නෑ.
fabe4be763	උජුපටිපන්න ගුණයෙන් බබළන අපේ හාමුදුරුවරු
fabe683428	විධිමත් ක්‍රමවේදයක්
fabee4edec	කදිම ස්ථානයකි.
fabee566b9	එතෙක් ඉතා සංකීර්ණ
fabf6b515a	harry styles
fabf7f76ba	මෙහි ශ්‍රේෂ්ඨත්වය විදහා පෑම සඳහා
fabf89010b	roshan fernando
fabf8be5f9	ඊර්ෂ්‍යාවකින් හෝ වෛරයකින් නොව
fabfaa5ffc	මම උඹ කියන ඒව පිලිගන්නව.
fac0078f4c	සම්බන්ධ වන මාතෘකාවක්ද
fac0a993fd	ඒත් මහ රූස්ස ගස්
fac0e18dfe	මුල් යුගයේදී පුස්කොළ පොත් වල
fac0f80942	රූපවාහිනී සම්මාන උළෙල ආදී
fac1ce22a7	දුක හිතෙන දේවල් දුක හිතෙන විදිහට කියා
fac1d4c10c	ඉදි කිරීම් කරනවා
fac1f900e9	ඒවා බව ඔයා කියනවා.
fac204bca3	එක එක කතා ආරංචි වුණා.
fac211c26a	කට්ටිය කියන්නෙ පොඩ්ඩක් බැලුවනම්
fac24af6d8	අදම මේ ආරංචිය කියන එක හොදයි කියල හිතුවා
fac26fbdb1	mail
fac30abe87	අපිට මෙහෙම පැත්තකුත් තියනවා
fac3566991	ඕනියෝ.ජයවේවා
fac3c08204	අලුත්ම එක හදන්න යන්නේ විජිතපුරේ
fac3c70408	විශ්‍රාම යන්න වෙයි.
fac43a758e	මිනිස් ලොව අපි ඉපදුනාට පස්සේ
fac466f64b	කාලය නාස්ති කරයි.
fac4bbed20	ඒවා එක් එක් පුද්ගලයාගේ
fac4fd5f88	සමාන්තර ඉතිහාසයක් වගේ.
fac5097fd4	තෝල්ස්තෝයි මොන තරම් නම්
fac667a444	මේ පින් බලයෙන්
fac6683cf7	සල්ලි ලැබෙන්නේ නැහැ.
fac67064d4	බොහොමයක් යන්ත්‍ර අයින්කර ඇත
fac7002c37	බිඟු අයියා මෙච්චර දවසක් බලන් හිටිය
fac744bbe5	අපි ඉස්සලම බලමු
fac782f9df	අපේ තේ අපනයන කරන රට වලින් ප්‍රධාන එකක්.
fac7e46f17	අල්ලගන්න එපා ඔය වැඩ වලට
fac7ec2c30	මේවගේ නිර්මාණ පිළිබඳව අපව දැනුවත් කිරීම
fac81e7f4b	ඉන්දිකා වැඩිය ටෙලි නාට්‍යවල දකින්න නැහැනේ?
fac8fec593	ඒත් ඉතින් ඕනයා කියන්නෙත්
fac9181341	එදා අප රටට අවශ්‍යව තිබූ
fac9496649	මංගල සුත්‍රයෙන් ලබාගත හැකිය.
fac9a4e28a	මිරිසවැටි දාගැබ
faca1a3a1c	ජනතාවට විදුලිය කප්පාදුවකින් තොරව ලබාදෙන බවයි.
faca51a62b	මේ සෙල් ලිපිය ගාව ලියල තියන දේවල්
faca7af8ce	ගම්පහ පාසල් දෙකකින්
facadfed28	සැබෑ විචාරකයා තුළ තිබිය යුතු සංයමය
facaefa26b	නගරයේ පලතුරු තට්ටුවල
facb44c34c	මම ඒකට කැමැති වුණා
facb622d08	සිත් සතන් පුබුදුවාලීමටත්
facb780475	අදත් මෙහි මා විසින්ම බාගෙන
facbb5be83	මේවා අතර පාරම්පරික රාජ්‍ය චාරිත්‍රයක් වන වෙසක් උත්සවය
facbcc34be	අහල තියන විදිහට නං
facbd03742	බෞද්ධ ලෝකයේ තිබෙන
facbf8489d	application for employment
facc0f0151	ranil kularatne
facc262a7d	queens hotel leeds
facc6cf299	මේක කරගෙන යන නිසා.
facc7cfda0	කියල අදත් කියන්නේ නෑ
faccdaeca2	license ohio
faccf6bca5	මේ ක්‍රියාත්මක වන්නේ.
facd13f3a4	ඒක ඇළ දිගේම
facd216b8a	අනික ඔතන තියෙන ගස
facd6b5f7c	සකස් කරන්නෙ.
facd89ef18	අනේ සාදු සාදු සාදු
face422e0f	අත්අඩංගුවට පත් වෙනවා
faceb84819	ඒක කාර්යක්ෂමතාවයට
facec4d758	අලුත් 'සැමී' කතාව නිමා කළේ
facee92256	පල්ලියෙන් පිටව යන මොහු සොරුන් රැලකට අසු වෙනවා
fad063af9f	බුදුවරයකු හඳුනාගන්නා ආකාරය
fad09f1347	දෙහිඅත්තකන්ඩියේ දුෂ්කර පාසලක ශාලාවක් සෑදීම.
fad1179c5a	සමහරවිට නිවැරදි නොවේ.
fad11e9ee0	ඇල්ල රාවනා ඇල්ලට ඉහළින් වළගම්බා රජු විසින් කරන ලදැ
fad1e43181	එහෙම මොකුත් නෑ.
fad1ea3590	ඔබට හිමි වෙයි කියලා ඔබ හිතනවාද?
fad25aadb7	පලවෙනි පාරම ඇහුනු ගමන්
fad2b7d2cc	යමෙකු අලුත් ස්ථානයක් ගැන ඉගෙන ගත්තේ නම්
fad33daa83	මෙහිදී පුද්ගල පෞරුෂය යනු කුමක්ද
fad3b2d327	අර සපත්තු මල් කියල කියපු ජාතියට
fad4afb6e6	මහා වංශය රචනා කරන ලද්දේ
fad5e73c8f	විශාල අඩුවක්
fad61b9f3e	එයින් නොනැවතුනු මැල්කම්
fad67650b8	ඔහු ඒ වසරේ
fad693a920	අවසානයේදී ජනමත විචාරණයකින්
fad6e99af7	මේකෙන් කියන්නේ සුද්දන්ගේ ආඩමිබරය
fad6faf22b	නිර්දය ලෙස විවේචනය කරමින්
fad72221fa	gossip9 lk
fad751288c	justin biebers new photos
fad76759df	lord buddha
fad8672601	දැනගෙන හිටියේ නැහැ
fad87fa920	සතුරා පහර දුන්නේය
fad883fea3	ඔවුන් ද පිරිහෙනු ඇත.
fad8a4bc01	අද දැනගන්න පුලුවන් වෙනවා
fad9803ed8	මානසික ලෙඩක් නෙමෙයි කියල ඔප්පු කරලා තියෙනවා
fada3a5327	එයින් සමහර විට අනුන්ට වැඩක් වෙයි
fada6815f5	එනම් එකක් අනෙක් තුන තුලට වැදී
fada8d5793	මම ලැබූ අත්දැකීම් අනුව
fada992fda	එමගින් පාඨකයා තුළ
fadb21e357	කටයුතු කරන්නා
fadb9467cb	බුද්ධ අසිරිය දුටු සියලු දෙනා
fadbc1daa6	අනුරාධපුර පොලොන්නරුව සීගිරියට ගොස්
fadc10231c	saree
fadc3fa63d	එක සිත් දැතැනක නතර වෙලා
fadc557756	එතකොට උපකට බුදුහාමුදුරුවො කියනවා
fadc59433a	උගන්වන්නේ දෙගුරුන් බැවින්
fadc8f8b81	වහලය ලෙස ප්‍රයෝජනයට ගනිමින්.
fadccb085c	ආර්ථිකය මිල මුදල් අතින් අගහිඟ ඇති නොවන මාසයකි.
fadcdcbac9	එතුමාගෙ ලිපි වලට අභියෝග කරයි
fadd07f2de	මෙවැනි අධිවේගී මාර්ග
fadde59755	එම යුගයෙහිදී දෙව්ලොව ඉපිද සිටි
fade71c1a4	මේ කර ගත් වැඩෙන්?
fadeb946c6	ඔහු යළි ඇස් පියයි
fadefc0964	මෙම මානසික රෝග වලට ප්‍රතිකාර කිරීම
fadf53b0c5	ඉතිං මොනව කියන්න ද කියල
fadf88fbd1	ඒත් ඔයා වගේ අඩි පහේ වස්සෙක් එක්ක
fadfa59fa6	කල්පනා කළ නිසයි.
fadfbf1035	ඉපදුන වෙලාව දන්නවනම්
fadfc60db8	භික්ෂු සංඝයා රැස්කොට වදාළා.
fae01127a5	එවැනි දේ කරන්න පුළුවන්
fae0859deb	මේ සුන්දරත්වය දුටු සියොතුන්
fae0c4b238	මේක යටත් විජිත කාලෙන් එන
fae15633c1	භාරත්වල මූර්ති සටහනක
fae1841ef5	වටිනා ලිපි ලබාදෙන්න
fae18b1e1e	universal motor
fae220da55	අනෙක් පැත්තෙන් පත්තිනි දේවාලයට
fae246ff72	වහැරෙන්නෙ නැතුව ඉන්න පුළුවන් තත්ත්වය ලබාගෙන තියෙනවා
fae2689e6f	වැඩක් කරන්න ඉස්සෙල්ල
fae3168a1a	ජාතික කොඩියට දාන්න ඕන
fae3cbc05a	දම්වැලක්‌ කකුලේ බැඳගෙන
fae43cecc5	hand embroider
fae4afc040	ගුණ අගුණ
fae53ff433	ඔප්පු කරන්න කියලා
fae65b78f4	මේ වගේ සින්දු ඇහෙන්නෙ නැති එක ලොකු අඩුවක්
fae685c19c	මොකද මෙයා මේ නගරයට
fae694ed9b	මේ ගුරුතුමිය හමුදාවට ඔත්තු දෙනවා
fae6a81679	එය විවෘත කරනවා.
fae7420560	අපේ රටේ තීරණාත්මක ප්‍රශ්නවලදී
fae78e5c87	මෝහය ආයෙමත් මතුවෙලා මාව නොමග යවන්න හදනවා.
fae7d870fb	කිම්මෙයි අධිරාජයා ඉමහත් සොම්නසට පත්වූයේ ය.
fae7f6a1e7	අ නම සිංහලගැමුණු ඒත් උඹ හිතන්නේ
fae83ff26e	බුදුරජාණන් වහන්සේට කෙලෙස් තියෙනවා කියලා කියන්න
fae8884d88	දෙන එක වැළැක්වෙනවද?
fae8ce9d21	පහළට දාන්නෙ ආයෙ රෑට
fae8ddbff2	ඒවා එක එක චිත්‍ර ශිල්පීන්ගේ
faea0419d5	හරිම විනෝද ජනකයි.
faea0b6670	අවසානයට ඇතිවෙන ආදරය කියලා.
faeab163cd	කිව්වේ ඒක
faead7b48b	ඉතාමත් කුඩා ඇමුණුම් 2කිනි.
faeb4ef7ee	එකල ධම්මික ස්වාමින්වහන්සේ
faeb56a75c	මුල බීජය බවට පත්වන්නේ
faec124516	අනුයුක්ත වූ පමණින්
faec35cbde	අක්කනෑ මහත්තයෝ
faec661072	මේ තීරණය ගන්න ඇත්තේ
faed3deb1e	එක කණ්ඩායමක් ඒකට විරුද්ධ වනවා.
faed58fc34	සැලකිලිමත් වීම මැනවි.
faed8d273f	එම සිත ලොව කිසිදු උපකරණයකින් මිණිය නො හැකි ය
faedf9eb6b	ඒත් අවාසනාව කියන්නේ
faeed308ff	මේ විදියට හැම බුද්ධක්ෂේත්‍රයක්ම
faeed64d2d	එය අගොන්ශු විහාරය කේන්ද්‍රකර ගනිමින්
faef23a9de	ඵල සිත් එකක් හෝ දෙකක්
faefa3937d	ගෞතම බුදුරජාණන් වහන්සේගේ ධර්මය දරාගෙන
faefe5cb00	යකඩෝ කොල්ලෙක් කියන කතාවක්ද මේ?
faf010b4c7	ත්‍රස්තවාදී ගැටුම් අවසන්ව
faf1b67857	ඉෂාන්ත මේ සිදුවීම බුදු දහමට අනුව
faf1c09630	චිරාගත සම්ප්‍රදායයි
faf1f6ce57	හැබැයි ඉතින් පින්වන්ත ඇත්තොලා
faf2058979	අවුරුදු දෙකේ රිසර්ච් මාස්ටර් එකේදි තියෙන්නෙ
faf2747ba4	මෙම තත්වය මනුෂ්‍යයන් අතර පමණක් නොව
faf277500e	සිදු කරණා කටයුතු ඉතාම හානිකර නිසාය
faf2af0c57	අනික ඔය කියන සරදම් වැකි ලියන
faf2b4b75f	අවසාන වශයෙන් පැටවුන් බිහි වුණේ
faf2e87a6d	ප්‍රතිලෝමව සමානුපාතිකව
faf309df01	ගලවාගෙන ගොස් තිබෙනවා
faf456cca3	දෙවැන්න නම් ජාතික ආර්ථිකයක් වෙත ගමන් කිරීමයි.
faf46ee894	මේ ආකාරයට මුලින්ම
faf4adda96	ගුරුවරු කීපදෙනකුයි.
faf5731249	සෑම්යාගෙ නඩු ඈසිම මෙකට ආදල නෑත්ද්?
faf5f82c7a	අඟහරු කක්ෂයේ ගමන් කරමින් තිබෙන
faf5f8804b	වෙන්න දෙන්න ඕනද?
faf60d1924	එයින් අතිශයෙන්ම සතුටට පත්
faf679e519	කොයි මොහොතේ කඩා වැටේද
faf68c7d6e	ෆෝන් එකට එන සිග්නල් වත්
faf69ad07b	හමුදා පොලිසිය විසින් පරීක්ෂණ කටයුතු අරඹා ඇති බවයි.
faf7158cff	මොකද අද වනවිට
faf73772ed	කෝසල පටුමග ලෙස හඳුන්වා ඇත
faf74a0d4c	සිංහලෙන් ධර්මය ඉගෙනීමේදී
faf77e8264	මිනිසාට සසර දුකෙන් මිදීමට හැකිවන්නේ
faf7c76caf	දෑත් ශක්තිමත් කරන්න ගියාද?
faf7cc8443	wormnet
faf8218b61	උයපු කෙනාට සහ අනිත් අයට අඟවන්නලු
faf95a96f3	ජන කවියා මෙසේ ගෙනහැර දක්වයි.
fafaa69679	අද අපි මේ කරන දෙයින්
fafb1a17bf	මහේස්ත්‍රාත්වරයා විසින් ප්‍රශ්නකොට ඇත්තේ
fafba0ebdb	අවුරුදු දෙකකින් ගෙවලා නැහැ.
fafbc930a8	cool stuff to post on facebook
fafbcd596b	simbu
fafc0f53b3	වත්පිළිවෙත් වලට, මෙවර
fafc2d74fc	ටොම් ගේ මව.
fafc43766f	අපේ ඉතිහාසය උනත්
fafc866c19	තව තවත් වර්ධනය වේවායි
fafcb6f3d2	ගවයා නොමැති ගොවිතැනක් ගැන ඉන්දියානුවා දන්නේ නැත.
fafcedfd0f	නමෙන්ම තේරෙනවා ඇතිනේ
fafd3d4abe	රූප කෙටීම සිදු විය.
fafd4a40c2	සමතුලිත මනෝභාවය විසින් පිරිනමන ලද
fafd63c677	දවස පහන් කරලා
fafd770552	අපේ හින්දි රසිකයෝ ටික හොයාගෙන ආවා.
fafe355af0	හරකුනේ සිංහල කම වෙනයි බුද්ධාගම වෙනයි.
fafe488b7b	අමතක වුනානෙ
fafe9632d4	විතමෝහිය
fafef4a084	එබැවින් හදිසි ඇමතුමක් ලබාදීමට
fafef56d5d	මට නම් ඔවුන් ටික පේන්න බැහැ
faff8e0e12	එය වටා බයිසිකල් ධාවනය
faffa30803	නමුත් ඒ මතකය
faffb3f88d	සබ් එක්ක ඔන්න ආපහු බලනවා.
