fb0010a39f	තුම්මුල්ලෙ අපේ බොදු බල සේනා මූලස්තානෙ පැත්තෙ
fb002767c8	එක් අරගලකරුවකු සඳහන් කළ දෙය
fb0060c173	සිංහ වෙළෙඳ ව්‍යාපාරවලින්
fb00dc6477	බුදු බව ලැබීමෙන් අනතුරුව
fb00fedc79	අසාධ්‍ය රෝගීන්ගේ ඥාතීන්
fb0169a059	මානව හිමිකම් ක්‍රියාධරයන්
fb0184a51e	යන්ඩත් බය හිතෙනවා දැන් බලපුවම.
fb019d97f4	මානසික රෝගීන් කියල මම කියන්නේ නෑ.
fb02507d98	ඔයාට තිබුණානේ මේ ආරක්‍ෂක කමිටුවට හරි
fb02996ac1	කියවන්න ලෑස්ති වෙන්නෙ
fb02b30a08	සුගතියට යන්න තිබෙන අවස්ථාව තමයි
fb02e6ee26	කටපියාගෙන ඉන්න එවුන් අපේ රටේ ඉන්නේ.
fb02e724a0	භාෂාවන් ද උගන්වා ඇත.
fb0310f670	එය අපගේ සසර ගමන
fb031d2f89	බුදුදහමට ද උදාවන්නේ ශෝකී ඉරණමකි.
fb03453df1	එහෙත් ඊට සාපේක්ශව
fb035ff6db	නව රැකියා අවස්‌ථා උදාකර ගනී.
fb03cb40f7	තියෙන්නෙ කියල.
fb03e10d6b	නුවණැත්තන්ගේ එක් පැතුමකි.
fb03f53261	මැරීඩ් කපල් වලට ලව් එක
fb04118872	ඔය කොයිකත්
fb04471fa9	අර්ඝණය කෙරිණ
fb04644585	සිංග්ලංකා එකට කපුගේ කිව්වෙ නෑනෙ.
fb0529a755	එය පුරාවස්තුවක් ලෙස නම් කළ හැකියි
fb05a17e28	ඒකෙ තියෙන ජාති ඔක්කොම වගේ හෙව්වත්
fb05c9e636	විහාර හා ඒ පිළිබඳ ජනප්‍රවාද හමුවෙයි.
fb06494509	බිව්වට පස්සේ
fb06976b39	මෙය මිනිස් අම්මාගේ චිත්තාභ්‍යන්තරයෙහි
fb06fbc651	රට ගිය කාන්තාවගේ
fb0716f9af	poson poya
fb07ba4366	නමුත් දැන් කියනවා
fb07d90ef7	කයෙන් වචනයෙන්
fb080dc499	එවැනි මත ඉවසන්නට
fb088c19b1	එවිට පාරී දම් පිරූ බවට සාක්ෂි කවරේදැයි
fb08bdb07c	පළමුවෙන්ම මේ සිත ජය අරගෙන
fb09226b99	සිංහලකම කියලා දෙන්න
fb09f407c8	ගින්නක්‌ නැතිව දුමක්‌ නගින්නේ නැත
fb0a7d8e08	මම කියන්නම් අද කතාව ගැන
fb0ae60d4a	ඓතිහාසික කථා තේමා සහිත
fb0b42bd55	අමල් පෙරේරා මේකට සම්බන්ධ
fb0b76260d	කතුවරයා මෙසේ දක්වා ඇත.
fb0bf0f22c	එම් ශක්තිවේල් පියතුමා පවසන්නේ
fb0c2235ba	අඩි පහක්හයක් විතර ඈතින් පිරිමි ළමයින් කට්ටිය වට වෙලා හිටියෙ
fb0c8df0ca	වෙන වෙනම විමර්ශනයට ලක් කිරීම
fb0cac5338	ඒ බඩු කොතරම් බාල තත්ත්වයට පත්වී ඇති බවයි.
fb0d4b51bc	රටේ යුක්තියක් සාධාරණයක් කියලා එකක් තියෙනවාද.
fb0ebdade7	ඉමහත් ප්‍රයත්නයක යෙදෙයි.
fb0ebf4c03	මෙතැන තියෙන්නේ හේතූන් නිසා හටගන්නා යමක් ඇද්ද
fb0ec7419d	එත් ඔහුට ඒ ගෞරවය දෙන්න තරම් කෘතවේදී වුණේ නැහැ
fb0fb31a51	මහාවංශ කර්තෘගේ ලැගුම් ගෙය වූයේ
fb0fcb8b72	බුදුරදුන් ඉතා යහපත් ලෙස කළ, කීදේ,
fb0fef5031	බෝධියට උපස්ථාන කිරීම හේතුකොට ගෙන
fb0ff5cbe1	රාජකාරිවල නිරතව සිටි තරුණ පිරිස
fb100286a0	එය සාමාන්‍යයෙන් අන් අය
fb10cd6a01	අනර්කලී ආකර්ශා ඕෂධි හේවාමද්දුම හා මම
fb110b6c8e	මී කඩන්නට ගොස් මුහුණ දුන්
fb110c1715	අජිත් කුමාර බියගම ප්‍රාදේශීය සභාවේ මන්ත්‍රීවරයෙකි
fb110eaf9f	බුදුරජාණන් වහන්සේගෙ රූප සම්පත් ගුණ සම්පත් ඥාන සම්පත්
fb116437b3	මට වැඩි දුර යන්න බැරි වුණා.
fb116ba9f2	ඒත් කේන්දරය බලා
fb1217433a	සති අන්තය ගතකරන බව.
fb123d71ba	මෙම තරගාවලියට සහභාගිවන අනෙකුත් සියලු රටවල ධජ රැගෙන එන අතර ඒ ඒ රටවල්වලට අදාල ගීත ද ප්‍රචාරය කෙරුණි.
fb138656bf	ඇතිකර ගැනීම ප්‍රතිඵලදායක වන්නේමය.
fb139a0f00	පෙන්වන්නේ නැත්තේ ඇයි?
fb13d081d1	ඉතින් මස් මාළු නැතුව කන්න
fb13d21b10	හමුවී ඇත
fb1530d377	සැලසුම් සහකාර
fb15509d24	ලැබෙන රැකවරණය වැඩියි කිව්වොත්?
fb15859349	තව වැඩිදියුණු විය යුතුව ඇත්තේ මොනවාද?
fb15a9bbee	එහෙත් ඒ ඉලක්කම් වලින්
fb15b58bf7	පුළුවන් කෙනෙක් හොයනවා.
fb1639894b	එක ඇඟිල්ලක් උස්සපු එක්කෙනා
fb174fc41c	ඔයාලම බාගෙන බලන්නකෝ
fb18edfbb6	ඇති කොමෙන්ට් එකක්.
fb18f44609	මුලින්ම මම කියන්නේ රැකියාව ගැන ආසාවක් තියෙන්න ඕන.
fb1a0cfcd3	නිවැසියන්ට පැය ක කාලයක් ලබාදී තිබේ
fb1a1b6134	අපි ගඟ පහළට වෙලා ගත කළා.
fb1a85b752	ක්‍රියා කරන ධර්ම පනස් දෙකක් ඇත
fb1b07b23b	දැනගන්න පුලුවන් වෙනවා.
fb1bc820e5	ඇය අප සමග පවසා සිටියේ මෙවැන්නක්
fb1bd76315	ඉතින් ජූන් එයාගෙ අම්මා ගැන හිතලා
fb1c0e58f2	ඉතින් අර අඬපු හුනාගේ ගිරියෙන් අල්ලලා
fb1c8d4986	මහින්ද හිමියන්ගේ දේශාභිමානී හා ජාතිකාභිමානී කවි
fb1ccba2d5	ගෙදරින් ආවා
fb1d74adbd	විදර්ශනාවට නැඹුරුවෙලා
fb1e9fbc5f	මෙරට වාසි ප්‍රධාන ආගම් දෙක
fb1f069ec5	ඒ කියන්නේ වෙනස් නිසා
fb1f3019c6	අනෙක් නිළියගෙන් ලැබුණු සහයෝගයත් එකතු වුණාම
fb1f5f97f0	topjob
fb1fc18c1a	මෙම රටවල ජිවත් වනු ඇතැයි ගණන් බලා ඇත
fb20567774	මෙන්න අමුත්තෙක් ඇවිත්
fb20ad97c6	යමෙක් ඔබට හඳ පෙන්වන්නේ නම්
fb20ba307f	බුද්ධ මාතාවක් වීමේ වාසනාව ලද ඇයම
fb210e4a9a	පළමුව මා නගන ලද තර්ක වලට
fb2117d3f5	අධ්‍යාපන අමාත්‍යාංශය සිසුන් දැනුම්වත් කිරීම සඳහා
fb21411f03	මේ අනුව පරිත්‍යාගයන් හෙවත් දානයන් අතුරින්
fb21a57b88	ඒක ලෝකයේ
fb21f0e777	මෙහෙම කොරපල්ලා කියලා
fb229ead02	මේ කරුණු වලින් පැහැදිලි වෙයි.
fb22ffe975	බටහිර බලවතුන්ගේ ඒකාධිපති බල අධිකාරියක් බව පවසමින්
fb231015ec	ඒවායින් ආදායම් ලැබෙයි.
fb2326a901	හරවාගත්තේ ආයාසයෙනි
fb2347ad55	සිදුවන දේ මම කියන්නේ නැහැ
fb235ca8c3	බාප්පා ද තමා දත් සියල්ල
fb237f527b	පද්ධතියට දේශපාලන බලපෑමෙන් නිදහස්.
fb23b55d40	ඔය ප්‍රවෘත්තිය දැම්මේ
fb243d897e	මඟුල් කන්න හදනවා නම්
fb24d9aa34	අනික් උන්ට වඩා
fb24eacb94	අපේ ගමේ සිට තම්මැන්නාඅනුරාධපුරු මහාමාර්ගය දක්වා
fb2524d31d	රචනා කළ බව පෙනී යයි.
fb260a86bd	අනෙත් කාරණය තමයි
fb27650252	අනවශ්‍ය දෙයක් ගැන නම් කතා කරන්නේ
fb27b5cc9f	එළකිරි වැඩක් යාලුවා
fb27bc5f32	පවුල් ජීවිතයක් ගතකිරීම
fb27f8a4c7	තොප්පිය ගලවන්න කියන්නේ
fb281453af	අම්මප සහන් කට ඇරහංකො
fb28330cc2	zigo
fb28fd3e8d	ඉතින් උඹ වගේ එකෙකුට නවීන විද්‍යාවෙයි
fb293e5452	දෙමල ජනතාවගේ අරගලයට සහයෝගය දැක්වීම.
fb2a1d3e66	පිටත් කර ඇතැයි හෙළි වී ඇත.
fb2ab8c50d	එය සර්වකාලීන වූවක් නිසාම
fb2b9dd47c	අද අක්කර
fb2bc75dbd	තමාට තමාවත් නැතිව
fb2c11bb6d	දරුවා පාසලට ගන්නා බව
fb2c598bd6	එතැනින් අම්පාරේ ඩිපෝවට මාරුවක් හදාගෙන ගියා
fb2cc6cb62	මැරෙන්න හදන කොට බේරුවා.
fb2cd32ce8	අඳින ලද වෘතයේ අවසානය එතනය.
fb2d5163c8	අර අශ්ව වෙළඳාම් කරන
fb2d6389dc	පුරාවිද්‍යාත්මක සාක්ෂිවලින් වගේම
fb2d99a14d	එහෙම වෙනස් වුනොත්
fb2dc2060e	දෙතුන් දෙනෙක් හිටියනං එහෙම
fb2dea4619	පිරිමියා ප්‍රබලයා සහ කාන්තාව දුබලයා වේ.
fb2ed41394	ඉන්දියා ටුඩේ වෙබ් අඩවිය කියයි
fb2f010da7	මුස්නක හෝ වටිනාකමට සරිලන මුදලක්
fb2f13917b	මේ ශ්‍රාවක ජනතාවට
fb2f793a87	ප්‍රශ්න අහලා අහලා අන්තිමට ඇහුවා
fb2fa241c1	ඉහත ප්‍රකාශය සටහන් කර තිබෙයි.
fb2fd9673d	ස්ථානගතව හිටියේ
fb2ff9e036	මේ පඤ්චස්කන්ධයට ඕනෑම අවස්ථාවක
fb308bdad5	මොකද අද කොටස අවසානයේ දකින්නේ
fb30967198	එම වසරේ වස් වැසූ අතර
fb30b9f1f5	මිදුල අපගේ සම වයස් සහ කුඩා ළමුන්ගේ
fb30c380b8	බාහිර කෙනෙකුගේ මතවාදයකට ඇහුම්කන් දීලා
fb30ef6b2c	නළුවෙක්ට වඩා විජය මට සමීපයි.
fb3147f60b	පටු ආගම්වාදයට විරුද්ධ ලූ
fb320acced	වැඩිම අපහාස කිරීමක් වෙන්නේ
fb32453515	dog with girl
fb3271e88c	බවයි පැවසෙන්නේ.
fb32b74bf3	උණු උණුවෙම ගෙනාවනේ.
fb32c9863c	මෙරටින් ම වීම අවාසනාවකි.
fb32cfc86c	එවිට අර්ධ ගෝලාකාර හැඩැති පළිඟුවක් සේ
fb32dfd5c7	අපි කිලෝමීටරයක් පමණ දුර
fb33646960	එයත් වියට්නාම් වල රම්බෝ
fb33ff60d7	අනුරාධපුර‍යේදී කර උළු සෙවිලි කර
fb34009031	එහෙම නැතිව ආවට ගියාට
fb3475d4ea	එය දශකයට පමණක්
fb34c891c3	අරගෙන දෙනවාද?
fb34f4cc13	අහම්බෙන් වගේ ෆේස් බුකිය පැත්තෙ
fb350fc1ec	රජ පවුල්වලත් උපන්නා.
fb357afef5	බෞද්ධයන් සිහි තබා ගත යුතු කරුණකි.
fb35cd69c1	එම නිසා එක් අයකුට පමණක්
fb35e2cad3	ඒත් ඊට පස්සේ මේ දෙන්නා
fb366eba7a	යුද්ධය කියලා කියන්න පටන් ගන්න එක.
fb367a44c6	මොකද කාව රැවට්ටුවත්
fb367f36ce	ප්‍රමාණවත් නොවන බව හැගේ නම්
fb37100c5f	අභ්‍යවකාශ සෝපානයට වඩාත්ම සුදුසු ප්‍රදේශය වන්නේ
fb3714fab2	මා කළේ
fb37984215	එහෙව් වින්දන පරාසයට
fb37ae8b3e	ඔබ කන්න තව කන්න
fb37d4dc7b	මහනුවර මල්වතු මහා විහාරයේ
fb383f5507	ඔබතුමා හිරේ ඉන්දැද්දි අපට මුකුත් කරන්න බැරි වුණානේ
fb390c4f3a	සැරියුත් මහරහතන් වහන්සේ
fb391d8506	ඉඩ තියන්නෙ නැහැ
fb39245e82	මං කෑ ගැහුවා.
fb392c1968	මෙතන ප්‍රශ්නේ තියෙන්නේ අද නඩු අහල වැරදි කාරයෝ කරන එවුන්
fb393bc51a	දන්නා අය දනිති
fb39b35f87	ඒක අයින් කරන එකේ ගේම තියෙන්නේ
fb3a3cd8ce	ඔබතුමාලගේ ආණ්ඩුවෙන් කරපු මෝඩ වැඩ හින්ද නෙමෙයිද
fb3abaa0cd	තරංග ආවරණ දුර්වලතා
fb3ae9361c	ඉතිං මම ලිපියේ ඔහු ගැන කිසිත් නොකීවත්
fb3afb8fbc	එක වෙනස් කරන්න නම් අනිවාර්යයෙන් තියෙන්න ඕන
fb3b527a29	පාප මිත්‍රයන් ද සුලභව දැක ගත හැකි ය.
fb3b55d702	දඟයෝ මක්කම වෙළඳ ස්ථානයක් නොවේ
fb3c36fef4	ගෘහපති රෝගී වූයේ,
fb3c3d49ab	ඔබට මතක ඇති.
fb3c7d619c	රතුපස්වල ජල ප්‍රශ්නය ගැන
fb3cd0ee97	ඇත්තේ සිංහලයාට පමණකි.
fb3d022524	සැප විඳින බව ඇත්තයි.
fb3d774da4	අනෙකුත් පක්ෂ රැස්වීමක් සංවිධානය කරන්න
fb3d8c36dd	යන ගමන් පොඩි අදහසකුත් ඔය පහළින් දාගෙන යන්න.
fb3e1b8ab1	ධර්මයේ හැසිරෙනවා නම් එයාටත් හිනහා වෙනවා.
fb3ea0688b	ඔය සිද්ධිය වුණා.
fb3ef87a4a	ලිස්සන්න ගන්නව ගඳගහනව
fb3f6fe8b5	coffee cake recipe
fb3f70ff2c	අවතාරයක් වී අදටත් පාරේ
fb3f8d3cda	ඒක පිළිගන්න පුළුවන්.
fb3fde7a59	උන්වහන්සේගේ ශරීරයට හොඳින් සාත්තු සප්පායම්
fb3fed2b8a	අනෙක් ඒවත් පරිවර්තනය කරනව කියල හිතුන.
fb40130d45	ඒත් මෙතනට එන යන හැමෝටම
fb4025fbea	මහනුවර යුගයේ සාම්ප්‍රදායික සිංහල භාෂා අධ්‍යයන ග්‍රන්ථ මාලාවේ
fb40a623aa	අන්තිමේදී නන්ද කුමාරයා පාත්‍රයත් අරගෙන
fb40faaff8	ඔබව නොමඟ යැවූ අය
fb4172bd1b	හැමෝම මේක බාගනබලන්න කියලා ඉල්ලනවා
fb41845352	එය වදනින් වදන සීරුවෙන් අමුණමින්
fb41ed382c	ධර්මයෙන් පෝෂිත කළ යුතු වෙයි
fb4305c518	මුළු ලේකෙටම පෙන්නන්ඩ
fb4347a8c5	අදාල නැති කමෙන්ට් ගොඩක් තියෙන එකේ
fb43a986cb	යන්නට වඩා එහි ප්‍රභේද කුමන ස්වරූපයක් ගන්නේ ද?
fb43d9cb17	පුබුදන්න සිනහවෙන් දුක පිරුණු ජීවිතය
fb441dec3f	ඔය කියන සිද්දි දෙක
fb442479fd	එනම් ලෝභ, දෝස, මෝහ
fb44cc682d	මුහුදු තීරයේ ඇති සංචාරක නිකේතන හෝටල් කිමිදුම් ස්ථාන කඩ සාප්පු බොහොමයක් ගල්මල් උයන් ආශ්‍රීතව පිහිටුවා ඇත.
fb451804ac	දියුණු කරගැනීමේ අදහසින්
fb45469c0a	එයට හේතුව දියර කිරි වෙළඳපළක්
fb4574f745	රාජසිංහ රජතුමාගේ ජන්ම පත්‍රය සකසා
fb45980cac	ඒත් ඉතින් කලින් වෙච්ච පොරොන්දු
fb45a7bcf6	උන් කියන්නේ අපේ රටේ මානව හිමිකම් නැති කරන්න කියල
fb46a34d16	අනෙක් කවිවලට වඩා මෙහි
fb46afcb05	ඇද හැළෙන්නට පටන් ගත්තා
fb46c64c29	women
fb47147662	පිටකොටුවට ගියත්
fb47496b4f	ඒවා බලන්න බැරි අය මේක බලන්න එපා.
fb4761bd58	එසේ කටයුතු කළහොත්
fb476243a9	සැලසුම් සහකාර
fb476dc81b	අනතුරට පත් ස්ථානය පාමුල පිහිටි
fb4877cd36	නංගිටත් පොඩ්ඩක් තල්ලුවක් දෙන්න
fb48a37170	මෙලෙස දැක්වෙන්නේ
fb492c661b	එම දානයේදී පූජා කිරීමට සූදානම් කළා
fb499a51d2	දැන් ඒ දරුවාව අධිකරණයෙන් නිදොස්‌ කොට
fb49dd4967	මෙසේ ධර්මය පිළිපැදීම තුළින්
fb4a2cd1b1	සිරිපා කරුනා කවි ආයි මතක් කොර ගත්තා
fb4a65117c	උපසිරැසි දීපු එක වටිනවා.
fb4ac7e924	ඒව තහනම් කරල තියෙන්නෙ
fb4add4c0d	ඉක්මනටම තවත් ලස්සන ෆිල්ම් එකකට දෙන්ඩ හොදේ
fb4ae137a2	virtual office sri lanka
fb4af05e96	හදවතින්ම ප්‍රාර්ථනයකුත් කරනවා
fb4b1c30ea	මතක් උනේ.
fb4b412181	සටන් ජවනිකාවක් නම් වරදින්නේ නැහැ මේක්.
fb4b70c604	අඩු පාඩු තිබ්බත් මොකෝ බන්
fb4c2dd259	කාන්තාව මායාකාරී බව
fb4cdadfff	සිංහ වෙළෙඳාම් ආදියෙන්
fb4d3dd444	වැදි නැටුම් නැටීමටද සිදුවීම
fb4d827122	ඉතින් උඹ වගේ එකෙකුට නවීන විද්‍යාවෙයි
fb4dc612ea	කෙමෙන් කෙමෙන් ගෙවිලා යන එකක්.
fb4e8aff07	මහවැලියේ ඉංජිනේරුවො
fb4eba3bf9	බුද්ධාගම නැතිවෙයි.
fb4ebdadc4	තේරුම් ගන්ටවත් මොලයක් නැත්ද?
fb4f10f836	ගමන් බිමන් යන්නෙත්
fb4f30e22d	වඩාත් පෑහෙන බව සඳහන් කළ හැකියි
fb4f721ffd	පේ්‍රතයන් වී උපදින අය
fb4f7356f7	සතු කරගෙන සිටියහ.
fb4fcbd25d	හැසිරවීමට නොහැකියි
fb4fccfdd5	අවසානයේ අපි දුටුවේ
fb50577bf2	අත්ථී සුඛ, භෝග සුඛ, අණන සුඛ,
fb50cd7893	මගේ විනිශ්චය දීමටද නොවේ
fb50f738e7	එහෙම පාලකයින්ගේ
fb51b2ff93	කෝච්චියේදී මේ තුන් දෙනාට යාළුවෙක් හම්බෙනවා.
fb51ba6a95	හැබැයි ඉතින් උබලගේ එවුන්ට තරම්
fb51eef304	බුද්ධ ජයන්ති පරිවර්ථනය සොයාගෙන කියවිය හැකිනම්
fb520a9243	ඉතින් මෙතනදී අපි පොඩ්ඩක් පරිස්සම් වෙන්න වෙයි
fb52f1941f	අර මොකක්ද එකේ දාලවත්
fb52fe8e5b	චුති සිත සඳහා
fb53337928	මුල්ම කොටසින්ම ප්‍රේක්ෂකයගේ හිතේ ප්‍රශ්ණ කෝටියක් විතර ඇති කරන කථාවක්.
fb533570db	මොනවා උනත්
fb53b365a6	මොන රෙද්ද දැම්මත්
fb53ce9e75	අපි හොඳට මතක තියාගන්න ඕන
fb53dc5542	ගැරඬි කියන්නෙ
fb55649a08	මොකද මින් පෙර කීප වතාවේ එහෙම කියා තිබෙනවා.
fb55fe8cc5	විශ්මිත නර්තන හැකියාවක් ඇති
fb56166ae1	tharu piri ahasa
fb565b74c6	ස්තුතියි සිසිත සහෝ
fb568f23ae	අපි විශ්වාස කරනවා.
fb56f8616d	අනියත හැඟීමක් මා තුළ ඇති විය.
fb579147c3	මෙම කාන්තාව මෙතැන් පටන් රාණි ලෙස අපි හඳුන්වමු.
fb57aaae53	යුගල වශයෙන් දක්නට ලැබේ.
fb57adea7c	පොළොවෙහි උපන් හෝ අහසෙහි උපන් හෝ අමනුෂ්‍ය කෙනෙක්
fb57e85549	එය සිදුවූයේ
fb589c2bb4	මේ වැඩ කොටස නිසියාකාරව කරගෙන යනවා
fb5913de45	කෝන් තියල ඒ ඒ පන්දුව යවල
fb595ae579	උගුල් අටවන හොර මැරකම් කරන.
fb595c2c3b	සමස්ත සෝවියට් දේශයේම ඉන්න
fb5acc0006	ඒත් එය වැසෙන පරිදි
fb5b213158	මුල්ම තීරයට පටන් ගන්න මංගල දැන්වීම් තියෙන්න ඕනනේ.
fb5b2b1a15	බටහිර විද්‍යාඥයො මොක්කුද?
fb5b54f6e6	දොස්තර එහෙම කියලා හිස වැනුවා.
fb5b77c99b	මහා දර්ශනයක් ලොවට දේශනා කරන ලදි
fb5c771b86	mayawarunge lokaya facebook
fb5c8c871d	එම ශ්‍රී සර්වඥ ධාතුන් වහන්සේ
fb5c9d36a0	මේකේ රූපගත කරලා තියනවා.
fb5ce557de	අපි මේ දේ ප්‍රචාරය කරමු.
fb5cff16ce	ඊට හේතුවයි.
fb5d1ac25c	එය එක්තරා විදිහක ග්‍රස්තියක් බවට පත් වෙමින් තිබෙනවා.
fb5d2ea578	පතන්නේ මුලු හදවතින්මයි
fb5db10c44	සැලොන් කරන්න බැහැ.
fb5dd44116	සැකය ඇතිවෙන්න ඇතිවෙන්න
fb5dfe678f	තොපේ ගේත් ගිනි තියනව කියලා
fb5e5094c5	බේරා ගැනීමට උත්සුක වූ උන්වහන්සේට
fb5f47554c	කියලා කිව්වා.
fb5f9b5ea9	පසුපසට ගැනීම යුක්ති සහගතය.
fb5fe93950	හීන දැක්කෙ පාන් කන්න නෙමෙයි.
fb5ff9b5b7	කියවන්න පෙර ඒවා කියවලා
fb60112900	එකට යන්නෙ නෑ වගේද මංදා.
fb6022c77a	ඒකත් මුහුද පැත්තටම සීමා වෙච්චි
fb6058ad8e	යුද්ද කරන්නට වන්නේ
fb606c25ed	එම පරිසරය තුළ
fb6098bfdd	සෑම විටම පින් කිරීමට මහන්සි වෙන්න.
fb60f8fd69	එයාට වුවමනා කළේ.
fb62c41261	මෙහෙම කොරපල්ලා කියලා
fb62f51687	ඉතිං ඒ අය මෙහෙම ස්තුතිය පළ කරන එක වරදක් නෑ
fb63270872	මොකද අමාත්‍යංශ දෙකක් අතර කටයුත්තකට තමයි
fb636e6147	දේශපාලන ආර්ථික ක්‍ෂේත්‍රයන්ට
fb639371fe	ඔයා ලංකාවෙන් පිටතට ගියාට පස්සෙ
fb6415fb7f	අව් රශිමිය දැඩි දහවල් කාලයේ
fb64194ff8	ඔතනින් යන එන කාටත් ඕක කැපිලා පෙනෙනවා.
fb64506e36	කොටමින් සිටියේ ය.
fb64d5b2da	අපට තිබෙන සැබෑම ආරක්ෂාව තමයි
fb64e425d0	තෙරුවන් සරණ ගිය තැනැත්තියට යි.
fb6531f229	විග්‍රහ කරන්න පුලුවන් කෙනෙක් ඉන්නවද?
fb66c9a581	එයින් කියන්නේ අනවශ්‍ය දේ
fb66e1100d	ඉහත නම් වලින් හඳුන්වන ලදී.
fb66e4a707	හොඳ වෙලාවට නේද මම මේ වගේ
fb66fb4bb7	ඒක වැරදියි.
fb67250a1f	අඩිඅඟුල් ක් උස දීපිකා
fb67574e97	එහි තැන්පත් කර තිබේ.
fb67bcdc20	මනා වූ අන්තර් සම්බන්ධයක් ඇත.
fb68139a3b	එහි සඳුන් දැවයෙන් රනින් නිමවූ බුද්ධ ප්‍රතිමා
fb694f0fb1	ඔබට ගමන් කල හැකියි.
fb69657efb	ඇද වී තිබූ කොඩි කණුව යළි සිටුවීමට පිරිසක් උත්සාහ කරද්දී එය කඩා වැටී තිබේ.
fb698f8690	kaspersky 2013 updated
fb69d27fef	එම සී සෑමේ අග්‍රඵලය
fb6a3b35d6	රජතුමා අපේක්‍ෂා කළ බවය.
fb6b54193f	කුණු බක්‌කියකින් කෑම සොයන
fb6b6d97a6	ඒකෙන්ම පේනවනේ
fb6b728a50	එබඳු පර්යේෂණයන්
fb6bf149b3	අපි සිතන්න ඕන ඔය විදිහටමයි.
fb6cf675fe	අසුන්ගත් ස්ථානයක් ලෙස සඳහන් ස්ථානයට
fb6d9ad1fb	ශ්‍රාවකයන් වහන්සේ කවුද?
fb6e16a154	සබ් දෙයි කියලා හීනෙකින්වත් හිතුවේ නෑ
fb6e179ac0	දෝෂ සහිතය.
fb6e46c657	සැක කරන කැරලිි ගසන දේශපේ්‍රමිහූ
fb6f233633	ඇය දෙදෙනා සමඟම පේ්‍රම සම්බන්ධතාවක් පැවැත්වීම
fb6fd374fd	අනික ඒ කාලෙ ජීවත්වුන පින්වත් ජනතාවට
fb7038417e	එය සිහිපත් කිරීම් වස්
fb70604fd0	එදා පුංචිකාලේ වුව ද
fb70657bcf	ඒත් ඒවායෙන් ප්‍රශ්නය
fb70a27047	මුහණ කට සෝදා යලි ඔහු භාවනාවට අවතීර්ණ උණා.
fb70dee6f0	ඔහු නිර්දෝෂි කියලා කියන්න
fb7346343a	ඉන්ටනෙට් යන්නෙ නැතිව ඒ සල්ලි ඉතුරු කර ගත්ත
fb736177ea	බුද්ධ වර්ෂය පිළිබඳව
fb7434697c	ඉතින් මනුෂ්‍ය ජීවිතයක් ලැබීමත් එච්චර දුර්ලභ එකේ
fb74509c10	මුහුණ දෙන්නට බෞද්ධයින්ට හෝ කිතුනුවන්ට
fb746eb818	ගොවි බිම් අනතුරේ
fb74797db1	ඇවිත් තියෙන්නෙ ඉන්දියවෙන්.
fb748fe8b9	මල්වලට පැන් ඉස්සේ
fb74f629cb	ඇයගේ පිළිතුර ඉතා අපූරුය
fb74f87908	දැන් පාදිලි උන්නාන්සේලා
fb75438b50	ඇය ඒ නගරෙ තිබුන රූප සුන්දරී තරගයකින් ජයගන්නවා.
fb758e829a	මම නං හොඳටම දන්නවා
fb759b5518	කලාකරුවන්ට දුප්පත් වෙලා ඉන්න වෙනව හැමදාම.
fb76222851	රජතුමා තවත් බයවුනා
fb769c0e62	ඔලුව බෙර ගන්න ලැබේවා කියා පතනවා.
fb76a1bb26	නුවන නැති වී දහම් රසයද යොදා
fb76f4169e	ගිණුම්ගතභාවයකින් යුතුව කටයුතු කරනවා
fb783bc3e8	අපේ පරම්පරාවේ රසඥතාවය
fb78981b12	ඒ මහතා කියා සිටියේය
fb795b22a0	දකුණු අප්‍රිකාව ඔහොමවත් දුවන්නේ
fb79748939	කියල මම කිව්වා නේ.
fb79c8c621	මහත්තයෙක්‌ අපිට වාඩිවෙන්න කිව්වා.
fb79e53b78	පාලකයන් අතර සමඟිය රැක ගැනීමට
fb7af88b5b	අනික මම කැමතිම විෂයක් ගැන තමා
fb7b5995ca	අනෙත් කාරණය තමයි
fb7b7cfd14	ඉංග්‍රීසිය වැරදුනොත් හිනාවෙනවා
fb7b9142c2	ඊට අමතරව ඒ ගැටුම් තුළ
fb7b9aa146	ඒ බව මනා සේ පෙනේ.
fb7c27384f	මා බේරුණා කියා හිතුණා.
fb7c2fd5dd	යළිදු පණ ලබමින් පවතින
fb7c467c3b	එය රුපියල් ලක්‍ෂ හය දක්‌වා අඩු කරගෙන
fb7cc6e2bf	අවසරයි ! කෙන්ජි මාමෙ
fb7d4ed8fe	එදා ඉන්දියාවේ බෞද්ධ අධ්‍යාපනය
fb7d7223c0	එපා වෙලා හිටියෙ.
fb7da4e036	කිසිදු හිංසනයක් නොවිය යුතුයි
fb7dfcc6f6	ධර්මය යනු කුමක්දැ
fb7e243a7a	ඒක නීරස එක්ක වෙන්න බැහැ නෙව
fb7e5f13c6	ඇත්තටම මේ ලිපිය නෙතගැටුණාහම හිත සතුටින් පිරුණා
fb7e9b4084	ඒත් මේ ඉන්නේ
fb7eca162b	රට පුරා පෙර පාසල් දරුවන් විවිධාකාරයේ නිර්දේශයන්
fb7fad86be	චිත්තභාවනාවක් වශයෙන් සමථ භාවනාව ද
fb7fdd34ef	ඇස් නොපෙනෙන කෙනාටත්
fb80260590	ඒ පිස්තෝලයක් නිසා වෙන දෙයක් සම්බන්ධව.
fb8065e9a0	මල් වට්ටිවල තැන්පත් කර ගත යුතුය.
fb80d6d28a	බුද්ධත්වය ලැබීමෙන් පසු
fb8125c1d5	ඔයා ඉස්කෝලෙ යනවා
fb81841805	දඬුවම් උපරිමයෙන් ක්‍රියාත්මක වන රටවල
fb820c58ee	පුහුණුවක් ලැබේ.
fb8232550b	එවැනි අයට නීති සහන ක්‍රමයක්
fb828cd1d7	ඉදිරිපත් වෙන්නේ නැත්තේ?
fb82d8fe6a	sim recovery pro software download
fb82ebb582	ඔය වගේ අයව
fb82fa84f2	එක් කෘතියක් වූයේ ධම්මපදයයි.
fb831385cc	අන්තිමට එයාලත් ගමේ අය
fb8324b8ba	එයින් ඔහුට තේරුම් යනවා
fb832cd893	මේ කටයුතු සාර්ථක කර ගැනීම පිණිස
fb834798b0	විසඳුම් ලැබි නැතත්
fb834cacde	බලපෑම එතරම්ම ප්‍රබලයි
fb8352f04d	ඉසිදත්ත කියලා කෙනෙක් හිටියා.
fb837e324a	නාලන්ද එල්ලාවල මන්ත්‍රීවරයාට හදිසි ප්‍රතිකාර ලබාදීම
fb8515f9e3	ප්‍රධාන රාජ්‍යාගම බවට බුදුදහම පත්විය.
fb85445565	මේ ජීවිතයේ සතුන් මරන්නේ නෑ.
fb85c263ce	ආචාර්ය වල්පොළ පියනන්ද නායක හාමුදුරුවන් වහන්සේට
fb86091516	අරන් යන්න ඇත්ද.
fb86729768	වෙන තැනක
fb8695f5cb	තහවුරු වී ඇත්තේ
fb87dfabd3	හැබැයි වැඩිය කතා නැතිව
fb87f1641a	කුරුමිණියාගේ ආහාරය වන බැවිනි.
fb88121043	උපකාර කරන්න එයාගෙ සිත නැමෙනවා.
fb8837f05f	එතකොට අනිත් දොස්තරලා බෙහෙත් දෙන්නේ නිකන්ද?
fb88dd09d8	ඇන්ටි ගේ තර්කය වුනේ මොන ක්‍රමයෙන් හෝ සියදිවි නසා ගන්නා අය ගැනයි.
fb892cc417	මොනවාද සිතීලා
fb8948592b	ගොඩක් මහන්සිවෙලා කළ නිර්මාණයක්
fb89a92215	උපතේ ආරම්භයේ සිට විපත දක්වාම
fb8a09b0a5	මෙම දේවල් නුවනින් දැක තිබෙනවා
fb8a8bda9f	එය සංයුක්ත සිලින්ඩරාකාර හැඩය ගන්නා
fb8ae551e8	අල්ලා ‍දෙවියන් ශක්ති‍යෙන්
fb8be48bfb	පසුබිමෙන් ඇසෙන ෂෙල් හඬත්
fb8c0a212d	අපි සිල් පදත් සමාදන් වෙයි.
fb8c141ad8	හොඳ විදිහකට වැඩේ පටන් ගමු.
fb8c2007e8	මේ ගුණ ධර්ම යනු කුමක්ද
fb8c377506	අපි හැම දෙනාට පොදු වෙච්ච යමක් තියෙනවා
fb8c96d916	ඔබ වහන්සේලා මේ විදියට
fb8d2b5ed8	ඒ සඳහා දක්ෂ වන්නේද
fb8d42055c	නමකුත් පට බැන්දා
fb8dce280a	දායක වන්නේ ඉතා අල්ප වශයෙනි
fb8e1a0576	ඔබට නිකමටවත් හිතුනාද
fb8e88b16c	daily mirror
fb8eb813fe	අපේ මට්ටමට වඩා ඉහල මට්ටමක
fb8ee0a3bf	කොමෙන්ටුවක් දැම්මා.
fb8fa53f18	බොදු බලු සෙට් එකයි
fb8fd6727a	ඔව් බොදු බල සේනාව සමඟයි
fb8fd83b81	ඉන්දියාවේ අගනුවර
fb8fd8a89d	ඉස්සෙල්ලම රැස්වීම දෙසට වෙඩි තිබ්බේ.
fb8ff2abf2	මරණයෙන් ද
fb903a79b3	අවාසනාවට මාතර ආතරයෙක්
fb904ae9e0	දහම්පාසලේ ඉඳන් අකුරු කරන දර්ශයන
fb9073386d	නමුත් මේ වගේ මෝඩ කම් වලට
fb90ac586d	ඉතුරු ඇත්තේ හදිසි අවස්ථාවලදී
fb90dabda1	අරහත් මාර්ගයේ ගමන් කරන කෙනා
fb910613a4	ඔහු කල උපකාරයට ස්තූති කරනවා
fb9145b65f	ඉස්‌සර කවුරුවත් කියන්න ආවේ නැහැනේ.
fb914eb85d	රාජ්‍ය පාලකයෙකු ක්‍රියාත්මක කළ යුතු ආකාරයයි.
fb915f9241	එන කිසිදු චරිතයක් සුදු නැත.
fb91b74ea8	නොයෙක් කරදර හිරිහැර සිදුවිය.
fb91c1b2bc	ඵලදායක අධ්‍යාපනය යනු
fb9326bbcb	කොහෙත් කථාව ඕක තමයි.
fb938e4e4a	ගඟ හරහා යන්න පාලමක් හදලා දෙන්න
fb93a8f339	උචිත විය යුතුයි වර නැගීම.
fb93ffcdd2	මෙම ත්‍රිවිධ චෛත්‍යයන්ගෙන්
fb946c4d5b	ධර්මෙ මැරිල තියෙන්නෙ
fb947c2a7f	ඔයා කියන ඔය ටයිම් කෝඩ් දාලා
fb94e9c1cd	නිකම් ගෝරනාඩු කරනවා
fb953a8839	සාකච්ඡා මාර්ගයෙන්
fb9551c31c	ලෙන් පූජා කිරීම පිළිබඳ ලියැවුනු
fb9554d3fb	ප්‍රමුඛ වශයෙන් භාවිත කරන්නේ.
fb958be637	මෙයට එක් හේතුවක් ලෙස සැලකේ
fb95c05c30	ඇයි කෝක් ගන්න සල්ලි තියේයැ?
fb9658e0ec	බෝම්බ නිෂ්පාදනය කොට තුන්වෙනි ලෝකයට විකුනා
fb967b4485	මම නම් පළවෙනි පාරම උනේ
fb96c4553e	පොරොන්දුවත් එක්ක
fb9726e253	වර්ධනය වේ.
fb97704719	සිතීම හා දේශනා කළ යුතු දේ
fb98442d25	භාවනාවට යොමුවන පුද්ගලයා
fb985b4599	අපේ කිරි ගොවියා රැක ගතයුතුයි
fb989ef8e0	මේ කාරණය සඳහා නැවුම් බඳුනක් සොයාගත් අතර
fb99202150	ඉතා නොසැලිකිල්ලකින්
fb9a0b288d	සත්ත්ව පාලන කටයුතු
fb9a39895a	උඹ හිතන්නෙ සිංහල කියල ඕන කැනහිලෙකුට කියන්න පුළුවන් කියලද?
fb9a7ee1ba	සිතින් මවා ගන්නා ලද
fb9ad804c0	අවංකකමත් සත්‍යයත් දිළිසෙන්න වුනා
fb9b4a25c3	ඔබේ සිත තුළ විශ්වාසය හා මායා රෝගී
fb9b8ae540	ඔය දුර්වල මනසවල් තියෙන මිස්සුන්ගෙන්
fb9bf59af1	රුපියල් හාරසියයක් අය කරනවා.
fb9c56121a	අඳුරෙන් අඳුරට යාමට නොව
fb9cbdc789	අප කැමැති චිත්‍රපයටක් හැදීමේ අයිතිය .
fb9cc5db8c	එහෙම ලෙඩ්ඩු
fb9db1547a	බොහොම සුළු කාලයයි
fb9db5181a	වර්ධනය කරන්නක් බව මේ අනුව පෙනේ.
fb9dd77685	ඒත් ආදරේ විතරක්ම තිබිලා මදි.
fb9de295ee	යෞවන කටයුතු හා
fb9ec4466c	විතරක් සීමාවෙලා නැහැ.
fb9ed45ebf	අපි දානමාන දෙන්න කැමති හොඳ බෞද්ධ මිනිස්‌සු.
fb9f2996cb	නො ලියමි කතන්දර ඔබේ
fb9f3b05eb	මෙතනින් දුවලා ගිහින් කියවන්ඩ.
fb9f8362a9	ඒ මහතා සඳහන් කරයි
fb9fad4046	අද නම් පෞද්ගලික ජීවිතේ සහ රාජකාරී ජීවිතේ
fb9fd05007	රාග, ද්වේෂ මෝහ දුරලා සිහිනුවණින් යුතුව
fba0096eb7	එකී නිර්මාණ කලාකෘති ද
fba06a4172	සතුටු වෙති.
fba0955502	බෝධි පූජාවක් පැවැත්වීමට පළමු තමා පිරිසුදු විය යුතුය.
fba0dcdd3d	ත්‍රස්ථවාදය නිමා වූයේ භෞතික වශයෙන් පමණකි.
fba195833f	සැක පහළ වන්නට ඇත.
fba1a768df	තිබිය යුතුයි නේද?
fba2279a8b	අතීතයේ ගිත විතරක් නෙමෙයි
fba23122df	ආඩම්බරයක්ද උබලට?
fba298c9e3	සියල්ලන් දනුවත් කලාට.
fba2ca7534	මෙහි සදහන් කලයුතුම තවත් කාරණයක් ද ඇත
fba30834ed	ඉරණමට බලපාන දේවල්.
fba3a2b8bd	ශ්‍රී ලංකා පිල එංගලන්ත සංචාරයේ
fba3e8c30f	හිනා වෙන්නත් මිනිහ දක්ෂයි.
fba40a27a6	ගව ඝාතනය එකවර නතර කරාම
fba4497094	මළ සිරුරු මමිගත කොට
fba486c817	ආපු ගමන් සබ්ස් දාලා දෙන්නකෝ
fba549749b	එවන් ශ්‍රේෂ්ඨ පරාර්ථකාමී අරමුණක් මතය.
fba54ea24f	පාලනයින් ත්‍යාගශීලී වූවා නොවේ.
fba5dd430b	උන්වහන්සේ ධර්ම ප්‍රචාරයට පිටත්කොට
fba6e0255e	පහුගිය කොටහේ ඉදන්.
fba70e5347	තදට ඇදිලා තිබුණා.
fba73e32ea	මේ හැර සිඛවළඳ සහ සිඛවළඳ විනිස කෘති ද
fba76c0e0b	මෙම දෙපාර්තමේන්තුවේ වැඩකටයුතු සිදුවීමට නියමිතය
fba83e472b	බලන්න තමා යන්නේ.
fba863d0e3	මෙහි නිමවා ඇති දාගැබද
fba86c7ef1	ඔබත් එම තත්වයට පැමිණෙන බව
fba9734979	මෙවැනි ප්‍රතිමා ශ්‍රී ලංකාවේ කලාතුරකින් හමුවෙයි
fba9888388	මගේ පුතා හැම විටම මට කියලා තිබුණා
fba99de804	අනිත් අය පහල දැමීම නැහැදිච්ච කමක්.
fba99ea8de	දෙන්න බෑ කියල
fba9d6c882	එතකොට අල් කයිඩාව උන්
fbaa683c86	හක්ගෙඩියේ පැහැයට හැරිල නිමා වන දෙයක් නේද?
fbaaacfb58	රතු පාට වූ දත් ගැන විස්තර ඇති පොතය.
fbaaf780ce	gifts for him
fbab408157	සේවාව ගැන කියා දෙමින් ඉන්න අතරේ
fbabf7371f	කෙසේ වාද විවාද කරන්නද?
fbac087a35	ගිනි කන්දෙන් මතු වුන අළු
fbac3d4ba3	එයාගේ අම්මගේ සතුට
fbac7a4567	අනිවාර්යයෙන්ම අහනවා.
fbac7e2865	ඔබාමා කියනවලු
fbada1f816	මුල් භාගයේදී ඉරානයට විශාල වශයෙන් බලපා තිබිණි
fbae3cb4b4	ඉන්ද්‍රජාලික ආගමක් දේශනා කරන තැනක්
fbae553f9b	සුපිරි චරිතය වන යකඩ මිනිසාට පණ පොවන.
fbaec098c8	සහාය සහ කැපවීම
fbaefae1fa	චාර්මි සහ අනිත් අය
fbaeffaac9	ඉත්තෑවෙක් හරි මුගටියෙක් හරි දාල
fbaf077822	ස්වයං අනුකම්පාව නිසා
fbaf2e3d3e	ඊට සම්බන්ධ සියලුම පුද්ගලයිනුත් හෙලිකරමින් සිටී.
fbb0d72324	එයාලා හැමදාම එකම දේ කරන්නේ කියලා
fbb1063cf5	ගුවන් යානයෙන් කැඞී බිඳී විසුරුණු සුන්බුන්වලින්
fbb1562378	මෙහෙම කළේ.
fbb182ac23	හෘදයාබාධයක් වැලදීම හේතුවෙන්
fbb1f0df4f	අප්‍රබන්ශයක් එලියට එනව
fbb2079c72	එයට හේතු වූයේ
fbb21321a1	ඕන කෙනෙක්ට පුළුවන් ඕන දෙයක් බෙදන්න.
fbb2487310	නිරත වුණු අයට අමුතුශක්‌තියක්‌ ඇති වේ
fbb2866c7d	ඇතැයි ද සිතිය හැකිය.
fbb30407ad	ඊට පසුව අල වර්ග දාලා
fbb3137150	මට මතක් වෙන්නෙ
fbb3624366	පුරුදු විදිහට වැඩේ
fbb3e79c94	සුරේනි සිංහල උපසිරැසියට.
fbb4254cc7	ඔන්න එක සාධු කෙනෙක්
fbb4600191	උණුසුම් සීතල දියවැල්
fbb4961356	පැරැණිතම වංශකතාව වන දීපවංශය
fbb499e0a0	කැළණි ගං තොටින්
fbb4c0336c	ඒවගේම දිනිඳුකතා මාලාවේ
fbb58082b7	උෂ්ණත්වය හා සීතල පාලනය කරන උපකරණ
fbb5ec123d	මෙය නව අත්දැකීමක් විය.
fbb63f528b	මේ බව වඩාත් හොඳින් ප්‍රකට කිරීමට
fbb6b480b6	ගම්උදා වැඩබිමේ ඇති වූ නොසන්සුන්තාවයක් නිසා
fbb6d415af	එයට පිළිතුරු වශයෙනුයි
fbb6db5568	නිදහස තියෙනවා නමුත්
fbb76f726f	මේ ශීලය රැකීමෙහි ලා
fbb83a36ce	ජේ කියන්නේ හොඳ පුද්ගලයෙක් කියලා
fbb8a41765	සුජාතා අත්තනායකගේ සිංදු විතරයි
fbb8c28614	බුදුහාමුදුරුවෝ එදා කුරු රටට අද දිල්ලියට වැඩම කොට
fbb8f87200	කියල වැඩක් නෑ
fbb9d922d6	කියල බලන්න.
fbbb86be79	ඒකත් නැති නම්
fbbc4299ef	සංස්කෘතියට අවුලක් වුණාට
fbbc65de78	හේතුවෙන් ගෙරවීමේ ශබ්දය නිකුත්වේ.
fbbcc0982c	ජනප්‍රිය වෙන්නේ?
fbbd44ff4b	srilanka army special forces
fbbd4d3b06	ඒත් අයියා කියන නිසා
fbbdcc8223	මට පැයක් උනත් එක දිගට
fbbe77a9f0	වින්ඩෝස්වල ගුණ වනමින්
fbbea56ce7	පවුල් සෞඛ්‍ය නිළධාරිනියන්ගේ සේවය
fbbec8c8b2	bongo voice
fbbee73fd7	දැනගැනීමට අපි පුල පුලා බලා සිටිමු.
fbc0a3a187	සිතක්‌ පහළ වූ විට
fbc0e50738	බාස්මතී ඉඳල
fbc130b129	යන්න පිළිබඳව අපට අවබෝධයක් නැත.
fbc136fd19	මේ පැවැත්මට තියෙන ආශාව
fbc156d6c2	සෙල්ලම් දාස් ගානක් බලා ගතහැකි.
fbc250b36d	මට හිතෙන්නේ කකා මතු කරාපු මේ කාරණාව
fbc255022f	ඒ කියමනෙන්
fbc2a22a15	ගීතයේ මේ වෙනකොට
fbc2cae90b	මෙවැනි කාරණා හේතුවිය හැකිය.
fbc2dc2903	බොහෝ පින්කර ගන්නා උදවිය
fbc32bb163	අභයරාජ නම් රජවරයකු විසිනි.
fbc33532c9	ඒක ඉතින් පැයක් හමාරක් ඇදිල ගියත්
fbc41784bc	රාජ අශ්වයා පිට සිටිද්දීත්
fbc42653fa	මං ඔක්කොම අදහස් කියෙව්වා.
fbc4d28467	අපි උපමාවකිනුත් කිව්වනේ
fbc52dd203	එය නම් වී ඇත්තේ
fbc5346e55	අන්න එතකොට අපට පේනවා
fbc5513ac1	ඉතාම යථාර්ථවාදී ස්වරූපයෙන් යන එකක්නෙ.
fbc6a0dd4d	සියලුම දැනුමෙන් හා හැකියාවෙන් පිරිපුන් අයකු වීම
fbc702a3cf	විද්වත් ජනතාව හොඳින් දන්නා කරුණකි.
fbc721afbf	සැකකාර බස්‌නායක නිලමේ ලැගුම්ගෙයි සිටි
fbc769982b	කාටවත් කියන්න බැහැ.
fbc77219dd	ඊට පස්සේ මේ රහතන් වහන්සේ ඒක වළඳලා
fbc8d62c12	බුදුරජාණන් වහන්සේ ජීවමාන කාලයේදී පවා
fbc906dc08	දොළොස් මහේ පහන කියල කියන්නේ
fbc92f9f06	අනුන් තුළත් මේ විදිහමයි
fbc93b355f	මේ අනුව විවිධ ආගමික අවශ්‍යතාවන්හිදී
fbc9623bd9	උන් අතර සම්‍යක් දෘෂ්ඨික
fbc9707ca2	සෑම තැනම මුං ඉහලා
fbc97e235c	ශ්‍රී සුචරිත පෙර පාසල
fbc984de4d	වියට්නාම් යුද්ධයට වඩා ප්‍රබලය.
fbc9865c7f	අපි කුඩා කාලයේත්
fbc9c9decf	තීන්දුවට මුහුණ දී සිටියේය
fbc9e9355a	නුවන නැති වී දහම් රසයද යොදා
fbcb393145	භයානක ඵල ඇතිවිය හැකි වැඩක් බව
fbcb41b832	මොවුන් ගෙන්
fbcb6b3982	පිළිකුල් රහිත වූ
fbcbe4a07f	අකුරක් නෑර කියෙවුවා
fbcc003033	ඉතාමත් නිවැරදිව ධර්මය විග්‍රහ කරනවා
fbcc909266	කලාවේ ඉරණම කුමක් වේවිද?
fbcced59f2	මට බලපිටියේ සිද්ධාර්ථ විද්‍යාලයට යන්නත් සිදු වුණා.
fbcd665d3f	මේ මේ තැන් වලට දාන්නද කියලා.
fbcd9e45c9	දඟයා තමයි තමන්ගේ කතා පෙත්ත
fbcdda7f9c	ඉතින් අලුතෙන් ගන්න කාර් එක
fbcdf36278	මිනිසුන්ගේ ආයුෂ අවුරුදු හැත්තෑ දහසක් වූ
fbce97c94e	ගොඩනැගිල්ලද ඉදිකර තිබුනේ
fbcecff83d	හැබැයි මල් පලතුරු කැඩීම
fbcef247dd	මොනතරම් ආභරණ පළඳිනවද?
fbcf245cf3	මිනිසුන් සතු විකල්පය කවරේ ද?
fbcf80ee52	එතකොට එයාලට වයස වගේ ඒ කියන්නේ
fbd065327a	දන්නව අපේ අතීතයත් රටේ අතීතයත්.
fbd0b2dae2	විහාරයට දුර කිලෝ මීටර් තුනක් පමණ වේ.
fbd0cd1a10	කෙසේ මෙත් වැඩිය යුතුද යන්න
fbd11b076f	ඔබ කියන යම් යම් කාරණා වලට
fbd19c3054	එනිසා මෙම වස් කාලයේ දී
fbd1b5838a	අන්‍ය ආගම්වලට හරියට පහර වැදුනා.
fbd1c5eab1	මම ඔබට මේ සඳහා
fbd1dcb70d	එහෙම වුණත් නැතත්ආපු ගමන්ම මම
fbd2b04e7a	පළිගන්න විතරයි.
fbd2c1ebfb	පෙන්වා විවේචනය කිරීමක් නොකලෙමි
fbd2fd7fb4	දන්නෙ නැහැ
fbd322187d	ඇය දකුණු ආසියාවේ වයස්ගතම කාන්තාව ලෙස නම් දරා ඇත
fbd3d8ef26	එයා අවබෝධ කරනවා
fbd3ea57e6	මාගේ නියපිට ඇති පස් ස්වල්පය මෙන්
fbd453aed2	එරට පාලකයෝ
fbd47e6d12	බුදු සසුනේ මතු පැවැත්ම සඳහා කටයුතු කිරීමට
fbd4a3872d	සල්ලි තියෙද්දිම
fbd4e958ae	ආසියානු සමුද්‍රකරණය තුළ ශ්‍රී ලංකාව ඉතා වැදගත් කාර්යභාරයක් අනාගතයේ ඉටු කරන බව අපට පැහැදිලියි.
fbd5a21553	මේ යුගයට අයත්
fbd5acc4ea	නිරූපණය කරන කෙටි කතාවක් වැන්න.
fbd5f5211a	කියන්න ගොඩක් දේවල් තියනවා
fbd605e7ae	එක්තරා රන්තෙලඹු ගසක්
fbd672af34	මේකනම් මම හිතන්නේ ගොඩ දෙනක් බලලා නැතුව ඇති.
fbd696ac47	happy birth day love cards
fbd7b9a940	මේ පැය දොළහේ අපරාධ සඳහා
fbd7fccde1	උදේ ඇඳෙන් බහින කොට පටන් අරගෙන
fbd879c00a	එම රහස් ගබඩාවේ සියලු දොරගුළු විවර කළ දාට ය.
fbd8f63bfd	දේව ගී බුද්ධිය නිදිකර
fbd96282a3	සැප්තැම්බර් මුල ඉඳන් දිගටම දෙන්න පුලුවන්.
fbd9f36e4e	වැඩි සාර්ථකත්වයක් අත්කර ගනී.
fbda4b053d	මරැඑක බාලපු නැති කස්ටිය තව පරක්කු වේන් එපා
fbda6d8a5a	ඒ මතය පිළිගන්නේ නැත
fbda7fa098	එම ක්‍රමයට මසුන් මැරූ
fbdb009c5a	කයිකතන්දර එන්නේ
fbdbee71b7	වඩා පුළුල් සහ සංකීර්ණ එකක් වීම අවශ්‍යය.
fbdcaad97b	ඔය තුන්වැනි පාර්ශ්වයක නමක් ගෑවිලාවත් තිබුණේ නැහැ
fbdd0cf19d	ඒකට උරදෙන පුහු තර්ක
fbdd18b61b	එහෙම තමයි.
fbdd306eeb	අවසානයේදී මුදලුත් නැති කරගෙන
fbdd851cbe	මේ මාර්ග ප්‍රතිලාභය
fbdeb2b5f2	මේ සා දිර්ඝ කාලයක්
fbdf30dccb	අර කතා වුනු විදිහට වික්ටර් ගැන ලියන්නේ නැද්ද කියලා.
fbdf574efb	ඔබට තායිලන්තේදී සිදු වූ කරදර ගැන
fbdf766fbd	එක නමකට වුවද දෙන දානය
fbdf999ae9	නමුත් ඔබවහන්සේ ගැන
fbdfe69b8e	ජේත නම් රාජ කුමාරයාගේ උයන්හි
fbe1927cab	ගොඩක් වෙලාවට වෙන්නේ හදිසි විචාරකයින් අතින්
fbe1ad42ec	පොඩ්ඩක් හිතලා බලන්ට ඕනි.
fbe1b79cda	බොහෝ ප්‍රචලිත වැදගත් සේවාවක්.
fbe1c1f6c1	මෙන්න මෙහෙම.
fbe1d4b3be	ස්ථීරසාර යෙදුමක් බවට පත්ව ඇත.
fbe37d6784	කටක ලග්නය හිමි ඔබගේ විශේෂ ධන භාවය
fbe522d2b8	එකලට වැඩ වාසය කොට ඇති
fbe524cb66	වැඩිය ලඟට එහෙම යන්නේ නෑ
fbe5739e71	අපි නරකයි
fbe64092aa	බෝධින් වහන්සේ
fbe67db262	එයට හේතුව ශ්‍රී ලංකාවේ
fbe7134efc	තෙත ගතිය සහිත මේ කොටසේ
fbe7cacbab	මේකට හේතුව සංගීතය කියන්නේ
fbe7fc524b	ඇත්ත තමයි.
fbe80f06be	තමා වඩා ගන්න
fbe821cbe7	එබැවින් ඇගේ දෙපා
fbe882083d	ගිජ්ජකූට පර්වතය හා රජගහ නුවර හෙල දිව
fbe8aee4c9	අප අද දිනයේද
fbe90c41bf	බුදුරජාණන් වහන්සේ වදාළා
fbe956d0ea	සතුටක් ලබනවා.
fbe962640d	සිය පෙම්වතියත් සමග රවුමක් යමින් සිටිය
fbe96d6f9c	ඊට පස්සේ මං අයියලාගේ ගෙදරට ඇවිත්
fbe979a267	කියවන්න කෙනෙක් ඉන්නවද
fbe97def42	හදිසියේ එක විට වන ගුවන් අනතුරු මාලාවක්.
fbea1cd2f5	ඇතුළුවන විට මම දිටිමි.
fbeb1d4860	දෝන කතිරිනාව සිරකරගෙන සිටි ස්ථානයක්
fbeb7ca4e4	තෙරුවන් අරමුණු කරගත්
fbeba65817	එල එලසහෝ සබෙ අවුලක් තියෙලු
fbec93a548	එනම් නිරුවතින් මහපාරේ යාමට
fbec9c1483	ඉතාලි දැනුම ටිකක්
fbed119fe4	ආදරවන්තයින් පිළිගෙන තිබෙනවා විය හැක.
fbed667227	මාව තේරුම් ගත්තා.
fbed6a2742	ප්‍රාදේශීය සභාව ආදිය නියෝජනය වූයේ නැත
fbedd908b1	තිලකා කැත්ත අතෑරලා
fbedf15f84	ලාංකීය ඓතිහාසික මූලාශ්‍රමය තොරතුරු ඉතා අල්පය.
fbee7372cc	ඔබ තවමත් එතැනම බවයි.
fbeec4a2b3	හිතට දුකක් ආව ගමන්
fbef0c90bb	භාග්‍යවතුන් වහන්සේ
fbef40d918	මෙය හරියටම දැන සිටි එකම එක බබෙක් සිටියේය.
fbefcabfc5	සෙවීම ඇති වී සිටින නිසා
fbf00018a3	ගම්පහ කිරිඳිවැලදී
fbf041b45d	අනිවාර්යයෙන් කියන්න.
fbf0465755	ගුවන් හමුදා සේවා වනිතා ඒකකයේ
fbf0ac47be	එම ගායකයාගේ පවුල
fbf18f3587	ඉංග්‍රීසියෙන් කියන වචන වලට සිංහල තේරුම දීලා නැහැ
fbf255dc6b	අනික් වැඩත් ගොඩක් තිබුන හින්ද.
fbf296edd3	රණවිරුවන්ට ලේ දන් දුන් අත්
fbf3659ecc	ලස්සන වෙනස් විදියෙ ආල කතාවක්
fbf385dcca	අයියාට තෑගි දෙන්න ඕනෙ.
fbf3e3bd3e	හැමෝටම බලපාන ප්‍රශ්න තියෙනව නම්
fbf48b5bb1	එතන හිටිය නර්ස් අක්කාත්
fbf55d98bf	පර්යේෂණ කරන්නන් තමන් විසින්ම අහඹු ලෙසය.
fbf577bf51	එබැවින් පුද්ගලයාට
fbf5c586ac	කාලයක් ගතවන විට
fbf5db3477	සිරස ආයතනයෙන් එම වැඩසටහනට සමගාමීව නිෂ්පාදනය
fbf5de9c3f	එක ගමක දිගටම ළමයි අතුරුදහන් වෙන්න පටන් ගන්නවා
fbf5f1b9a4	කෙනෙක් මියගිය නිසා.
fbf635d6a8	අජාසත්ත කුමරු අවසානයේ දී
fbf63b10da	ඔබ බුදුන් වහන්සෙ සහ පිටිදුවෙ හිමි
fbf6733a01	හැබැයි විපතක් නොවන විදියට
fbf67651a4	හොරයක් තියනවා කියලත් හිතෙනවා.
fbf6ce52b6	earth day 2013
fbf76b4ba4	එයා ගුණවන්ත කෙනෙක් බවට පත්වෙන එක.
fbf7b702ce	අතළොස්සක් තරම්.
fbf7dd2c2d	එයා පේන කෙනෙක් නෙමේ
fbf83a97c1	අපේ දෙමව්පියන් හැසුරුණු විදිහට අනුව
fbf8ebca64	ඇමෙරිකානු රාජ්‍ය ලේකම්වරයා
fbf9b61d83	ඇහැලේපොලගේ හිස යුද්ධ අධිකරණයක් මඟින් ගසා දමන ලදී
fbf9bc095f	බුදුරජාණන් වහන්සේ වදාළ කරුණු ගැන.
fbf9d91907	වාර්තාකරුවෝ පැවැසූහ.
fbfa92298f	පොන්සේකා සෙනසුරාදා නිදහස්?
fbfb08f1a1	එළාර රජු
fbfb109cec	පණ බේරාගත් කොටසක්
fbfb3b9d7b	ඔබ පෙරදිග විද්‍යාවන් සලකන්නේ
fbfc35acfc	අප සරණ ගිය
fbfc477e08	ලංකාවට ගොඩ බැස්සේ වත්තල් තොටමුණට ය.
fbfc8825fd	එහි නතර වී
fbfcfa728d	තවත් තරහ යනවා
fbfd74866d	ලියුමක් එව්වා
fbfd769365	සිතුල්පව්වේ ඉඳලා පොඩි ස්වාමීන් වහන්සේත්
fbfd8bccb0	අනිත් අයත් එක්ක
fbfdd6715d	ලෙහෙසි පහසු කාර්යයක් නොවේ.
fbfdea1fb4	උදේ නැගිටල බලනකොට ළමයා නෑ
fbfec69d35	එකල මුව වැද්දෙකු ලෙස
fbff3626c5	ඔයා ගැන හිතන්න පුළුවන් නේද?
fbff4da2ce	එහෙම වෙන්නේ අධර්මයක් කෙරෙහි
fbff525649	සියලුම දැනුමෙන් හා හැකියාවෙන් පිරිපුන් අයකු වීම
