fc003964f1	හැකිවන දවසකි.
fc013912c1	උපාසක චණ්ඩාල සූත්‍රයෙන්,
fc01dee3a7	විනාශ කරමින් සිටී
fc0219ef72	මේ මිනිස් ලෝකයේ උපදින මිනිසුන්ට
fc02360d6d	මගේ දෙවියන් වහන්සේ වුවත්,
fc02f1de2e	කොල්ලන්ට නම්
fc02fdc734	එයට අනුව රජයට තම ප්‍රමුඛතාවයන් පෙළගස්වා
fc03077f36	අපි මේ නියෝජිතයන්ට අද දැනුම් දුන්නා
fc03bb7097	ඉස්සර නිදාගන්න යනකොට හැමදාම
fc03f53e14	මුද්‍රණය වී ඇත.
fc043fb96b	සුයි කින්ග් නමැත්තෙකි.
fc054cff40	පැවති විවාදයේදීය.
fc06854c1d	මෙහිදී පිරිත් පැන් ස්වල්පයක් පානය කිරීම
fc068e2467	අනික සයිට් එකේ වැඩත් එක්ක
fc069910cb	ඒත් ඔහු
fc0708d157	ඔහු තුළ තියෙන ප්‍රඥාව නම් වූ සේඛ බලය.
fc07b0939b	එහි මූළික තේමාව
fc08223c92	ඒ අය
fc08a48790	එමෙන්ම ගැහැණිය යනු
fc08b3f19f	අළුත් චාරිකා සටහනක් ඉක්මනට
fc08c48b29	මාධ්‍යය වලට නිකුත් වේවිද?
fc08daee9c	සංගීතය බලන්න ගිහින් පොලිස් කූඩුවේ නවතී
fc08ddafc7	driver scanner 2012 serial torrent
fc08fca595	ගුරුවරු ශිෂ්‍යයින් ගොවීන් ගණකාධිකාරීන්
fc09165b2a	අනුරාධපුර ජය ශ්‍රී මහා බෝධීන් වහන්සේ යනු
fc092288f0	මේක මිනින්දෝරු දෙපාර්තුමේන්තුවේ දත්ත අනුව වෙල්ලන්කරේ විල.
fc0937466f	දෙමළ පමණක් යන සංකල්පය
fc095a0457	පරක්කු වෙනකොට ඒ ගෙදර අය බයවෙයි කියල.
fc095e5fe3	ඔහුගේ සියලූ ව්‍යර්ථයන්
fc09970364	මහාචාර්ය පට්ටම් දෙකක් තියෙන මිනිහට වඩා
fc099acfb6	එනම් රයිනෝසිරස්ගේ කකුල් සැදී ඇති ආකාරයටමය
fc0a045de0	මෛත්‍රී කරන්නේ
fc0a143793	භෞතික වශයෙන් ගත් කල,
fc0a40e06c	ඉතින් මේ වගේ සිනමා පටයක්
fc0ae447de	ඇතුළත් කර තිබෙන අතර
fc0c204038	අද වෙනතුරු අපේ ආරක්ෂක අංශ
fc0d15744a	dress
fc0d55bdb9	අපට අවශ්‍ය ඔබේ සිරුරේ කොටසක්
fc0d9ce1f9	විස්තර කරන්න තේරෙන්නෙ නැහැ.
fc0e020fdc	මගක් කර ගත හැකියි
fc0e596656	tea party ideas
fc0e677088	පිළිතුරු සැපයීමක් ලෙස
fc0e805c6c	තිබුන නිසා මම අරගෙන
fc0eaeeb63	හරකාගේ ජීවිතය සඳහා හැදෙන උගේ මාංශ පේශීන්
fc0efdf398	එහි තැන්පත් කර තිබේ.
fc0f636f2e	ඉන්න එකාට තව මොන කන්නද
fc11284e36	අපට මරණයට මුහුණ දීම
fc114e3a13	බුදුදහම තුළ පවතින ක්‍රමය වන්නේ
fc1195c449	අදායම් වාර්තා තබමින් තිරගත වුනු
fc121a537d	කෝන් තියල ඒ ඒ පන්දුව යවල
fc12242609	මදුරුවෝ නිසා නින්ද ගියේ නම් නැහැ.
fc12322a86	අප්පේ ඕන්න මං නම් මේක
fc125ee486	මෙයින් කවර භාවනා ක්‍රමයක් තෝරා ගත්තත්
fc12d6345c	එම නිසා ඔබේ කියා ඇති මෙම කාරණා
fc137e451c	එය ස්ත්‍රීන් මෙන්ම පුරුෂයන්ද තෘප්තිය
fc1399f0c2	අද මේ ගායකයාගේ නිර්මාණ අසන්නට නොලැබීම කනගාටුවක්
fc13fa08fc	මොනවා වෙයිද කියලා දෙසැම්බර් හයවෙනිදායින් පස්සේ
fc149363e5	මෙම දේවල් නුවනින් දැක තිබෙනවා
fc14d9ae15	ඒත් කණගාටුවට කාරණාව
fc14e26e60	දරු දැරියන්ට අඛණ්ඩව ලබාදීමට කටයුතු කළ යුතු වෙනවා.
fc152ab3a6	මේ කෑම උවදුර නිසා
fc15553e2d	මුලින් එහෙම ඒවා සිංහලට හැරෙව්වේ දෙතුන් දෙනෙක්.
fc15999aa3	ඒ හා බෙහෙවින් කතාබහට ලක්ව තිබෙන
fc160610d6	රැගෙන යනු ලබන්නකි.
fc164d45a8	තාමත් ටාසන් බාප්ප විදිහට එයා ඉන්නෙ
fc1691452b	හැම සර්වඥ භාෂිතයක්ම
fc16b6a0d7	ක්‍රිකට් ගහන්න
fc16deffff	එවැනි ගති ලක්‍ෂණවලින් යුක්ත බිරිඳ
fc17aab0fe	එහෙමනම් මෝඩයෝ
fc17f4de27	අපේ හොලමොට්ටයන්
fc17fe56cc	අප ජීවත් වූ කුඩා මහල් නිවාසය
fc1813e61b	ලොවපුරා සැරිසරා
fc186686c0	කළුතර මහමුදලි තනතුරු ලබන්නේ මෙකලය
fc1997cf34	සාධක හතරක් මත සිදු විය.
fc19dbc84a	කලාත්මක වූ සියුම් බවක් තිබුණා
fc1ac9438e	නැතැයි කියන්න බැහැ.
fc1ae4221e	තවත් පාර්ශ්වයක් එක්ක බැණ වදිමින් පාසලට ආවා.
fc1b813f9c	ගොනෝමේ දැනුත් මැරෙනවා
fc1bd2cdd9	එහි අධ්‍යාපනය හමාරවීමෙන් පසුව
fc1c54ed90	එනම් මගේ ගීත එකතුවක්
fc1c623ba6	දිව්ය ලෝක විය හෑක.
fc1cf52834	how much house can i afford
fc1d0d568f	පාඨකයාට මතක තියෙන් නෑනේ?
fc1e12f1e5	මෙයද මේ කෘතියෙහි වටිනාකම වැඩිකරන කාරණයකි.
fc1eff5278	එහි වෙසෙන ස්වාමින් වහන්සේලා පිරිසක්
fc1f1c9fe8	දැඩි අන්තවාදි ස්වරූපයෙන් නොබැලිය යුතුයි
fc1f269a92	උපන්දා සිට පොතේ තියනවා
fc1fb559e8	ඔය වගේ වංචාකාරයින්ගෙන්
fc1fd50efd	අපි නොදන්නවයැ!
fc208317af	නරබා දැන ගැනීම ඔබට බාරයි.
fc20b06640	සෑම කුඩා චරිතයකටම පවා
fc213df368	ඌට ඉලක්කම් වැඩි කිරීම
fc215760bc	එහෙම උනානම් කියලා අහන උදවියට
fc2200d4d5	නමුත් ගොවියා ඌ රකින්නට වෙහෙස නොවන්නේ
fc2207b049	හප්පොච්චියේ ජොලී අක්කගෙ හැටි මේකෙ.
fc22dea8b3	අහිංසක දෙමව්පියෝ
fc23745eaf	මෙම මූල ධර්ම හේතු සාධක කරගෙන
fc249d279f	මෙත්තා, කරුණා, මුදිතා, උපේක්ඛා යන
fc2506782c	බැබිලෝනියාවේ එල්ලෙන මල් උයන
fc253258ff	ඔහොම කියන්න එපැයි.
fc25a6e706	මට අම්මව දකින්න ලැබුනේ නෑ.
fc26198957	ගෙදර එන විට
fc266ddea9	වර්ණ හමුවීමට ඇවිල්ලා
fc26940867	එක්‌තරා ලාංකික සිංහල පුද්ගලයකු
fc26da6942	කැබිනට් මණ්ඩලයට පැමිණිලි කළේය.
fc26ff393f	එවැනි විනාශකාරී ක්‍රියා
fc273e7eb8	උඹ දඟලන
fc2758e66f	අපේ එකෙකුටත් උනා
fc278a60f8	පශ්චාත් නූතන ලක්ෂණ
fc27c7efa0	අපි තාම මේක
fc27fc2b4c	එනිසා මෙම වස් කාලයේ
fc283cb45f	මලයාලි අහිගුන්ඨිකයෝ ආව
fc2853362e	ඒකේ ඉතිං මස් වෑංජනේ තිබුන
fc28a85c62	පිරිත් පැන් ඉසින ලද
fc28dcd027	ඉතින් බුදුරජාණන් වහන්සේ දේශනා කරනවා
fc28f13699	තෙල් පොහොර නොයොදා කුරහන් වගා කරන නිසා
fc28f54379	මම ඇහුවෙ අදමයි
fc29ad4f9c	විකිණෙනවා කීවොත්?
fc2a3bf1ed	එතකොට කරන්න තියෙන්නේ
fc2a53d5d6	ladies shoes designs
fc2c01be03	තත්ත්වයන් දියුණුවෙමින් යනවා.
fc2c4c165e	පැතිර ගියේ ය
fc2c9d9372	සෑම නිවෙසකම තිබුණි.
fc2cde8840	එවන් අවස්ථාවල දී දරුවන්ට
fc2d13dd01	මේකට කියනවා පච්චත්තං වේදිතබ්බ විඤ්ඤූහි කියල.
fc2d227be3	ඉතාම අහින්සක පුද්ගලයන්.
fc2d3c45f9	ඌට එහෙම ඉන්න අයිතියක් තියෙනවා
fc2d987d5d	දිරිමත් කළ හේතුව මොකද්ද?
fc2daad37f	පියුමක් ලෙස සැලකිය හැකිය
fc2db06db7	අප බෞද්ධ දර්ශනය
fc2de5ad09	සිදු නොවීමය
fc2e12d74b	අනිත් එක සමාජ අසාධාරණය ගැන
fc2ed5d710	සාර්ථක වන වසරක්ද වනු ඇත.
fc2f055a40	ant
fc2f4ce98d	කවියට වඩා පාඨකයා ප්‍රිය කරන්නේ
fc2fdae7ff	මෙම සිද්ධිය නිසා, බුදුන් වහන්සේ කෙරෙහි
fc30931d3a	අපේ කෙසෙල් වලට
fc30e916ac	එයට අකැමැත්තක් දක්වති.
fc3156467b	දැන් දිග හුස්මක් හෙලනවා කියල.
fc3294a96f	අප්‍රසාදය පල කරන්න ඕනම දේකට
fc32e9386f	ඉතිහාසයක් මේ පොලොවේ පවතී
fc33341f2a	ධර්මාශෝක මහරජතුමා සහ
fc33e834d1	අපගේ විරෝධයක්, ඊර්ෂ්‍යාවක්, එරෙහිවීමක් නැත.
fc33fa92ee	මෙම තරුණයා බෝධි පූජාවක්‌ පැවැත්වීම
fc3450b50b	ඒවා තීරණය කරලා දුන්නා.
fc34a0943e	මෝහනයට පත් තැනැත්තා
fc34d53826	අපි වෙනුවෙන් සාධාරණයක් ඉටු කිරීම ගැන.
fc34d88f16	සකසා ඇති නිසා
fc35274691	ද්‍රෝණ බමුණා ධාතු මැනීමට යොදාගත් නැළිය
fc35d0ede9	විවිධ අවස්ථා ලැබෙනවා
fc365b3b30	එකල්හි මාරයාගෙන් සිදුවන බාධා මැඬලීම පිණිස
fc36763f68	උන්වහන්සේ පැවිදිවුන
fc3679a415	ඉතින් අපි සතියකට කොටස් තුනක් දෙන විදිහට
fc368ab5cf	පණිවුඩය ගිහින් තියනවා
fc375ddd54	නිවේදනය කරන නිවේදක නිවේදිකාවන්ට
fc37f2f62b	අපට අහන්නට ඇත්තේ
fc380871ed	තොරණ හතර නිර්මාණය කෙළේ
fc386d14d9	ඒක නිසා මිසක්
fc38e6366a	මුදල් ගනුදෙනුවලදී කල්පනාකාරි විය යුතු වසරකි.
fc39be60d3	භික්‍ෂුව හිරු නැඟෙන්නට පළමුව
fc3a7cc1bf	අතින් නොකෑපූ ගලෙන් පහරදීම වනාහි
fc3a88870e	මෙම භාවනා මධ්‍යස්ථානයේ කටයුතු කරගෙන යාම
fc3b17725e	කිසියම් විස්මිත බවක් පවතිනවාද?
fc3b501359	එය ඔහුගේ දියුණුවටද
fc3bf90e46	තමන් ළඟ තියාගෙනයි.
fc3c738e73	ලියැවී ඇති අපූරු ලිපි එකතුවකි
fc3d0b4339	මේ සැළසුම එක් විශ්ව විද්‍යාලයකට පමණක්
fc3ddc6101	ඒ පිටුව පුච්චලා දාන එක
fc3ea32b10	එහි ඉතිරිව තිබිණි.
fc3ee6ca79	ඔබේ දැනීමත් අප හා බෙදා ගත්තාට
fc3f008206	බ්ලොග් ලෝකෙත් ඉන්නෙ
fc3ff57d9b	බුදුසරණෙහි පළ වූවාට පසුව ය.
fc4006bacc	බොදු සිත සඳහම් සිසිලෙන් පුබුදු කරවූ
fc411c67ac	හොඳයි කියල හිතන්න පුළුවන්ද?
fc4121a2e0	නඩේ ගුරාට අවමානයක් නොවෙන්න
fc412231bf	ඔහු ශාසනයේ උණුසුමවත් නොලැබුණ පුද්ගලයකු බව
fc41246ad1	මේ ඒක නෙමෙයි
fc41494492	විශේෂ ආකෘතියකින් නිමැවී තිබෙයි.
fc4163182f	ඉතාම ආසාවෙන් ශ්‍රවණය කොට අතිමහත් වින්දනයක් ලැබූවෙමි
fc42789cde	තානාපති ඇතුළු සියලු විදේශිකයන්
fc4281f7c5	දෙවියන්ගේ ආශිර්වාදය ලැබූ අයුරුද දැක්වේ.
fc42ce0273	පරණ වුණාට කමක් නෑ
fc42e8c4d2	අනිවාර්ය අංගයක් ලෙසින්
fc4300c22c	එබඳු ස්වභාවයක් තියාගෙන,
fc432a5cc7	මෙයා මොනවද කලේ කියලා.
fc4357df68	මෙතැන සිදුහත් කුමරු උපන් තැන බව ඔප්පු කිරීමට මහන්සි විය යුතු නැත.
fc439f27b2	එහෙ දැන් විස්තර නම් වැඩිය දන්නේ නැහැ
fc43df5e9e	movies
fc4559dc19	ඇය ෂියාම්ගේ ඥතීන්ටද ෂියාම් නිවසට ආවේ නැති පණිවුඩය දී
fc463186d6	සමාගම වෙබ් අඩවිය තුලින්
fc469a886c	ඌත් එක්ක චැට් කරන්න කියල
fc476358bb	කිසිදු මුදලක් අය නොකරයි
fc4797a2e9	ඒකනම් ඉතින් සබ්ජෙක්ටිව්.
fc47a262b2	ඉන්දියානු උත්තර භාරතීය සංගීතය
fc481aef2b	බෙර වාදනයේ ඉතිහාසය පිළිබඳව සාක්කි සපයයි
fc483ec9e8	එතකොට අපේ විශ්ව විද්‍යාල ලංකාවේ තව ඇති කරන්නලු
fc48e3261f	වසර දහස් ගණනක් ජීවත් වූ යෝගීන් සිටි බවය
fc4aee57dc	buddha
fc4b3ecbee	ඒක කියවන්න ලැබීමත්
fc4bc96c4a	එක්කො වස්ගමුව නැත්නම් මින්නේරිය
fc4bede516	කෙළින්ම එන්න බස් තිබුණේ නැහැ
fc4bf64846	එම ස්ථාන වලදී පමණක්
fc4cd38a13	house plan software download free
fc4e0f4d32	එන්ඩ කලින් මං කෝල් එකක් දීලා එන්නම්
fc4eb2bc3b	හැමදේටම බටහිරට
fc4f413696	එයාට ඕන වුණේ
fc4f735322	තෝ අහුවුනොත් තොගේ බෝල සම්බෝල කරනව
fc4f97c730	ගොඩක් වැදගත් දේවල්
fc4fd5cb56	ඔවුහු දැඩිව විශ්වාස කරති
fc4fe2b634	ව්‍යාප්ත වීම තුළ
fc4ffd7cf3	මහාදානයක් දීම
fc504ef8f1	පදනම් කරගෙන
fc51033beb	ගෙදර ඉන්නකම්
fc5123134d	දේශපාලන දුර දැක්මක් තිබුන.
fc519e5920	අත්තේ කොළ හට නොගන්නා බව
fc51be4e77	දුවගෙ කතාව ඇහුවට පස්සෙ
fc5211d495	එදා ඒ බැට කාපු අපේ දරුවන්ට.
fc5214bf7b	අග බිසෝ කුස පිළිසිඳ ගත්තේය.
fc52542f5f	ඒවා කොච්චර ගැලුවත්
fc52d2e5e3	තෙවැනි ලංකා ගමනේදී කැලණියට වැඩි බුදුරජාණන් වහන්සේගේ
fc536993c2	බෞද්ධ සම්ප්‍රදාය තුළ
fc53acd310	tinkerbell with her sister
fc54641c2a	මොකද මේ ක්‍ෂේත්‍රය
fc547e0542	මෙසේ කීවේ ය.
fc54abbd4e	t.m. dilshan
fc54c96ad6	එබැවින් චිත්‍රපටය තුළ
fc5502984c	ඇත්තටම ඔබ ඉතාමත් චතුර ලෙස මේ කතාව ගෙනියනවා.
fc556c5c0b	එයින් සත් ද්‍රෝණයක් ධාතූන් වහන්සේලා
fc567ced0e	ඒ ගැඹුරු හඬ
fc56b13be7	විශාල අභියෝගයකට මුහුණ දීමට සිදුවනු ඇත
fc56da3bf2	මුග්ධත්වයෙන් පසු වීම.
fc56de729d	ඊට වඩා තේරුමක් ඇති සිරිත් විරිත්
fc57354ccc	මෙය සන්ඛාර දුක්ඛයයි
fc58bbaa89	ආදරය මේරූ පසු
fc58eb3036	එහි දිළිඳුකම දුරු කිරීම
fc58f43918	එක දවසකටයි.
fc5994518b	ඔය පොතේ.
fc59d2b4d6	ඔන්න මම එලියේ දාගන යනවා!  කියලා.
fc5a3bc48c	අද දැනෙන වෙනසට හේතුව
fc5a7d2ecd	ඒ නිසා ප්‍රාණ ඝාත කිසිවත් පිළිගන්නේ නෑ.
fc5ac10ca2	සැනසීමට හේතු වේ.
fc5ad22f61	මගේ එක උරහිස්සක් නං
fc5b0ef506	සිල්වත් හාමුදුරු නමක් උපැවිදිකර
fc5be6f32a	අදාළ දායකත්වය ලබාදෙනවා නම්
fc5c224516	අපි විනිශ්චය කරන අවස්ථාවේදී
fc5c5ead5e	කොච්චර නම් වැහිලා ඇද්ද?
fc5c8d8d96	සටන් නිර්මාතෘවරයෙක් නළුවෙක්
fc5ca7b71f	ජයග්‍රහණය කොට තිබෙන අතර
fc5d1eac20	බැතිබව වඩවන දර්ශනයක්
fc5db27adb	විග්‍රහයකට නොගොස්
fc5ddaaa96	හැබැයි උන්ට පෙන්නුවම
fc5deb8b2d	කොහේ හරි අම්මලා තාත්තලා දෙන්නෙක් එකතුවෙලා.
fc5e20dcbd	ඒව බෞද්ධ රටවල්.
fc5e339ee2	අද විශාල ජනතාවක් මෙතැනට ඇවිල්ලා ඉන්නවා.
fc5e3e97df	දේවහරහා කියන කුමාරිකාවක්.
fc5e49167c	එතුමාගේ හදවතේ
fc5e5c52ba	එය අහම්බයක් නොවන බව
fc5e9c0459	ඒත් පස් පව් කියන්නේ
fc5ea9534b	පවතින යථාර්ථය හෝ ඉතිහාසගත
fc5ec0ec5b	රූප රාමු බලමින් කරන්න බැහැ
fc5f59fdeb	තවත් ඕනේ
fc5f728ed9	පසුකලෙක ධර්ම කථික භික්ෂුණීන් අතර අගතනතුර ලැබූ
fc605b800b	ඒත් දැන් එතුමා
fc607a0d7f	නුඹලා උපේක්ෂාවෙන් දරා ගත්තා.
fc6080edee	අලහබාද් සෙල් ලිපිය ලියල තියෙන්නේ
fc60d20ad6	ජලාශවල වෙසෙන කිරි ඉබ්බාය
fc60e6a2b7	අවංකවම මම කනගා‍ටු වෙනවා
fc612c9532	අඬල කඳුළු පිහ දාගෙන
fc61a7421b	මේ ශරීරයට ලැබුණට පස්සේ
fc61bc17f9	විශ්ව ගැමුණු ප්‍රියංකර
fc6203f92b	අකුණු මඟින් සිදුවන අනතුරු අවම කර ගැනීමට
fc620cf3f1	මේ සාංඝික දාන හතෙන් පළමුවෙන් උගන්වපු දානය
fc62130bb1	සමගියෙන් ජිවත්විය යුතු බවයි
fc621a7d75	ආනුකම්පිත පරිකල්පනය වර්ධනය කිරීම බව
fc62788985	විමස විමසා බලන්න ඕන.
fc631f8a7c	බෞද්ධ පොත, පත ද පරිශීලනය කිරීමට
fc6322067e	පෙර සංසාරෙ
fc652ad753	එම රටවල ඉන්න අපගේ අය තමයි
fc6567032b	මාලදිවයින් යන්නද හදන්නේ?
fc656ded70	මුත්‍රා ආසාදන, මල බද්ධය, අර්ශස් වැනි රෝග
fc65821150	නමුත් පිටපත් නම්
fc65a96a95	ඕනෑ එපාකම් ඉටුකර ගැනීම සඳහා වූ පිහිටකි.
fc65ebff5f	මේ නිසා ම ලෝකෝත්තර මාර්ගයට පරිබාහිර ව
fc6613da34	බාහිර තුවාල කිසිවක්‌ දක්‌නට නැතැයිද පොලිසිය පවසයි
fc6699d6ce	ඔන්න කුරහන් පිටි ටිකක් එහෙම අරගෙන
fc66b19975	යමක් පිළිබඳව විශ්වාසය තබන්න.
fc66c82ebe	දැන් පැහැදිලිව පේනවා.
fc67153a16	ඒ වෙනුවට කොටි ගණන් වාහන ගෙන්වීමට
fc6732a0a2	බුදුරජාණන් වහන්සේ පෙරවරු කාලයේ දී
fc68706eb4	එවන් පුද්ගලයාටයි අකුසල් විදගෙන
fc68d97115	සාහසිකයා මන්නා පිහියක්‌ රැගෙන
fc69902054	මන්දාකිණි ගැන එසේ කීමට හැකි ද
fc69a5dc97	අළුත උපන් බබෙක් වගේ පරිස්සමට.
fc6a36543f	බෝධීන්වහන්සේ ලක්දිවට එවන විට
fc6a4e1077	එහෙම වුනා කියල
fc6ab94d21	එම ලක්‍ෂණ අට මුල් කරගෙන
fc6b565366	madura dictionary free download for windows 8
fc6b93ea31	ඔබ දැනුවත්ව හෝ නොදැනුවත්ව
fc6bcad203	සේවයේ යෙදී සිටි පොලිස් නිලධාරීන්
fc6ca4e001	baby
fc6d2bbead	සකසා තිබීම විශේෂත්වයකි.
fc6dfe1499	ලන්කාවෙ බොහෝම හාමුදුරුවරු
fc6e1e1b52	හරියට ජලය යැයි සිතා
fc6e3204b5	මල් ටික අහසේ යනවා පාවෙලා.
fc6e7c3a53	මුලු ආයතනයටම පහර ගහන එක
fc6f975646	පක්ෂ බේදයකින් තොරව
fc7012a79d	පෙර කල ලෙස කරගෙන යාමේ අවශ්‍යතාවයක්
fc703e7f5f	මේ යුධ මෙහෙයුම්
fc705d1f41	නමුත් කථාව අනුව නොගැළපෙනවා කියලා හිතුණ නිසා
fc70ba0207	එසේ වන්නට පිළිවන.
fc7165e5f2	දොළුකන්දේ ඇති බෙහෙත් වන ඔසුවලින්
fc71740e7f	එතකොට මේ විදිහටයි අපි තේරුම් ගන්න ඕන
fc7193342d	දැන ගත්තාම සුභ පැතුමට ස්තූතියි රිෂ්.
fc71a04ca2	සහතික ඇත්ත.
fc7260e6a9	දෙවි, මිනිස් ලෝකවල ඉපදීම
fc726bde13	වැලි ගොඩ දමමින් සිටි පුද්ගලයෙක්
fc728e0139	ඉදිරියට කරගෙන යාමට අදහසක් තියෙනවාද?
fc72d96d5a	සිනමා පටයේ වියදම පියවන්නටත්
fc737dbd23	ධර්මයෙහි අදත් ජීවමානව පවතින සූත්‍ර ධර්ම
fc7380f1c5	මේ අතර දළදා වහන්සේ
fc73c18000	දේවී නම් වූ කුමරියක සමග
fc73d494c8	ආකර්ශනීය කැටයමින් අලංකාරවත් වී තිබේ.
fc7400586e	පාත්‍ර පරිහරණය ඊට හාත්පසින්ම වෙනස්ය.
fc742c2190	ලැබෙන්න කියලා පතනවා
fc744c0f6c	ඔබතුමාගේ මහන්සියට
fc74522424	ලබා ඇත්නම් ගැටලුවක් ඇති නොවේ.
fc7486ca14	දෙයියනේ මොනව නොකෑවත්
fc748d4312	එමෙන්ම ඒ හා සමානවම
fc74b1a376	අපි නම් අපේ ගේ හදද්දිවත්
fc750b45cf	ඉතින් මෙලෙසම තවත් චිරාත් කාලයක්
fc750ca37d	'පට්ට ෂුවර්' දේවල්
fc75207956	විපාක දීමට සුදුසු පරිසරය ඇති තැනකට යැවෙනවා
fc75c0d10f	ඇයගේඒ ලෙන්ගතු බව කියන්න
fc76524448	ස්වර්ණවාහිනියෙ ප්‍රචාරය වන
fc768b3155	මුහුණපාන්නට වන ගැටළු ය.
fc769d1063	suriya
fc76a6283e	සෙල්ලම් මණ්ඩපයක් වෙයි.
fc7762aa37	සැම වසරකදීම ජපානයට අඩු ගණනින්
fc7786f0a3	දුරු කර ගන්න.
fc779aa11c	වෘත්තියට අදාළ දෙයකුත් නොවෙයි.
fc77cf9626	කියනවා වෙනුවට
fc77d35732	පාන් ගෙඩියේ පෙනුමේ වෙනස
fc78c7d023	එම පින්කම් සංගමය සංවිධානය කර ඇත.
fc78da3b6a	අනික තමුන්ගෙ මතවාදය ටක්කෙටම
fc78eed5d9	කොතරම් අවුලක් වේද කියා
fc7911c34b	සිංහ නව ආදායම් මාර්ග උදාකර ගැනීමට
fc7929b4c0	මේ ගස හෙළීමට නොහැකි විය.
fc795867b4	shooting games gun games
fc799e0760	අර සිද්ධි ඇසූ සැණෙන් සිරිකොතට පැමිණ
fc79a518cf	අපි විවාහ වුණා
fc79ef3559	නොමිලේ දෙන්නෙ නැහැනෙ.
fc7a2fcff6	උදාහරණයක් විදිහට කළු ජාතික වහල් මිනිසුන්ගේ ජීවිත
fc7a3a8307	අයිස් ක්‍රීම් කන්න කියලා
fc7a6a94ad	එය ශක්‍රයා දැක ඔහුගේ ජටාවෙන්
fc7a770b61	මා හිතුවා
fc7abee732	හොයාගත්තෙත් උඹ වගේ එකෙක් වෙන්න ඇති
fc7aee8c77	මේකේ එක බැලුවොත්
fc7affb8bf	බොහෝ දුරට සිදුවීම
fc7b4fc41c	ඇත්තෙන්ම ප්‍රශංසනීයයි.
fc7c4c7444	එල කොල්ලෙක්නෙ
fc7cace7ce	තිරිඟු කුඹුරුයාය ළඟටවත් පියාඹන්න බැහැ.
fc7cccf2f3	වෙළුම නමින් වාරමට
fc7d05304b	ඝාතනයට සම්බන්ධ
fc7d165d97	පැහැදිලිව විග්‍රහ කර දුන් සේක
fc7d539827	ඔය ඔක්කොම කතන්දරකාරය
fc7db12877	බෝසත්හු නොසැලී සිටියහ.
fc7eccdb83	world trade center sri lanka
fc7fa7699e	නොසෙල්වී සිටියහ.
fc7fb90470	තේරීම් කාරක සභාවක් පත්කිරීමට
fc7fed0d73	ඒ වගේ ශ්‍රේෂ්ඨ අයගේ පහළවීම
fc7ff2fa03	කියන ස්ථානයට පත් වෙනවා.
fc80936a78	අපි දන්නවා
fc80cac996	ඉන්න අයට දකිනවා මිස අහන්න වෙන්නේ නැහැ
fc80e0b4cf	අනෙක් අතට මහෞෂධ ඉතා වැදගත්
fc81069416	නොහැකි වන බව පෙන්නුම් කරයි.
fc812afc20	ඒකත් මුහුද පැත්තටම සීමා වෙච්චි
fc8163edba	එහි සුන්දරත්වය කියා නිමකළ නොහැක
fc817072aa	එම ගමන සඳහා
fc820d77cb	වැඩිහිටියන් පවා එම වෙලාවේදී
fc8285ac1c	එහෙම වුණහම ප්‍රශ්න පත්‍රයේ උපදෙස් දෙනවා
fc828d8e1f	ප්‍රශ්නයක් වෙන එකක් නෑ
fc82ae11b2	සිකුරාදා දවසම වෙන වැඩක් කලේ
fc83310302	සඟරුවනේ ගුණ කියමින්
fc839250b7	ඔය කතා අහන කොට
fc84f0f25a	අප කුඩා කාලයේ තිබුණත්
fc850830a8	අප ඉගෙන ගත යුත්තේ
fc8520d91b	බුද්ධ ශාසන අමාත්‍යාංශයේ ලියාපදිංචි නොවූ අය
fc85810c3d	එහෙමනම් යාළුවනේ රසවත්ම සිදුවීම මේකයි
fc865536b8	ආණ්ඩුව ආරක්‍ෂණවාදී ප්‍රවේශයකට
fc86a5405d	දෙවියන්ට දහම් දෙසීම සඳහාය
fc86bb7101	ජොබ් කට්ටක් කරන කාලෙට තමා
fc876bd706	තවමත් මිනිසුන් හරිහැටි නොදන්නා
fc879a48a0	මුල්ම අවස්ථාවේදි
fc88d14323	වල්පැළෑටි වන්නේ මෙම අංග දහයයි.
fc897b177e	ඔබ මතකයෙහි රඳවා ගතහොත්
fc89ed679b	රෝගි කෙනෙකුට හෝ මහලු කෙනෙකුට
fc8a10e7c4	ස්තූතියි බලන් උන්නට
fc8a784a01	කෝකටත් පහුගිය කොටසෙදි
fc8acacece	ලෞකික පුද්ගලයෙකුට වටහාගැනීම
fc8aee182d	නමුත් කනගාටුයි කියන්න
fc8b13bc92	බුදුදහම නැවත
fc8b14da40	නිරතුරුව කටයුතු කර ඇත.
fc8b4e92ba	දඟයා මුලින්ම කියන්න යන්නේ
fc8b9b8210	මිස් වෙලා වගේ
fc8b9e6897	මරණින් මතු අපට සුගතියේ ඉපදීමේ වාසනාව උදාවෙනවා
fc8be5c1b0	කුළුණු බර කෙනෙකි
fc8c014af2	අපේ පවුලේ උන්ට සලකන්නේ නැද්ද කියල.
fc8c210914	සරත් ෆොන්සේකාත් ප්ලේ කරමින් සිටින්නේ.
fc8cfa5146	සාමාන්‍ය ප්‍රේක්ෂකයාගේ ප්‍රතිචාර ගැන
fc8d22ae2b	පොත් පුවත්පත් කියවීමෙන් බැහැර වෙමින් සිටී
fc8d32feac	ඉතාම කුඩා දෙයක් වුවත්
fc8d5f23ee	ප්‍රථම වර්ෂඅයත් වන බාල්යම් කාලයයි.
fc8d78fb0b	ගුරු සේවයේ කතා කීපයක් හෝ ලියන්න.
fc8da2ada0	වජ්‍රාසනය මත වාඩිවි සිටීම නිසා
fc8dd5ccf2	user image
fc8e04bd44	වගේ ගතියක් තියෙනවා.
fc8e6ca388	ඇතැම් විට මේ දත්ත පෘථිවියට එවීමේදී අඩුපාඩු ඇතිවීමට ද ඉඩ තිබේ.
fc8ebcc224	පූර්ණ විරතිය මෙහෙයවන්නේ
fc8f7845df	මේ අන්ත දෙක අතර ඇති සත්‍යය
fc8f7a3eb0	කලබල වෙච්ච වඳුරු නාම්බෙක් වගේ.
fc8f7f0f2f	කළුමැද කියවූ කතන්දර
fc8fa413c8	ඒක වැරදියි.
fc8fc8b9fd	ඔහුගේම ගරාජ හා වඩුමඩුවල
fc8fcbc5c1	මොකද එයා දැන් දන්නවා
fc90c4a78e	රැකියා කටයුතුවලදී තරමක් දුෂ්කරතාවලට
fc9176db85	එතනදි බැතිමතුන්ට සරිලන අන්දමටයි පොලිසිය හැසිරෙන්නේ
fc91a4a561	ට සඳ නිරායාසයෙන් ගොදුරු වෙයි.
fc91d7e50c	ඒත් මේක පොදු තැනක්නෙ.
fc921b3c6f	සාහිත්‍ය කරුවන් ලියන කියන හැටි
fc92511e8e	ඔහු නිර්මාණය කළ වැදි ගී මිහිර ප්‍රසංගය
fc9263461b	ගිය වියදම වුව අප පුදුමයට පත් කරයි.
fc929400fa	වෙනස් කළ හොත්
fc933e0b09	බැරි තාලෙට අප්පුඩි ගහන්නවත්
fc934d1873	ඒ චරිත රඟන නිළියන් දෙනෙකු
fc93a34d7e	ඕන කෙනෙක් හිතනවා.
fc93f7124f	අසාමාන්‍ය කැපවීමක ප්‍රතිඵලයක් වශයෙනුයි
fc9445b8ed	ඒ වෙනකොටනං සඳුරු හිටියේ
fc961f1ef1	අලුත් ෆොටෝ දැක්කම පව් කියලත් හිතෙනවා
fc965f0fc1	ඊයේ පෙරේද තිප්පොලක ලැග්ගේ.
fc96d5ab46	දා ගත්තු අය.
fc973eb17c	එතන බලයට පත්වුණ වෙලවට
fc97a62374	මම ලංකා චලන පුවත්පතට සම්බන්ධ වුණා.
fc97f0002d	බැහැ කියන්නේ උන්ගේ බුද්දි මට්ටමේ ප්‍රශ්නයක්
fc980ec3dc	බුදු දහම රැකගැනීමට දරණ උත්සාහයේදී
fc9871116d	පිට පෙනුම විතරක් අලංකාර භාජනයක් වගේ.
fc9873d51b	ගැටබරු දේවාල භූමියේ පඩිපෙළේ පහළටම එන විට
fc9919c86c	එත් ජුලිය ගිලාඩ් කොන්ද පන තියෙන
fc993951a8	රටක් මේ වගේ කටකතා බලකායවල් වලට පුළුවන්.
fc993a9d8f	තියෙන බල තණ්හාවට අයෙත් හිරේ ගිහින්
fc9976553a	රාවණගෙන් පිහිට පැතුවත්
fc99b03e2d	මේ චිත්‍රපටය තෝරගන්න හිතුවා
fc99d9f482	ඔතෙනට හරි ඇමතියෙක් වැටුනා නම්
fc99e4f2b4	දෙළුම්වල ඇති මිහිරද
fc9b377db3	අනේ කල්පනා හිත හදා ගන්නත් එක්ක
fc9b92c4df	සහන් බලපන් නරක වචන පාවිච්චි කරලා තියන හැටි
fc9c0ac46a	එදා උඩරට රජවරුන්ගේ
fc9c76aae3	ගන්නා උත්සාහයේ දී
fc9c816819	පැමිණිලි විමර්ශනය කිරීමේ ජනාධිපති කොමිසමේ නිල වෙබ් අඩවිය
fc9cd0e77a	එය යථාර්තයක් බවට පත්කළ හැක්කේ
fc9d0b7125	මොරටුව මොරටුව මේ නොමැකෙන නම
fc9d9ad34a	father in sri lanka
fc9df2f311	ප්‍රශ්න විසඳෙනවනම් එච්චරයි
fc9e089dcb	එය වළක්වන්නට බැරිද?
fc9e8ce157	අමාසිසිල මහමෙව්නාව භාවනා අසපුව
fc9fafba81	අපි ඒ මහා ශ්‍රමණයාගෙන්
fc9fcbbd54	එය මහත කුරුමිණියෙක්
fc9fd25810	වෛද්‍යවරුන්ගේ බලපෑම් මත නතර වුණා.
fca14c2c1b	එළ එළ අයියෝ
fca18b3e16	අවවාද අනුශාසනා අනුව කටයුතු කළ යුතුය.
fca1ac9b03	රස්සාවක් හොය ගන්න බැරි එවුන් තමන්ට වියදම් කරපුව ආපහු ගෙවන්න කැමති වෙයිද
fca1cfe1a6	ජනාකීර්ණ නගරයක විවිධ ජනයන් දුටු විට
fca1d0e5b1	එම නිසා මේ ලිපිය කියවා
fca211d650	ඔන්න ලොකු කුතුහලයක් ආවා.
fca29e51f5	එවකට වාරිමාර්ග තැනවීම
fca2d19b9a	ඔවුන් මුහුණ දුන් සති ගණන් පැවති කුණාටු වලින් යුත් වැසි
fca2d94eb7	salwar design 2013
fca2e86614	free typing games
fca3f118ea	අර නාමපුවරුවේ සදහන් වන මරිච්චකට්ටි කියන්නේ
fca4121972	තමයි හොඳ.
fca42b428c	ඉඩකඩම් නිවාස චංචල දේපලවලට සම්බන්ධ ප්‍රශ්න විසඳී
fca440a60d	එයා නිසා ඒ රජ සැලකිලි
fca4b1bddb	දරුවා කෙරෙහි
fca4b31e68	ලැබුනා වගේ සතුටක් මට දැනුනේ.
fca4e1db57	වැදගත් කරුණක් වී තිබේ.
fca5622a4d	මේ වගේ සිදුවීම් දේශපාලනයට නුසුදුසු දේවල්.
fca6423a19	මගේ දරුවන්ගේ සැනසීම පිණිස
fca6c6b2fd	ව්‍යක්ත ව්‍යවහාරයට අනුව
fca7111e50	බත් කන්න කියල අපි කිව්වා.
fca7dc1cc4	මිනිස් ලොව සිටියදී
fca7e1bab0	jeep
fca7f54793	අද කොමිසම වෙත භාරදීමට බලා‍පොරොත්තු වෙනවා.
fca85ebc1a	අපේ පෘථිවියට තර්ජනයක් එල්ල කළ හැකි යැයි
fca8765fa4	පිරිවෙන් අධ්‍යාපනයෙන් තවත් ඉදිරියට ගොස්
fca8ba8619	භික්ෂුන්ගේ් පරිහරණය වූයේ
fca8ed15a8	ඉතින් ඔයාගෙ දෙමාපියො මැරුණාම
fca8edd049	එළි උණාට පස්සේ
fca912beaa	එම විහාරය කරවන්නට ඇත්තේ
fca9185f5b	එකම ජීවනෝපාය බිඳවැටීම හේතුවෙන්
fca9adfe52	සාරවත් පස සෝදා පාළු වී යාමට ඉඩ ඇත.
fca9f403b3	එතකොට ඉතිං නෝනා කේක් කෑල්ලක් කපලා ඒ සතුට සමරයිනේ
fcaa2399c3	freelancer.com post sinhala
fcaa5bf900	ෆැක්ස් එකක් මාර්ගයෙන්.
fcaa65e601	එය ඔබගේ මගේ මෙන්ම මතු පරපුරේද
fcaa8c3b0d	මූලික පාලි සූත්‍රාන්ත වලට අනුව
fcaaed8067	හොඳක් දකින්නේ නෑ.
fcab11063b	ඒත් ඔය ඇදුම ඇදගෙන
fcab1f0a85	සහතික ඇත්තයි.
fcabcc4fd3	ධර්මය කියන එක හැම තිස්සේම
fcacb085df	පුද්ගල සංඥාව එනම් ආත්ම සංඥාව ඉවත්ව යයි.
fcacc19d54	ඇයි කියලා නම් මම දන්නෙ නෑ.
fcacebb04e	එලෙස කඩිමුඩියේ එළිදැක්වූ
fcad07d911	ඒකට නොවැ
fcad324527	මොලේ පොඩ්ඩක් අවුල් කරගන්න
fcadb27e31	කටු කන බලු රැල රෙද්දෙ එල්ලිලා බාධා කරනවනෙ
fcae3ee22a	somawathiya
fcae8cb17e	අපහසුතාවන්ට පත් වූ අවස්ථා ඇත.
fcaf0e6717	ඒ තරම් නැතුව ඇති.
fcaf15acc3	ඩෙංගු ඔය බෙහෙතින් සනීප වෙන්නෙ කොහොමද
fcaf94023c	එනිසා එහි හොඳ වගේම නරකත් තියනවා
fcaf9b0490	මිනිසුන් ගේ ජීවිතය
fcb044d92e	රෝපණය කර ඇති නිසා ය.
fcb08ce162	සාමාන්‍යයෙන් මේ වගේ කාලෙක
fcb09dc4ee	විද්‍යාවට සාපේක්ෂව බොරුය.
fcb14c3c22	කෝල් එකක් ගන්න
fcb163649d	ඔන්න දවසක් හැරිය කිව්ව ශාන්තට
fcb1c2f18e	විශේෂ ඕනෑකමක්‌ ඇතිවෙයි.
fcb27f6be5	යත්න දරන බොහෝ අවස්ථාවන්හිදී
fcb314c7f2	උන් ට පස්සේ බැච් එක එක්ක එකතුවෙන්නත් කිසි බාධාවක් උනේ නැහැ
fcb32c90b1	මේ ගීතය දෙන්නද
fcb34d86d4	cultivation in sinhala
fcb385a2be	එළවලු තෙල් බෝතලයක් ගත්ත
fcb38d9e80	ඔය වර්ග පූර්ණිකාවෙ
fcb4605ccf	මෙම තත්වය
fcb4809e32	කර්මය පිළිබඳ බුදු දහමේ ස්ථාවරය
fcb4f4e065	ඉතින් මන් ඔයාලට මේ පාර ගෙනාවේ
fcb50594d5	ආත්මීය ලෙසින් පවා දියුණු ජාතියක් බවට පත් වෙලා
fcb507121a	එයාගෙ ඥාති පුතෙක්
fcb531851b	අපේ ආගම දහම හමුවේ
fcb5be75dd	mervin silva jokes
fcb60ff512	රාත්‍රී භෝජන සංග්‍රහය පසුගියදා පැවැත්විණි.
fcb6706178	අධ්‍යාපනය කුසලතා පානීය ජලය ලබාදීම
fcb6885339	හැරී පොටර් කතා මාලාවේ
fcb6f9f4f1	විශේෂිත ඇඳුමක් ඇන්දවිය යුතුය.
fcb6fc3c44	එම ආගමේ පදනම වූයේ
fcb70af127	එනම් ශුද්ධාෂ්ටක කලාපයක්
fcb7579e1a	උඩින් උඩින් අඩි ඔබමින්
fcb78c047c	විද්දියාව උගන්නපු සර් කිව්වනෙ.
fcb79e4e0b	මෙසේ ඉදිරිපත් කරන්නට විය
fcb8396f7b	යක්ෂයන් මෙන් හැසිරෙනවා.
fcb8be897f	ටිකින් ටික වෙනස් වේගෙන යන
fcb8e6bc00	මගධ රට එක්තරා ජනපදයක්
fcb8edcf6f	එදිනෙදා ජීවිතයට සම්බන්ධ කරගත හැකි
fcb8f9641f	ගෙදරින් එළියට ඇවිත් බලනකොට
fcb9114dda	පාහියන්ගල බලා වැඩම කරවනු ලබන්නේ
fcb93ef0dd	ස්ත්‍රීන්ගේ කාමුකත්වය පිළිබඳ ගැඹුර
fcb96456db	තවත් මහ රහත් උතුමන්ට පවා
fcb98b1ceb	පුටුවේ අලවන්නේ කෙසේද කියා
fcb9c477a6	සුවිශේෂි තැනක් හිමිවෙයි.
fcb9d0a20e	හිටිය නම් අනිවාර්යෙන් දකින්න ඕන
fcba2c3ff8	මම නවය වසරෙ වගේ ඉන්න කාලෙ.
fcba4090e2	ෂහ් නියම කෑම ටික.
fcba62007b	මුළු තැනිතලාවම සිනා හඬින් සංගීතයෙන් පිරුණා.
fcba8e45b3	තණ්හාව ඇති වෙයි
fcbaafa997	විද්‍යාත්මකව පැහැදිලි කර දෙනු ඇත.
fcbcebfbfc	ඒත් දිනසිරිගෙ ගමනට
fcbd4f597d	මේ උපමාව දක්වමින්
fcbd506155	ගාථාව වැරැදියි.
fcbe5f6d19	අර කොල රස ගතිය
fcbea0139d	යනුවෙන් එක් රෝගී කාන්තාවක්
fcbecb766f	හදිසි කුඩා අනතුරක්
fcbecf8e6f	බෞද්ධ සාහිත්‍යයෙහි සඳහන් වන අන්දමට
fcbf641d10	බුද්ධ රූප,
fcbfd0c009	බෝධිය ආසන්නයටම
fcc0cfbd11	කොරානයේ ඇති ලෙස විසදෙනු ඇත.
fcc1037dac	උඹ කරපු ඒවත් දාහන් කියල කොටන්න ගියේ
fcc1571062	තනිකර කළුගලින් නිර්මාණය කරන ලද
fcc16653b4	අප අද සිටින තත්වය
fcc19cd593	එදාත් හසරැල්ගෙ අතේ
fcc1b112c0	මෙහෙයවෙනවා කියලා හිතන්න පුළුවන්ද?
fcc31eafc3	එදා ඉදලම මේවා ගියේ
fcc342fe41	අපි පිළිවෙතින් සැරසී බුදුන් වඳින
fcc44ca2e9	ඔයා ඇයි ඔය කියන වෛරය වපුරන
fcc4c3e650	උතුරු පළාතේ හමුදා කඳවුරුවලට පවතින්න
fcc4cad045	රටේ ආර්ථිකය පිළිබදවම
fcc4ded065	පරස්පර අදහස් දක්වනවා.
fcc4ef220e	හදිසි ප්‍රතිචාර සංසදය පවසයි.
fcc52c287d	බටහිර රටවල ඈමරිකාවෙ
fcc596b567	keybord stand with
fcc6db41c4	සුනිල් සහ ඔහුට පදමාලා රචනා කළ
fcc6ef7fe8	විමසිය යුතුය.
fcc8167103	සඳහන් වෙලා තියෙන්නේ අල්ප ප්‍රමාණයක්.
fcc86fffca	ගැරඬි මැරුවොත්
fcc9556910	තිබුණා නම්
fcc9eff4c3	අනික තමයි ශ්‍රේෂ්ඨාධිකරණය විශ්වාස කරනවා
fcca871968	තිලකා කොලොම්බු කොටේ උඩ තියලා
fccb0b3115	ලාංකිකයන් උපන්ගෙයි සමාජවාදීන් වීමට
fccb2b111b	උඹ කොහොමද දන්නේ?
fccb73ece6	විස්මිත විදුලි දාංගලය දෙස බලමින් සිටින අතර
fccbb45efc	දේශපාලන බල අධිකාරියට
fccbf0bf87	එයා ඒක හැම වෙලේම
fccc55edd2	මේකෙන් ගියාම සිංහල ගන්න පුළුවන්
fccc593173	තනි පුද්ගලයෙකුට හෝ කුඩා කණ්ඩායමකට හෝ
fccc706574	නවයාලතැන්න දුම්බර මිටියාවතට අයත් බිම් කඩකි
fccc77b46e	මේක තමයි අවස්ථාව
fcccdf835c	සිංහල උප සිරැසි සමඟින්
fccd108c91	එකක් පැඞීට
fccd382350	iron garden chairs
fccd43c49b	එහෙත් ඒ සමඟ ම අපට
fccd4b4c3e	සිතිය හැකි අවසන් පද කිහිපය
fccd8ad994	මේවා සමාජයට කරන වැදගත් මෙහෙවරවල්.
fccdb7d7a7	එක දිගට කතන්දර අහලා ඔයාලට මහන්සිත් ඇතිනෙ
fccdc8f9de	මෙයින් ප්‍රධානය.
fccddc14e5	උන් වහන්සේ මේ රට රකින්න හැදුවෙ තොපි වෙනුවෙන්.
fccdde58e3	ජනප්‍රවාදය ඔස්සේ
fcce1ee079	ඒකට සල්ලි ගන්නවා නම්
fccebce9ad	කිසිසේත් දක්නට නොලැබෙනු නිසැකය
fccece2e25	නමුත් ඔහු ආකර්ශනීයයි කියල
fccf48cace	බෞද්ධ ආර්ථික චින්තනයට එකඟ නොවන්නකි.
fccf6fed52	එඩ්ගා ඇලන් ෆෝ ද තමා අත්විඳි විශාදය නිසා
fccf8e1452	මෙය ජාත්‍යන්තර තානාපති සම්ප්‍රදායයක
fcd003fc25	driving games for pc free download
fcd0fba307	බුදුන්ගේ ධර්මය පරයා ජාතියගෝත්‍රය
fcd103a568	ඒත් එන්න එන්න
fcd1bb1692	ඒ කවි ගායනා කරන්න
fcd29e5354	ඔබට ලද හැකි කායික හා මානසික
fcd2b30e61	ප්‍රදර්ශනය වනුයේ සැබෑ ජනමතය සම්බන්ධයෙන්
fcd2dfa6ab	රන්මැණිකා අනුරාධපුර ප්‍රදේශයේ මෙම මධ්‍යස්ථානය පවත්වාගෙන ගියා
fcd2f99ee2	අපි මොකක්ද කළ යුත්තේ කියලා
fcd3388352	එම ප්‍රදේශයේම සමාජ ශාලාවක
fcd3a6c707	උඹ වගේ එකෙක් මෙහෙම හරි
fcd41f9326	තේරෙන්නේ නැහැ.
fcd4a1138c	රූප රාමු බලමින් කරන්න බැහැ
fcd4d01b32	අධ්‍යාපන ක්‍රියාවලියේ කලාවට,
fcd58bf6dc	එය සාර්ථකව සිදුකර ගැනීමට
fcd6057fb0	ඒත් රෝස්
fcd60baa9c	කොච්චර ජනප්‍රිය වුනාද කියලා.
fcd6cd0e17	කුමන ගෞරවයක් බලාපොරොත්තු වෙනවද යන්නයි.
fcd6e09ea5	white saree with red stone
fcd7141a5b	එම ටොරන්ට් එක
fcd721c6ed	මෙය ආගමික වශයෙන්
fcd7cdc5b4	අඩු වෙන්නෙ නැහැ
fcd8047758	වැඩේ දිගටම කරගෙන යන්න
fcd836e424	ඒත් අම්මගේ ජනප්‍රිත්වයෙන්ම
fcd883539c	driving games free
fcd8acb909	මෙවැනි පුවත් පලකිරීමෙන් එවැනි අපගේ බුද්ධියට නිගා කරන්න එපා
fcd907950e	නමුත් ඒක කලා ලොවේ
fcd98b0950	අනෙක් ටෙලි නාට්‍යය
fcd9b8ae2c	උඹලගෙ ආගමෙන් උඹල බැඳලා තියෙන්නෙ
fcda282af1	මගේ ඇසින්ම දුටු නිසා
fcda84c662	ඔබලාගෙ අදහස් අනුව
fcdbd2e1f7	අනාගාමී,
fcdbdc9dee	gossip news
fcdbe2996d	අවම වන පරිදි කක්ෂ ගත වන බව.
fcdc1a4e24	කියලා වැඩක් නෑ.
fcdc705b4c	තුති ඔබට ජය.
fcdce0b2d5	එහෙම අයෙක් කිසි දිනෙක
fcdd51ce43	නුවණැත්තන් ඇලුම් නොකරන බව
fcdda1b77b	අනාවැකි කිහිපයක්
fcddb37bf9	එහි තිබෙන්නේ ශාරීරික අංග ලක්ෂණ
fcddfaf2bd	ඔහු වේදිකාවට අවතීර්ණ වූයේ.
fcde1a34f0	ඔබේ අලුත්ම නවකතාව
fcde7c85bb	තවත් ඒ වාගෙම අභියෝගයක් තිබුණා
fcdeb7710a	මේකෙන් අයින්ස්ටයින්ගේ මයිල් ගහකටවත්
fcdf0d2816	මෙම වෘක්ෂ පූජාවේ ඉතිහාසය ප්‍රාග් බෞද්ධ යුගයේ සිට පැවතුණකි.
fcdf7aa8a4	කරක් ගහපු කොල්ලො කුරුට්ටන්ට
fcdfd83763	රුහුණේ පුංචි සීගිරිය නමිනි.
fcdff9caa5	දාඨාවංශයට හිමිවන බව පැවසීම
fce0298b65	බත් කන්නවත් එන්නේ නෑ.
fce07b9ae2	නියම දන්තධාතූන් වහන්සේ
fce0bc5f55	සොබා දහමේ චමත්කාරය මැනවින් පිළිබිඹු වෙයි.
fce181447f	ඉරානයේ කාන්තාවන්ට සිය හිස කෙස් පෙනන පරිදි
fce18f91b9	තවදුරටත් දේශනා කළහ.
fce19146f6	එම ගෝනාගේ මස්
fce207f022	ශාසන චිරස්ථිතියෙහි මූලික කාරණාව බව
fce2de723a	එසේ බැංකුවලට සින්න වූ සංරක්ෂණ
fce3092f6a	රැකියා කටයුතුවලින් වෙහෙස ගෙන දෙන අතර
fce3a24c46	මවුපිය ගුණ නොහඳුනන
fce435b1d3	භවයක් භවයක් පාසා ගැටගසන
fce529c8a5	මාර්ග සිත්ය.
fce5a32cf3	මිනිසා පමණක් නොව
fce5a38a1c	ඇටසැකිල්ල පාට වෙනස් වෙනව පේනවා
fce6a02310	මුරගල තුළින්
fce6eaf434	බොහෝ දෙනාට හිතසුව පිණිස ද
fce74acc27	පත්තිනි දේවියට කැප කර ඇත්තේය
fce7808c73	වැව දෙස බලා සිටියෙමු.
fce7ffb141	රජතුමාට පක්ෂපාතිත්වයක් දැරූ බෝමුරේ උඩුපිටියේ ආරච්චි
fce8a5da79	අධ්‍යාපනයෙන් හෝ විශ්වවිද්‍යාලයෙන් වුණත් බැහැ
fce917e275	උඹ වාසනාවන්තයි අයියෙ
fce96b624d	ඒක තමයි පරම්පරා පරතරය කියන්නේ!
fce9a23567	ආහාරයේ බලපෑම ආදිය
fce9c661e1	උන්වහන්සේ වැඩිදුරටත් පැවසූහ
fcea28fb73	මට චෝදනා කරන්නන්ට වඩා
fceac1253a	මෑන් පොත් කියවන්න පටන් ගත්තෙ
fceadb2e3f	පිනට දහමට ඔවුන් කැමති අය වුවද,
fcebb91aa8	ඒ ඇලුනු සිවුරු සිරුරෙන් ගලවා ඉවත් කරති
fcec54d36c	ඔහු නිවන වෙතින් ඈතට යෑම
fcec682128	ඒත් එකක් කියන්න ඕනේ
fcec83f398	ගොඩක් විලාසිතා ගැන
fced939dfd	යානා බොහොමයකින් ලැබුණු තොරතුරු වලින් කියැවුණේ
fcee4acb9c	හැමදේකටම ප්‍රමිතියක් තියෙනවා කියලා.
fceec60da6	එය බටහිර ප්‍රස්තා පිරුළකට අනුව
fceecf2c7d	විසිවන සියවසේදී
fcef7b7bf0	මෙවර අය වැය මගින්
fcef918312	employee identity card samples
fcefc24aed	මග පෙන්වීමේ රාජකාරිය සඳහා සූදානම්ව
fcefd33eb0	එල එල නවීන් සහෝ
fcefe6ed76	එය යම් සුවිශේෂි අරමුණක් මුල් කරගෙන
fcf03f2e69	ඇයට ලොව පුරාම තිබුණේ ඉහළ පිළිගැනීමකි.
fcf0dbc833	පිරිකර කන්දෙහි පූජා භාණ්ඩ තැන්පත් කර
fcf104e730	අපිට මැද පෙරදිග ඉන්න
fcf11c2b3b	කවදත් අපි වගේ
fcf15f0653	තුන්වන පාර්ශ්වයන් ගැන කියනවාට
fcf1d2a098	අපි මේකට විරුද්ධයි කියල
fcf1d3cd90	කාලයට අයත්වන බවත්
fcf2889f07	අපි දුක ගැන කතාකරන්නේ
fcf3280452	නිවැරැදි තීරණයකට එන්න.
fcf32dc773	ආයුෂ්මත් ආනන්දයන් වහන්සේ ඇමතූ සේක
fcf3c374b1	සිංහලයින්ට මේ බිම කෙරෙහි
fcf3f4e76e	එය නොදන්නා කිසිවෙකුට
fcf4277e12	බුද්ධ දේශනාව දෙස
fcf46949a1	එය අතු ගා පිරිසිදු කරනු ලබන
fcf4925eea	point and click horror flash games
fcf4fc479e	බුදුරජාණන් වහන්සේගේ කාලයේ
fcf526bfb3	හරිම විනෝදජනක
fcf5ad781b	sinhala web
fcf5b25bf6	එය පිහිටි ස්ථානයේ
fcf63d8aef	අහන්න ක්‍රමයක් නැද්ද හැබැටම
fcf668cbd6	සම්බන්ධය කාලයත් එක්ක අඩුවෙලා ගියා.
fcf67ce68d	අලි හිරිහැරේ කියන්න පාර
fcf698368b	මෙහි පැහැදිලිව දක්වා ඇත.
fcf7083342	මේව බලන්න යන කට්ටිය
fcf77e39ae	මෙම භූමියෙහි ඉතිරි වී නැත
fcf786fd5f	එකිනෙකා පරයන්නට මෙන් මේ අන්දමින්
fcf85d1234	ඉන් ගුණයක් ලැබේවිද?
fcf980be99	අපි කීප වතාවක්ම මගේ මිතුරිය සමඟ ගොස්
fcf9d6bed5	අපි කාව බලයට ගේන්නද
fcfa343ca5	ඉන්දීය සාගරයේ වෙනත් කලාපයකට යොමු කළ බව
fcfa89026d	අපි ඉස්කෝලෙ කොල්ලො කට්ටියක් එකතු වෙලා
fcfb2a845a	ආවඩනවා කියල.
fcfb693b0f	විය ගස සහ නගුල
fcfbbbfb5c	වෙනස් කිරීමේ හැකියාව එයාලා සතුයි
fcfbcd441f	මගේ තුන්වෙනි ගැන්වීම සඳහා
fcfbff3157	තවත් භාණ්ඩ එහි විය.
fcfc2b42af	බුදු දහම විතරයි
fcfc508bfb	ඒ ගැන කල්පනාවක් නැතුව නැගිට්ටහොත්
fcfc5d39d1	අධ්‍යාපනයේ කේන්ද්‍රස්ථානය
fcfc80e0f5	සාහිත්‍ය මාසෙ නිමිත්තෙන්
fcfd5d363f	මේවා කියවනකොට
fcfe621784	එවිට පිවිසෙන ජනතාව අතින්
fcfe8b1c03	එහෙත් එහි විශේෂත්වය
fcffcffef5	හැබැයි ටොමීව පෙනිලා
fcffd0b475	වේයන්ගොඩ දුම්රිය මාර්ගයේ ස්ථානයක
