ff004e227f	ආ! පලවෙනි ඒක කිවුව නේ?
ff00d43801	ඔබ මතු බුදු වන දවසේ
ff01ad789f	අරගෙන සුමාන දෙක යත්දි මෙහෙමනම්
ff023a96c4	එයාගේ මංගල්‍ය දවසේ පැනලා
ff02d18e93	ප්‍රකාශයක් හා සමානය.
ff02fdcf9c	එවැනි දේ කරන්න පුළුවන්
ff030ff158	පිස්සු වගෙ නියමනෙ.
ff03e0911a	අපේ රටේ මිනිස්සු බුද්ධිමත්
ff03fdb22e	ජනතාවගේ ආදායම ඉහළට
ff0449f1fd	එක් එක් ප්‍රමිතීන් පසුපස යනවාට වඩා
ff04657b03	එහි අවසන් ප්‍රතිඵලය
ff04c950f5	දිගටම දෙන්ඩෝ
ff055dbfd5	අන්න නංඟිල වරද්ද ගත්ත තැන
ff05ad920b	ආටානාටිය කියවන්න ඒ වගේම විමසන්න
ff05e20e91	අලුත් සමාජයකට
ff06061711	මිනිස් ඉරණම විනිශ්චය කිරීම කෙරෙහි ද
ff06243bcc	මේක දැක්ක
ff06468d21	සෑහෙන්න මහන්සි වෙලා තියෙන වග දැනෙනවා.
ff06df18a2	මේ තියෙන්නේ ඔළුව
ff0731e99d	තෙල් පොහොර නොයොදා කුරහන් වගා කරන නිසා
ff07938d9e	පිළිගත යුත්තේ
ff079a7345	ලෝක ගුරු දිනය තියෙන නිසා.
ff07bf712c	ඒ සියලූ කටයුතු
ff081a750b	මෙතැන දී මං හිතන්නෙ මූලික ව ම ජනතාව දැනුවත් කළ යුතුයි.
ff0870f532	අත්තටු අකුලාගෙන මරබියේ
ff090587b6	මමද එක්වෙමි
ff09bb81d0	එහිදී මිහිඳු මාහිමියන් වහන්සේ
ff09f75d13	වාරිමාර්ග ක්‍රමවල ඇති විද්‍යාත්මක දැනුම
ff0a6f2056	ඔබට තරමක ආබාධිත තත්වයක් ඇති
ff0aadfa20	තේරුම් ගැනීමටත්ය.
ff0bbb8b3f	සංස්කාරයන්ගේ වැඩීම ද ඇතිවන්නේය.
ff0bde22ee	ඉතින් ඒක අපි වගේ පුංචි රටකට ගැලපෙන විදිහට
ff0bf7f0a0	ආර්නි ෆියර්ටොෆ් මහතා ගැන
ff0ce30e74	සාකච්ඡා තුළින් මෙම තත්ත්වය සමනය කර
ff0d052187	මුල් බැසගෙන තිබේ.
ff0d5098bc	එහිදී නවක නිලධාරියෙකුට දක්නට ලැබෙන්නේ කාර්යක්ෂම වෘත්තීය සගයන් පිරිසකි.
ff0ea0844b	අපට හමුවූ තවත් ති්‍රරෝද රථ රියදුරෝ පිරිසක් කීහ.
ff0ec84900	ඇය හදාරා තිබෙන්නේ පාරම්පරික වෛද්‍ය වරු වෙනුවෙන්
ff0f8c1dfe	පෙරට වඩා වර්තමානයේදී
ff0fb0460f	අනිත් අතට මාතලන් කියන්නා වගේ
ff0fb17cf8	ඇතැම් විශ්වාස නිසා
ff0fb742df	ප්‍රධාන ඉරියව් හතරක් පිළිබඳව සතර ඉරියව්
ff0fca1ed6	ජීවත්වීමේ අභිමානය විශ්‍රාමිකයා තුළ පවතී.
ff0fd2852c	උනන්දුවක් ඇතිවන්නේ නැහැ.
ff10081aa4	පුරෝගාමී ආරම්භකයා වූ ජී.බී.
ff1008baff	අපි ජීවත්ව ඉන්න තුරු
ff1014d6c1	සංඛාර උපාදානස්කන්ධය
ff103b0f87	එතකොට ඔබට මේ දිව්‍ය විමානයෙහි
ff10c7e0ab	ගහන්කෝ මාසකට ඇති.
ff11107440	මං ලවා ඒක බලවාගන්න
ff111206b5	මීමා සතුන් වත්තට ගෙන නොගියද මස් කඩයට දැක්කවීමට පසුබිම සකසා ඇත.
ff1231e144	ආනයනික කිරිපිටි සම්බන්ධයෙන් දැනට පැන නැගී ඇති ගැටළු සහගත තත්වයන්
ff12ef1b0c	පුළුවන් තරම් බලනවා.
ff1336bdb5	ඇතැම් දිනවලදී මහා කස්සප රහතන් වහන්සේ පිණ්ඩපාතයෙන් පසු
ff138902d6	එම වාර්තාවේ දක්වා ඇත.
ff13935a5d	රිංගීමට පමණක් නොව
ff147fb5dd	හැම අර්බුදයකටම හේතුව ඒකයි
ff14ad3cac	එතන මර්වින් සිල්වා හිටියා නම්
ff15491a2d	මොකද ඒකට හේතුව ඒක කය හා බැඳී පවතින දෙයක්.
ff1597a2e5	ගෞතම බුද්ධ ශාසනයේ ධර්මය අවබෝධ කරනවා
ff15c8c858	යම් කෙනෙක් වේද
ff15df5dc8	අද වෙනකල් මම කරපු හැම නිර්මාණයකදීම
ff15f6f9de	මම පුංචි වැඩියි තාම.
ff163215ab	සිත් පත්ලෙන්ම උපන්නක් විය යුතුය.
ff1656cd4a	පිය රජ්ජුරුවන් වහන්සේ
ff171519a4	ජයම වේවා
ff1756a813	sri lanka police
ff176f69a8	සමහරු ඉඩම් ප්‍රතිසංස්කරණ කොමිෂන් සභාවෙ
ff17d9a203	විසඳුම් ලැබි නැතත්
ff182298bb	සැලොන් කරන්න බැහැ.
ff184ed453	මං සාමාන්‍යයෙන් ගන්නෙ
ff186e25f2	අනේ ස්වාමීනී මෙයට පිළිසරණ වන සේක්වා!
ff18f3603a	පිංතාලිය
ff198fec66	එක්සත් ජාතික පක්ෂය ජනතා විමුක්ති පෙරමුණ ඒ පුද්ගලයව අතහැරියා
ff1990471a	උදාහරණයක් හැටියට
ff19a0accb	ඉන්නේ නැතුව මේ සම්පුර්ණ ලිපියම කියවන්න
ff19b05d63	කතා කරන්න ඕනේ රඟපෑම ගැන.
ff19bcd65f	බොහොම ස්තුතියි සහෝදරී
ff1a417740	බොහොම වෙහෙසක් දරනවා
ff1a4bb5fd	හරියට බැලුවොත්
ff1a92080a	කුමර බ්‍රහ්මචර්යාව ආරක්ෂා කළහ.
ff1ad27205	ත්‍රිවිධ අංගයන්ගෙන් ප්‍රතිබද්ධ වූ
ff1b380465	එම කල්පයෙහි
ff1b8e6281	අපට ඔහු ඇසුරු කරන්නට ලැබෙන්නෙ
ff1ba78eb8	හැම දෙයක්ම නැතිවෙන තරුණයෙක්
ff1be7d093	ආයුර්වේද දෙපාර්තමේන්තුව යටතේ ලියාපදිංචි කිරීම
ff1beb351a	කිහිරි ගස්වලින් යුත්
ff1c0044ba	1964 අගෝස්තු 9 වැනිදා.
ff1c8c5db4	ඇයගේ පර්යේෂණ කරන්නට එකඟ වෙන්න ඕනි.
ff1cc151c0	එයින් බස් හිමියාටත් බස් සේවකයාටත්
ff1cc78721	එය පරම අර්ථය නොගනී.
ff1cd3ebda	අවසානයේ බූරුවන් ගේනවා කියූ රවී
ff1d12ca63	කොත් කැරැල්ල මතට කිරි වැක්කෙරෙනවා වගේ.
ff1d1a1bdf	නමුත් පළාත් රාජ්‍ය සේවය තුල ඇතැම් නිළධාරීන්
ff1d86e9ba	අපි යම් යම් අවස්ථාවලදී
ff1dd47114	උතුරු නැගෙනහිර අතුරුදහන්වූවන් සොයා බැලීමේ ජනාධිපති කොමිසම පවසයි
ff1e834755	කොලිටි කොන්ට්‍රෝල් කල නොහැක.
ff1e947446	සාමය සතුට වෙනුවෙන්
ff1ef37505	දකුණේ සිදුකළ මෙහෙයුම්වලදී
ff1f368c1a	ඔබදිගටම භාවිත කිරීම මගින්
ff1fb59ac8	වෙලාවට වැඩකරන්න නං
ff20007ed6	මොකද මේ නත්තල අපි ගතකලේ
ff2049f48a	විලීගේ ආත්මය
ff2127e03e	මේවා කෙසේ නම් ඓතිහාසික භෞතිකවාදයත් සමඟ පෑහෙන්නේ ද?
ff212c775f	mature
ff21e97d43	න්‍යග්‍රෝධ සාමණේරයන්ගෙන් ධර්මය අසා
ff22cc7237	හැමෝගෙන්ම ආදරයෙන් ඉල්ලනව.
ff23555317	ඒත් මං
ff2383f315	උන්වහන්සේව ලෝකයාට හඳුන්වා දුන් ආකාරයයි ඒ.
ff23e4d875	අමාත්‍යාංශ සහ කාර්යාලයන්හි සහායක නිළධාරීන් ලෙස
ff244bf250	තේජෝ ධාතුව කියන්නේ
ff25357067	බෑන්ඩ් වලින් ජනප්‍රිය උන රොක් ගායකයොද?
ff255ecd84	එසේ විවෘත වීමෙන් පමණක්
ff255ed6cd	එහෙම කරන්නේ
ff2568e182	ගෑණු ලමයින්ට පහත් තැනක් දෙන්න
ff258855e4	මම හිතනවා.
ff25d781ad	ගිනි විජ්ජුම්බරයක් නැටුවේ.
ff267fcdcd	එය ඔබ ගැන පමණක් නොව
ff26da5e5c	කමක් නැහැ කියලා.
ff273e3940	වඩා දුෂ්කර මාර්ගයක යාමෙන්
ff27d492a3	ගන්නේ ගිහියන්ගේ පැත්ත.
ff28133b8a	හොදට හොයලා බලාපියව්.
ff283baccf	කෙලෙස් හටගන්න අරමුණකට සම්බන්ධ නෑ.
ff2858d8dd	ද්වයනිඞශි්‍රතය පවතී.
ff28e43711	රටේ සියළු ජාතීන් එකතු වෙන්න ඕනැ.
ff29e70ba2	උදෑසනම ඔහියෙන් පිටවෙලා
ff2a7330d7	ඔවුන් කාන්තාරයේ තනි වී නැත
ff2af1585e	එහෙත් ඔවුහු බෝසතුන් ලෙස
ff2b803227	එක පිළිබිඹු වෙන්නේ
ff2c04a311	blog name generator
ff2c2d83e8	මිනිස්සු පැනගෙන යයි පොලිමේ බලන්න
ff2c6939c3	ඔන්න ඕකනේ
ff2d259d8e	ඉතා සුහදව කථා කළා
ff2e5630a2	උන්වහන්සේ ඝාතනය කිරීමට පවා ක්‍රියා කළේ ය.
ff2ebb0198	බාරහාරවලට ප්‍රසිද්ධය
ff2f180877	තාක්ෂණික අංගයන්ගෙන් ද
ff2fba2057	certificate symbol
ff2fe3f8d5	නකල්ස් පැත්තට තමයි.
ff2ff70dcd	එය වැරදි පූර්වාදර්ශයක්
ff304e12e6	සකස් කල යුතුය.
ff30704b73	එයාගෙ ගෙදරට හොරෙක් පැනලා
ff3173a9e5	අවසාන දිනුම් කණුව පසු කර ළෙලදිය යුතු වන්නේය
ff3484a215	ජාතක කතා කියලා දීපු හැටියි.
ff3567bbaa	රුසියානු මහා ගත්කරු ලියෝ තෝල්ස්තෝයිගේ
ff3585eece	නිවනින් ඈත් වුණා කියනවා.
ff362f5b52	මගේ සිතේ ඒ සඳහා කිසිදු දොම්නසක් හට ගත්තේ නැහැ.
ff3680eecd	අපේ ජීවිත වලට අදාල තීරණ
ff36ef40bb	එබඳු බිම් පෙදෙසක්, ස්ථානයක් ලෝකයේ කොතැනකවත්
ff37023561	ගැලපීම සහ කතාවේ උන්නතියට ඇති බාධාව
ff372180fc	නවීන මහා මාර්ග පද්ධතියක් අත්‍යවශ්‍ය බවයි
ff37245885	queens hotel
ff37dc241e	ඔහුටම පරාවලල්ලක් විය.
ff37e356e1	තවත් හිතකට ඇහුම්කන් දෙන්න ලෑස්ති නෑ.
ff3858fc9b	අපි ලෝකෙම කාන්තාවන්ට අම්ම කිව්වත්
ff387b7390	කොරල් වලට හානි සිදු වී ඇත
ff389cb8e1	තම වසඟයට හසුකර ගැනීමට ද
ff39399395	බුදු පා පහසින් පවිත්‍රත්වයට පත් කළහ
ff395c78f7	කැමරාවේ සටහන් වූයේ මේ විදිහට.
ff39dbfaa6	ඔය කතා අහන කොට
ff39fb9a6d	හොඳ කොපියක් එනකංම ඉන්නව.
ff3ab9d7df	තුවාල සහිත බව ද සඳහන් වෙයි
ff3b1121c8	ජනතාවට දරා ගන්න බැරි තරම්.
ff3b190b08	අන්ලිමිටඩ් නැතුව බෑ
ff3ba2eb11	මව පුතු කෙරෙහි දක්වන මෙත්තාව
ff3bca6f22	software license
ff3bcb1b97	දැනට පාලනය කරනු ලබනුයේ
ff3cc16e50	රෙකමදාරු කලාට
ff3cda146c	මියගිය අයට පින්දීම පිළිබඳ
ff3cf06362	යම් අගයක් එකතු කරන්න
ff3d313fad	අමතක කළ නොහැකි කාරණයකි.
ff3de8a918	හැමතිස්සේම බුදුරජාණන් වහන්සේ ගැනත්
ff3e272c4b	බැඳීම්වලින් සිත මුදවාගැනීම,
ff3e33c96a	එහිදී සිනමා නිළි මාලනී පොන්සේකා
ff3ecad0fc	එතකොට ඒ ළිඳ කපන්න මැදිහත් වුණ කෙනාට
ff3ee9e326	එත් අවසානයේ ඔහුටත් සිද්ධ උනේ
ff3f19c065	මේ දක්වා සිදු වනුයේ
ff3fa01041	හැමෝටම වෙනස් අත්දැකීමක් එක්ක
ff40719088	මොහු සම්බන්ධයෙන්
ff409a60a4	පසුගාමී ගෝත්‍රික රාජ්‍යක් වීමයි.
ff40d25490	ප්‍රශ්න තිබුණත් ජයක්‌ අත්වේ
ff4115cb96	සතුන් මැරීම
ff413be2b6	පෙණපිඩු මවමින් ගල්තලාවක් දිගේ බැසයන්නේ රහලගල හා නාත්තකන්ද අතරිනි
ff41aa392b	අන්තිම අසාර්ථක සිංදුවක් මේක.
ff41f33202	ඒ ඒ සුළු පිරිසගේ ප්‍රයෝජනයට.
ff42838ce0	තැන්පත් වෙන්න උපකාර වෙන්න පුළුවන්.
ff42f83c58	විද්‍යාවේ නව මංපෙත් සොයා යාම
ff4333a3d6	අන් අයෙකුගේ බ්ලොගයක
ff447271fd	ඊජිප්තු ජනතාව ඉඩ දෙනු ඇද්ද?
ff44c6aece	එතකොට අර පරණ පුංචි සින්දුව
ff45047e18	ඊට අප අනුගත වීමෙන්
ff454a86b1	ඒ කොහෙවත් යන්න අකමැති අය
ff4551a224	ජාතීන්ට ස්වයං තීරන අයිතිය දෙන්න.
ff4572e3b9	or
ff457d1707	පළ වූයේ ය.
ff461c3eb5	එය සත්තාවේ හෙවත් පැවැත්මේ
ff46fecbf6	ඒ නිසයි.
ff471602d7	සමාජයට නරක ආදර්ශයක් ලබා දෙයි
ff47fb9b55	අපට ආඩම්බරයක් මැතිනියනි.
ff481970cc	හිතලා බලන්න
ff48357a53	දහම් අවවාදයක් දුන්නා.
ff497acdbf	මොනවාද ඔවුන්
ff4994c0e6	හැම අතින් ම හොඳයි.
ff49c42ef7	දෙමළ එක –හින්දි එක වැඩක් නෑ
ff4a1c7d2c	titanic
ff4aeba92f	මේ අනුව ශ්‍රමණ සම්ප්‍රදායේ
ff4bc184ec	රාජ්‍ය ආයතන වල වගකීම්
ff4bf4675f	අත්අඩංගුවට ගෙන නොතිබිණි.
ff4bf9be21	සිනමාශාලා අයත් ආයතන ප්‍රධානීන් බලාපොරොත්තු වන්නේ
ff4c2af327	කියන කථාව ඇත්තක්ද?
ff4cc05851	අනාථවන ළමයින් සංඛ්‍යාත්මකව අඩු බවයි.
ff4d830845	පානදුරාවාදයට මූලික වූයේ
ff4d9a0a6a	අත්‍යවශ්‍ය දැයි මම සිතමි
ff4d9eca97	චතුරාර්ය සත්‍යය අවබෝධය ඉලක්ක කරගෙනයි
ff4e2d8759	විද්‍යාත්මක ක්‍රමය
ff4e8731bc	ඔය කතාව නම්
ff4ef02e82	සමාජයෙ ගැටලු ගැටුම්, අවම තත්ත්වයට පත්වනවා.
ff4f0a51e2	මොහුගේ ක්‍රියා කලාපය
ff4f3baaa6	අප්‍රමාදීව බණ භාවනා කරන අය
ff4fc84303	මීට කල්ප බොහෝ ගණනකට පෙර
ff506cbea0	ප්‍රභාකරන්ගේ උපන් දිනය සැමරුවේ.
ff50769b7d	මුලින්ම අදහස ඇවිත් තියෙන්නෙ බෙල්ජියම් ජාතිකට.
ff5089e0a2	අපොයි ඔයිට මෙයිට වැඩිය හොඳයි
ff51280c1a	බුදුරදුන්ගේ ගුණ ගායනා කළ නිසා ය.
ff51d1d42d	ඒවා බොරු බවට
ff52226e26	දේවාරෝහණ සභාව ඒකාලෝක විය
ff53b7e2fb	බස් හිමියා තමාට කැමති නගරයකට
ff5499a7ab	අද පවතින මේ සියලුම දේ
ff54bd70d3	led
ff5542d923	පසුගිය දා විවෘත කරන ලදී.
ff55ac5973	හොදම මස් ටික දෙන්නේ
ff55df68ea	හොයල බැලුවා
ff56611bdc	ඊලාම් යුද්ධයට එරෙහි විරෝධතා පැවැත්වූ අතර
ff572f7aab	මම මගේ නිදර්ශන තවදුරටත් ගෙනහැර දක්වනු කැමැත්තෙමි
ff5775f846	දරුවා එල්ලී මියගොස් සිටි ආකාරය
ff57c6f040	මේ හවුලට රටවල් එක් වුණා.
ff57ec0e05	මීටර් හයසිය තිස්හතරක් උසින් යුතුව ලෝකයේ උසම කුළුණ ජපානයේ ඉදිවෙමින් පවතී.
ff584a29ac	ඇවිල්ලා කිව්වා
ff587b8337	බලාපොරොතු වන්නේ එය නොවේ
ff58eb8fc7	බිනර පුන් පොහෝදා සිදු විය
ff58fc54e8	නත්තලට පෙර දින රාත්‍රියේ
ff5962c60d	උන්ට ගානක් නෑ
ff59917226	දෙව්රම් වෙහෙරට වැඩම කළා
ff59f29e2d	දින ගණනාවක් යාම
ff5a836055	අවාරයට හසු වෙන කාලය තමයි
ff5ac295d6	මොකද අද කොටස බලලා
ff5b16f8e8	අනිත් ඒවා කියවන්න ආසා උනත්
ff5b531d24	ගමෙකින් හමුව තිබේ
ff5b937cdc	මේ ධර්ම බුදුන් වහන්සේගේ ස්වරූපයට
ff5c1cf602	මම එද කොන්සර්ට් එක
ff5cb444f6	ඔයා නම් මාරම ආදර්ශමත් බ්ලොග් කරුවෙක්
ff5cd5c10d	මේවා හොඳ මාතෘකා තමයි.
ff5cf03206	face
ff5cff1c0f	හොඳ කළු පසක් තියෙනවා.
ff5d7bddba	සල්ලි ඇති යට පමණයි
ff5d96568e	මෝරෙක් වෙන්න ඕන
ff5de3301b	බිහිවන මිනිසා ස්වාධීන අයෙකි.
ff5e86b565	මෙය බෞද්ධ ස්තූප වන්දනාවේ ආරම්භය ලෙසද
ff5ea9ea7c	අරන් ආපු එකට ඇත්තටම ස්තුතියි.
ff5ebba1cd	පාලනය කරන ලද්දේ
ff5f367c0a	ශ්‍රී ලංකාවේ මූලික නීතිය වන ආණ්ඩුක්‍රම ව්‍යවස්ථාව
ff5f5012e9	සිද්ධාර්ථ රජතුමාය.
ff5f6c7568	යම් උපක්‍රමයක් මඟින්
ff61083943	සතුන් මැරීම
ff610f9f32	ඔබ නගන චෝදනාවට එකඟ විය නොහැක.
ff612d3c1e	මෙකී අතිවිශාල දියුණුව
ff6161bafd	ඒ අයටත්
ff6289281c	බුද්ධ ශුන්‍ය කල්පවල
ff6304978f	දකුණු පැත්තේ තුරු මුදුන් මතින්
ff63fede2e	කෙනෙකුට හිතෙනවා ඒ මමයි කියලා.
ff64266f4f	මෙමඟින් සිදුවනුයේ
ff64b339b6	ජීවිතයට බලපෑම් ඇති කරන ආකාරයක් පැහැදිලි වන අතර
ff64fa6d8d	උඹ ඉන්නකොට සිරියාව පෑල දොරින් පළා යනවා බං
ff652ec7a5	race 1 watch online with english sub
ff65c16ca5	එයින් ඇති කරන වේදනාව
ff6692adf9	රුපියල් ලක්‍ෂ ක පමණ අදායමක් ද ලැබී ඇත
ff66d4ccc8	මේ වැඩේ කාට හරි
ff66f8c39d	ඊයෙ පෙරේදා පත්තරේක තිබ්බා
ff67bf4262	ඊයේ දිනයේ හසන්ත වික්‍රමරත්නට ස්තුතියි
ff69161f1e	කාර්යාලයෙන් එළියට තල්ලු කර දමා ඇත
ff69629e35	එකම එක වතාවයි
ff6a65ee5b	ඒත් අම්මගේ සොහොන ලඟට ගියහම
ff6aa314f1	මගෙන් සමාවක් නැහැ.
ff6ad4a56b	දරුවන්ගේ පැවැත්මට අවශ්‍ය දෑ සැපයීම
ff6b032d33	එයාව අත්තඩංගුවට පත්කරවනවා.
ff6b186625	කදිම උපමාවක් ද යොදා ගනිමිනි.
ff6be91665	පහනක් ද දැල්විය හැකි ය.
ff6bf5ea0e	හසිත කැලනියේ ඉගෙන ගන්නා පොරක් බව
ff6c0addfc	ඔබට ගොඩක් ස්තුතියි
ff6cb87359	පොඩ්ඩක් අනිත් කතන්දරවලට
ff6d22d91d	කියන්න පුළුවන්.
ff6d552e5e	බෞද්ධයෝ හැටියට අපට බැරි
ff6e5ec8d7	ඊට වඩා වෙනස්
ff6e7bf504	එයාට කරන්න තියෙන්නේ
ff6f1a3e67	මෙනෙහි කර ගත් බව
ff6f2900dc	ඔය උඩ තියෙන චාටර් ලිස්ට් එකේ
ff6fcdaeb8	ආදරය කියන එක හරියටම
ff6ff83ecf	තවත් කාලෙකට පස්සෙ
ff7049b3ed	අවධානය යොමු වෙලයි තියෙන්නෙ.
ff70530ce1	ගල්ඔය ජාතික වනෝද්‍යානයේ
ff70965252	බොහොම පැහැදිලිව පිළිතුරු දුන්නත්
ff70990e68	සාර්ථකත්වය උදෙසා බුද්ධිමය දේපල ආරක්ෂා කිරීම
ff71b04478	අභ්‍යවකාශයේ නිශ්චිතව සිදුවිය යුතු විපර්යාසයක
ff71cccffd	rizana nafeek photos
ff72cb20f7	සාර්ථක ක්‍රමයක් නොවන බව පැහැදිලිය
ff72d4632c	දිවැසින් බැලූසේක.
ff73808355	විවද කරා
ff741c8669	පුරවැසියනුත් අතලොස්සක්
ff742e3854	ඊශ්‍රායලයට එහෙම ලේසියෙන් සටන දිනන්න ලැබෙන්නේ නෑ
ff742fd3b8	ඒක නෙමෙයි වැදගත් වෙන්නෙ
ff745210ec	මේනක පවසා ඇත
ff74666b3a	බණ ඇසීමේ දී
ff74934fc3	how to tie a bow tie
ff7571ace2	මානව ඉතිහාසයේ එක්තරා අවස්ථාවකදී
ff75d27991	ඒ ඇහැ තුළ විඤ්ඤාණයක් උපද්දවන්න
ff75e74448	ඒත් උන්.
ff76271183	අඩුම තරමේ දරුවෝ හතර දෙනකුවත් සිටියහ
ff76288903	හොඳ ටෙලි නාට්‍ය
ff763dd750	දළදා වහන්සේගේ රශ්මි කදම්බය දැක
ff767eaeb7	මහා සෑයේ ආකෘතිය
ff7689cc68	එහි ප්‍රතිඵලයත් අතර ඇති බැඳීම
ff76badd0b	ආගමික නියමයක් මත ඇඳුම් තෝරා ගැනීම
ff76e32261	අගය කිරීමට හෝ කියවීමට ලක් වෙන
ff77714aee	එයින් ද වර්තමානයේ පුද්ගලයාගේ
ff777dd38c	ඉවහල් වුණා.
ff778f7ad1	ඉතින් ආපේ වැඩසටහන පටන් ගන්න වෙලාව
ff77f3fc3d	හැම එකකටම වෙලාව බලනවා
ff781437b9	හුග දෙනෙක් ලොකු උනන්දුවක් පෙන්නුවනේ.
ff7827a928	දීර්ඝ කාලයක් තිස්සේ නොකඩවා පවත්වාගෙන යන
ff79b2b82f	නමුත් ඒ ඉල්ලා අස්වීමේ ලියුමට
ff7a12fe5c	මහල්ලන් ලෙස සැලකීම විහිළුවක්.
ff7a1ed293	sansala
ff7a9a1f06	එහෙමනම් අපිත් මුළු හදවතින්ම
ff7abc8858	මැරෙන්න හදන කොට බේරුවා.
ff7afaad84	අධ්‍යාපනේ දූර්දශාව උදා වුණේ
ff7b47b8e6	උත්සාහ කරන්න.
ff7b4ef926	ස්වසන්තානයේ ඇති වුණු වෛරී රූපයක්
ff7b674bd9	බලපෑම් කරන බවත් ඔවුන් විශ්වාස කළා.
ff7b683562	ස්තුතියි කාලිංග සහොදරයා
ff7b8e42fb	එම වීරයා බිහි කරන ලද්දේ
ff7db69b4b	කදිම විග්‍රහයක් එහි අඩංගු වේ
ff7ebfeecd	උපකරණ රඳවා තැබීමට
ff7feaec71	gta
ff80405374	ඔබෙත් මගෙත් වෙනස
ff8045feb7	හැබැයි යාළුවනේ
ff809907c4	මේසන් කියන්නේ මොකාද
ff80be374f	සිංහල දෙමළ හින්දු යන වචන තුනේ
ff8104f458	ආනාපානසති භාවනාවේ තියෙන පළවෙනි අභ්‍යාසය.
ff81c01514	flash player for windows phone
ff81d62670	ඔහු මහාචාර්යකමට නුසුදුසුය.
ff822dcd75	මේකේ ප්‍රධාන චරිතේ වෙන්නේ හැබැයි
ff825191e6	එවිට රෝගියා පවසා ඇත්තේ
ff834213fe	බාධාකාරී වී ඇත
ff8365032d	ඉන්දියාවේ දැවැන්තම මාධ්‍ය ආයතනය
ff846d5fee	මළ පෙරේතයින්ට භුත ආත්මවලට
ff84d6915a	පාලකයා ජනතාවගේ අවශ්‍යතා
ff85977ffe	අධික සුවඳකින් යුතු සුදු නෙළුම් මල්
ff8616f8a8	මේකෙදි කෙනෙක් කරන්නෙ
ff8685b539	kurunegala
ff876c9eff	රහත් වුණත් පිරිනිවන්පාන තෙක්ම මෙම කර්මය බලපානවා.
ff879a90b0	ඉන්ද්‍රගිරි රාජධානිය රාමා විසින් විභිශණට ප්‍රධානය කර ඇත
ff879b74db	බලාගෙන හිටියේ මේක එනකං.
ff882a125a	අනිවාර්යයෙන් අපිට මේකට
ff88a2510a	දෙවියන් අතරත්
ff8922dcbe	සිංහලයාට නොතිබුණු එහෙත් දෙමළාට තිබුණු
ff89dc6679	අධ්‍යාපන අර්ධවෙළඳපොළවල් හා වෙළඳපොළවල් වර්ධනය වීම
ff8a6a057c	එම සහාය අගය කරමින්
ff8b168f94	මටත් එහෙම කරල නෙව
ff8c5f70fe	සත්තු මිය ගියා.
ff8d244c7f	උදාහරණයක් ලෙස බැන්දට පස්සේ තමන් අදහන ආගම අතහැර
ff8d279930	දෙමාපියන් රැකබලා ගැනීම
ff8d2f0353	ප්‍රොෆෙකුත් එක්ක බොඩියක් මස් කොරන්ට
ff8d6222e9	නීතිවේදීහු පවසති.
ff8dd38526	අඳුරට බැන බැන ඉන්නෙ නැතුව
ff8deff4bb	මේක තනිකරම බලහත්කාරයෙන්
ff8e6b2d35	ගොනා හැරෙන්නේ
ff8e777909	ඔබේ සංවේදීතාවයේ තරම
ff8e9aea25	උන්ට එපා කියන කොට
ff8e9c796b	වෙස්වළා ගත් ආශිර්වාදයක් කියලා.
ff8eabeb3f	මෙම ක‍ාර්යය තවත් ඉදිරියට
ff8f1e36ec	එහෙම වැඩ ගැන
ff8f8ddcc2	මූලික අධ්‍යාපනය වෙනත් ගුරුකුලයකින් ලබා
ff8f90c55c	බිනර පුන් පොහෝදා සිදු විය
ff8f96009f	ධර්මය නොදෙසිය යුතු බවයි.
ff8fd24020	දන්නැත්තං කියල දෙන්නං
ff9016549a	ළං වන විට
ff90b64fa0	මේ තත්ත්වය ඉතාම තදින් දක්නට තියෙනවා.
ff90f8dee6	ඔයාලට ගෙනාවා.
ff91a23d2c	එනම්, මෙහි කතා නායකයා
ff92022ee2	සල්ලි ගෙවා ඉගෙන ගන්න
ff92879b63	අදහසක් එහෙම තියනවනම්
ff930e4125	එයද දන් දීමට බාධා කරන
ff93387a64	ඒත් අපේ රටට
ff934b95b7	ක්ෂණික ආලෝකයේ ඇති ප්‍රභලතාව නිසා
ff93661238	ඇස් කඩා හැලෙන ලස්සන රූපයක් තිබෙන
ff93bdebf3	ඒකයි උබත් ඉතින්
ff93c023b3	සමාජය තුළම හිස් පුද්ගලයෝ හෙවත්
ff93ed7935	පූජා බුද්ධියෙන් දානයක් දෙන විට
ff942d2303	ඒක ඔයාට විතරක් නෙමේ
ff946005a0	අතිගරු වලතර මැතිතුමා.
ff954629fc	අනිත් අතින් මට කතා කළා
ff9612f51c	ඒත් එදින උණ බට පාරුවක
ff969d61a5	වැරදි අච්චු ගසා බෙදා හැරීම.
ff9891f95b	තම නිර්මාණ සඳහා පාදක කරගත යුත්තේ
ff989c58e7	ඉහළට නැගීමේ තණ්හාව නොවේද?
ff98a64305	භද්දාලි භික්‍ෂුව ද
ff98f3be72	දඹුල්ල සිට මහනුවර දක්වාත්
ff9961d8f0	ධනය ලැබෙන පරිදි කටයුතු යෙදීම
ff9971bba0	කොළඹට අරන් ඇවිත්
ff9998da19	අප මෙතෙක් වෙලා
ff99f2bb9f	අර්බුදකාරී තත්ත්වය යටතේ
ff99fba8fd	මගේ ජීවිතේ සෑම කටයුත්තකදීම මගේ පිටුපස්සෙන් හිටියේ
ff9b4b3ad1	පළමුව දන්ත ධාතූන් වහන්සේගේ ආරක්‍ෂාව සැලසුවේ
ff9bd4607d	එවැනි ප්‍රතිවිරෝධී විභවයක් අඩපණ කිරීමේ ක්‍රමෝපායකි
ff9c7a8348	බවත් පැහැදිලි කරයි.
ff9d06020e	එයින්ම පරමාර්ථ සත්‍ය
ff9d4609ee	අර සතුන් විඳි පීඩාව මතක් වෙද්දී
ff9db75a89	මොකද්ද කියලයි.
ff9f96d6b7	ඔහු වැනි කලාකාරයින්
ff9f9cdcd0	තාත්තා පොඩි ළමයෙක් වගේ
ff9fa2ff7c	ඒත් දැනගන්න කැමතියි
ff9fd31e07	නෙළුම් මල් පිපෙන්නේ.
ffa05fa902	වඳින්න ගිය දේවාලෙ හිසට කඩා වැටුණා කියලා.
ffa0606b6f	ලෞකිකකරණය කරන ලදී
ffa085fe05	මුදල් නෝට්ටුවක් අතට ගත් සැනින්ම
ffa08d1685	හොඳ ස්වාමියෙකුත් ලැබෙන්නෙ
ffa09b8bb4	මේ උත්සවය මුළුමනින්ම සාර්ථක විය.
ffa0dc785c	යළි එංගලන්තයට පැමිණියහ
ffa13a323b	ගොඩ දෙනෙක්
ffa189a065	බාහිරින් දකින දේ බලලා කිසිවක් තීරණය කරන්න එපා.
ffa22c5a44	පාරිභෝගිකයො කියන්නෙ හොරු කියලා.
ffa30aa352	ලේ බිංදු මෙන් ගලා ගිය
ffa3a8848a	ලැබෙන දෙය වියදම් වී යෑම නිසා
ffa413e03a	ඇතිවීම, පැවතීම, හා නැතිවී යෑමයි.
ffa4b3b246	තව තවත් මන්ත්‍ර ගොතමින් රජු තව තවත් පෙළඹවූහ.
ffa4ed8b6f	නාලක ගමට වැඩම කොට
ffa574731d	දෘෂ්ටිවාදයේ සිට ඔහු හෝ ඇය දකින
ffa5ee1f5b	බ්ලොග් පාඨකයන්ට පහසුවක් හැටියට
ffa775a3e3	වැඩුණු උණ ගසේත්
ffa7d8bced	ක්‍රෝධයක් ඇතිකර ගනියි
ffa7f0939d	youtube watch
ffa84b0513	අමතක කරන්න එපා යාලුවනේ
ffa9251634	අද මෙන් මානව අයිතිවාසිකම් නමැති
ffa994218c	අපට හඳුන්වා දෙන්න පුළුවන්.
ffaa1ec24b	ප්‍රලාප වචන කීම
ffaa43ad27	මේවා මෙලෙස වුවද
ffaa57f173	kusa paba
ffaa79217b	කැප කරන්නට වෙන බව
ffaa7c13e4	ඒක අරං
ffaa93fed5	abc songs
ffab2611a0	අපරාධ අඩුයි.
ffac2b1d5a	මේක තමයි මම හැම වසරකම කියන්නේ
ffac7b8622	සංචාරකයන් එවන්නැයි කීවාට මදිය.
ffacb2f39f	අපි බලනා විට දි වාටිය යටට ඇද
ffacb4a703	ගිනි ගොඩට විසි කිරීම බවද සඳහන් වේ.
ffad058b26	එය ආසියාවේ නර්තන කණ්ඩායමක්
ffad10ac10	ආනන්දයේ ඉගෙනීම ලැබුවේය.
ffad564c19	මොරියාටි ට අවශ්‍ය වෙනවා
ffadfe4e99	වෙලා නෑ කියන එකයි.
ffaee99d4f	ඉතින් කවුරුත් කාමරයක තියන මේසයක් වටා රැස්වෙලා
ffafaf24fa	tamil movies
ffb00e213c	අනුන්ගේ රටක් වෙනුවෙන්
ffb039f5c3	මෙවැනි අඩවි කියවන විශාල මිනිසුන් ප්‍රමාණයක් හිටියත්
ffb04af58c	මේ වෙනකොට අපේ කාර්යාලවල පැමිණීමේ
ffb0616cd2	ඇති බව සුද්දන්ට ඔප්පු කළේ
ffb0ca1cb3	අලංකාර කර ඇති
ffb0dca486	අපේ ගෙදරට එක එක අය ගෙනත් දෙන එවායෙන්
ffb11f9e79	ගොඩක් දේවල් සැලසුම් කරලා තියෙන්නේ.
ffb173d85e	දියුණු කිරීමෙන් පමණක්
ffb17a205b	යොවුන් වියේ පසුවූ අයයි.
ffb1ee5629	ඒවා එකක්වත්
ffb3b8cedf	ඊට අනුබද්ධ ජීවන සංකල්ප
ffb3ff4f01	මේ අවබෝධය තිබ්බොත් තමයි
ffb41d349c	තිබුන නිසා මම අරගෙන
ffb47ac211	ඒක උඹට තේරෙන්නෙ නැත්තං
ffb48aa1df	samsung galaxy
ffb4affd5f	වැඩමවා එන මැනැව.
ffb538fb73	ඒකට උදව්වක් ගන්න පුළුවන් වෙයි .
ffb54232b2	ඉන් පස්සේ බඹා කෙටු හැටි බැලුවොත්
ffb550ba46	මා තෙරුවන් සරණ ගියෙක්මි
ffb5b9c07d	ඔය වගේ අනතුරු වෙන එක
ffb61cdef3	room escape games for kids
ffb66081f9	බැඳී පවතින බව පැහැදිලිය
ffb708364c	කාන්කාවන්ට සමාජයේ තිබූ බාධක
ffb7671b28	ඒවා වෛද්‍ය නිර්දේශයක් නැතිව
ffb789f50e	උන්වහන්සේලාගේ හික්මීම පිණිස
ffb79fd6d1	බල්ලත් කාමරයට ඇවිල්ලා
ffb9059e91	කිරට අයිති කාරයෙක් වේද?
ffb9e7f3ba	ප්‍රකාශ කෙරුණේ
ffba4efdff	මොහු ඉතාමත් මෘදු ගති පැවැතුම් ඇති කෙනෙක්.
ffbae88f54	කථා බහ ආරම්භ කළේ එලෙසින්.
ffbb0e3a12	ඒ වගේ ඒවා ඇහුවට පස්සේ
ffbc036b48	සුවපත් කිරීමටයි.
ffbc46cd6a	අදටත් ඔහු සැලකුම් ලබන්නේ
ffbc67d3f2	හමුදා කඳවුරක් ද පිහිට තිබෙන විශේෂ ස්ථානයකි.
ffbd6a3cd8	වෙනයම් කෙනෙකුට
ffbd9b415f	එසේ නිලධාරින් ස්ථාන දෙකකින් වැටුප් ලබා ගැනීම
ffbdc58327	මේ ස්තූප රවුම් හතරැස් හැඩවලින් යුක්ත වන අතර
ffbdc7bc68	බෝධි පූජාව ප්‍රධාන වශයෙන් ආකාර දෙකකින් දැක්විය හැකි බව පෙනේ.
ffbed3743b	මේ සියල්ල සිදුවුණේ පුරෝහිත බමුණා, ඉදිරියේ ය.
ffbf32b2ae	ඉතා යෝග්‍ය බව
ffc0047e60	මෙහි සිට තාර දමා සකස්කර ඇති
ffc013c395	සැබෑ හෙල ඉතිහාසය සොයා යන
ffc01b3693	මුල්ලේගමට යන පාරේ ගමන් කරමි
ffc070eee2	මෙම ධනය පැමිණෙන්නේ මෙරට බැංකු පද්ධතිය ඔස්සේය.
ffc078b32a	ක්‍ෂණිකව ඉටු කර ගැනීමට ඔහුට අවශ්‍ය විය.
ffc0a05d71	පණ ගලවා ගත හැකි
ffc0ed5163	විනාශ වෙලා තියෙනවාද කියලා.
ffc0ff28d6	යාළුවෝ ආශ්‍රය කරන්න අත්දැකීම් බෙදාගන්න
ffc1dc7561	ඉතින් ඒක තේරුම් ගන්න
ffc23b6727	අපි ගිය ආත්මයේ කොහේ හරි ඉඳලා මැරිලා
ffc2ff9163	දහයක් යුගල වශයෙන් සකස් කොට තිබෙනවා
ffc3090ce9	මේ චිත්‍රපට අපට ලබා දීම ගැන
ffc346c28d	දෙවැන්න නම් ජාතික ආර්ථිකයක් වෙත ගමන් කිරීමයි.
ffc3b7e7aa	අපි ආදරය කරනවා
ffc4e1674a	කුසලතා සම්මානයක් දිනා ගැනීමෙන්
ffc5b50d81	උපකල්පනය කළ
ffc5cf2d2d	නිහඬව සිටිය නොහැක.
ffc6540576	ස්වල්ප මොහොතකට මා සිතුවේ
ffc65bd452	නැගි සේක.
ffc6982f48	කැපකරු මවකගේ සටහන් වලින්..
ffc699be5d	කෙළවර කරන්නා වූ
ffc6f4297e	රුපියල් දෙදහක චෙක්පතක් තියෙනවා කියා
ffc6fb154b	ඔහුගේ නිවස ඉදිරිපිට වැඩම කළා.
ffc6fe9fb6	ඒත් තිබුණ ප්ලෑන් එක නම්
ffc716e1e4	නැවත නැවත සිවුර කඩමින් ඇඳ පුරුදු විය.
ffc752f41c	එක්තරා මානවකයෙක් ජීවත්වුණා.
ffc754f910	ගස් වලට පණ තියෙන බව ඇත්ත
ffc7ae6795	උන්ටත් ළමයි ඉන්නව.
ffc7b6a5ac	කොච්චර නම් වැහිලා ඇද්ද?
ffc7cd69f3	මෙවර මහ මළුවේ සිට පෙරහර නැරඹීමට
ffc858613e	ආයතන නීති සකස් කරන්න බැරි නිසා
ffc8db5a3d	එය නිර්වාණ පිළිවෙත නොවන බව
ffc9e83668	සරල ලෙස කිවහොත්
ffc9fc5452	තිබෙන මරු පහරකි.
ffca44d3aa	එදා බාරගත්තේ නැති නිසා
ffca789f9c	ජාතක පොත ඉතාම වැදගත් පණිවිඩයක්
ffcad07f3d	ඉස්සරහා රෝදයට කකුල අසුවිය.
ffcaf03d0f	ගජ මිතුරන්ව වාසය කරති.
ffcbfe11e1	මේ ලෝකය හැරුණූ කොට
ffcc21ab7f	පරලොව වශයෙන් ද පසුතැවීමට සිදුවන නිසා
ffcc6022f8	සෑම ගහ කොළකම
ffccbbffe5	උදව් කරනවා.
ffcd5bc8d9	හිතාගෙන බයිසිකලේ හොයන්න පටන් ගත්තා.
ffcfcbf000	උපතින් බුද්ධාගමේ උණත්
ffcfe4354e	ඉතා කුඩාවට වන අතර
ffd0dbdb0e	යම් යම් බලපෑම් කරන එක
ffd1148645	ඒත් වැඩියෙන්ම
ffd1849b57	ප්‍රයෝජනවත් වෙයිනේ
ffd1c77444	කියලා නිම කරන්න බෑ සහෝ.
ffd213e389	කරන ලද කුසලා කුසල කර්ම විපාක අනුවය.
ffd30ae507	තමන්ගේ වගකීම පැහැර හැරල තියනව
ffd3aaca4c	පෙම්වතුන් විදියට ආදරයේ සුව විඳලා
ffd3dfc329	නිවේදනය කොට ඇත.
ffd41606b7	එම බස් රථය හා රියැදුරා
ffd47c12f1	බුදුරජාණන් වහන්සේවාලිකා පර්වතයෙහි වැඩසිටියා
ffd5d7258d	ඒ ආගන්තුක භික්ෂුවටත් අනෙත් භික්ෂූන්ටත්
ffd5f52371	නමුත් කරන පුද්ගලයා තමයි දන්නේ
ffd602c86d	මේ පැන් ටික අරගෙන
ffd6a9df56	එය රජකම අත්හැර නිරාමිස ජීවිතයකට එළඹීමක්
ffd6c50aa4	change language
ffd704da35	ඒ තැනැත්තාගේ මුහුණ බලන්නවත් යන්නෙ නැහැ.
ffd748bc1f	මනුෂයන්ට මිස අමනුෂයන්ටවත්
ffd7633892	උතුම් චතුරාර්ය සත්‍යය අවබෝධ කරගැනීම
ffd7738a04	ඒ සුපිරි සෙට් එක බලාගන්න හැකි
ffd7b74aa9	කියනවා නිදුකාණෙනි
ffd82517c7	බාගන්න අයත් ඉන්නවාලුනේ.
ffd82bcd14	එදිනම බුත්තල මංසන්‍ධියේ පෙළපාලියක
ffd8352dca	gramaniladare divison
ffd839d63a	ඊට ප්‍රඥාව යැයි ද කියැවේ.
ffd8bcc768	අවශ්‍ය වින්දන කලාවක් වශයෙන්
ffd9001537	කාම මිථ්‍යාචාර ගණයට ගෙන
ffd925e0c4	හැබැයි ඉතින් එහෙම සංචාරයක යෙදුනොත්
ffd9416d7a	මේ සංසාරය නැවතුනා කියන්නේ
ffd98b07fd	අර පාර දිගට මනිබඩු විකුණන කොල්ලො
ffdacd9e00	ඉදිරියෙන් ඇති ආසනයේ
ffdc142b96	පට්ට සංස්කෘතියක් තියෙනවා.
ffdca6ed59	ඇති කළ පිළිවෙල.
ffdcb0c363	හරියට චිත්‍රපටි බලන්නේ කොහොමද කියන එක.
ffdccfadfc	මෙ බඳු ක්‍රම මගින්
ffdce22056	අපි සිල්පදය දන්නේ නැත්තේ
ffddb21c30	ලෝකය තේරුම් ගැනීමේ හැකියාව ද ලබා ගනී.
ffddb2a573	ඊට පස්සේ ඒ කොල්ලව අයිති කෙනා
ffde2bb582	ජාත්‍යන්තර මට්ටමේ අවධානයටද ලක් වී ඇත
ffde506ab4	අද ලිපියෙන් ඔහු ඉදිරිපත් කරන්නේ
ffe00da9c3	රැකියාවලට යනවා.
ffe0f2aad7	ධර්මය කරා යන්න තියෙන
ffe1599376	ඒත් මට හිතෙන හැටියට
ffe1a39a48	නත්තල් දිනය වෙනුවෙන් මේ නත්තල් චිත්‍රපටය
ffe1c71a32	එළිපිටවත් රහසේවත් පව් කරන්න එපා කියලයි.
ffe1dc7658	බණ කියා
ffe2cff66d	මෙම කරුණු පහෙන්
ffe3736f84	අපි කොහෙද ඉන්නේ
ffe4cb9b38	මේ කමෙන්ට් එක දාන්නේ.
ffe4e15702	sl photos
ffe5e71167	ආයෙ කියල වැඩක් නෑ!
ffe63b49b3	මෙම රක්ෂණ ක්‍රමයට ඇතුළත් කිරීමට යෝජනා කරනවා
ffe6ec69f3	මට තව ටික දවසකින් ලබන්නේ අවුරුදු නවය.
ffe865e8ec	දෙවැනි විවාහයක් කරදුන්නා
ffe868f7c5	අලගල්ලේ සිට කඩුගන්නාව මාර්ගයයි.
ffe8926def	එප්පාවල පොලිසියට පැමිණිලි කළා
ffe8da8f1a	ඊට පස්සේ ඔන්න ආයෙමත්
ffe9621f08	අනික මට ඕක ලොකුවට
ffe9c4006f	අද්භූත කතා සඳහන් කර ඇත
ffe9c6820a	වෙනම විපක්ෂයක් ගොඩනගන්න උත්සාහ කරනවා
ffe9d7373b	අපේ පුරුද්දක් තමයි
ffe9e4e296	මන් මගේ අදහස කිව්වා.
ffea18ff83	එතකොට එය වාර්තාවක් විනා
ffea2cc9fb	ආධ්‍යාත්මික දියුණුව ප්‍රබල වේ
ffeac1bb53	උන්වහන්සේගේ යුගය
ffeb2f7056	අවසන් කරන විදිය
ffebaedaa7	ඉංග්‍රීසි මල පොතේ අකුරක් බැරි එකාටත්
ffebb11740	හදිසි අනතුරකට ලක් උන බව
ffec30f3f5	ඇති වූ විප්ලවයට සමාන වෙයි
ffecaa7494	youtube wwe money in the bank 2013 full match
ffed1f06f8	මව් කුසින් නික්මෙන විට
ffed496feb	මම ඇසුවා
ffed4fa10a	දමිළ චිත්‍රපටියක් ගැනයි
ffedaf0f21	මෙයා මාර නීති දන්න කෙනෙක් ය.
ffee34b9e4	ඇමරිකානු යානයක් වෙඩි තියලා විනාශ කරලා තිබුනා.
ffeeb5130b	අවංක දේශපාලකයෙකුට ඉතුරුවෙලා ඉන්නේ මෙච්චරයි
ffef0a253a	බුදුරජාණන් වහන්සේ රහතන් වහන්සේලාට ප්‍රකාශ කොට වදාළේ
ffef2fa013	මේවා නොදන්න උඹල
ffef4275da	ලංකාවේ අවම වාර්ෂික වර්ෂාපතනය ලැබෙන
fff08387a6	ශාන්තිකර සාගරයේ කුඩා කුඩා දූපත් නිර්මාණය වීමටත්
fff0d8f299	සියලුම මුස්‌ලිම් ජාතිකයන්ට පුළුවන්
fff0f0f066	බ්ලොග් අඩවිය තවදුරටත් පවත්වාගෙන යනවාද නැද්ද
fff12ed6f3	එසේ නොවී එය ගල් ගැසී ඇතිනම්ය.
fff1658fe0	ගෙදරට ගේන සීනි‍ එලවලු
fff1669868	අදුරෙන් අදුරටම යන චෝයි මහත්මියගේ ලෝකය
fff1a698dc	මොකද ලංකාවෙ විනෝද කර්මාන්තය පටන් ගන්න යුගයේ.
fff1c6bd63	ඉතිං මම අද ගෙනාවේ
fff201052e	අපේක්ෂාවෙන් මිදුණු අය වන බැවිනි.
fff25ba746	යමක් නොමැති බවය
fff276f6c6	තවත් හිතවත් කීපදෙනෙක් ද සිටිනවා.
fff295c85c	sri lanka hotel association
fff359f189	අර විචාරක කියන පොරත්
fff3819ca7	ඔය අතරේ තව කෙනෙක්
fff423e399	මගේ ඇඟපත පුරාම
fff4943b75	ඔබ බුදුහාමුදුරුවන් දේශනා කල
fff4a1e780	defence shcool kurunagala
fff4fcc530	ඇතිවන්නේ නැත
fff50884da	තාවකාලික සිදුවීම් බව
fff527db07	මේ සා විශාල ධර්මස්කන්ධය අතුරෙන්
fff566c030	නිකාබ් තහනම ගැණ කතන්දරයට
fff5930b14	මෙම කරුණු පහෙන්
fff5aa8120	metal detectors
fff5fb81c8	හැබැයි හුදෙක් වාරණයට මුවාවෙන්
fff65bffc6	මේ සඳහා හේතු වී ඇති බව පෙනේ.
fff67bb865	සංගීත අධ්‍යක්‍ෂණය සුරේෂ් මාලියද්දේ ගෙනි
fff75465a5	උපේක්‍ෂා ඒ සියල්ලටම මුහුණ දෙමින් ඉදිරියට යන්නීය
fff7c5f691	ඒ විදිහට කොච්චර වෙනස් වෙනවද?
fff7d3fb3f	ඇයි බං අන්තිමට කියයි
fff7f9d336	බුදුරජාණන් වහන්සේ මනාකොට දේශනා කරල තියෙනවා.
fff8bcc8b9	මිරිහාන කොට්‌ඨාස භාර පොලිස්‌ අධිකාරි තෙන්නකෝන් මහතා
fff8dd1b99	අංග අටකින් යුක්තය.
fff9095f61	නමුත් ඒ මවගේ ආත්මය
fff90c39d1	නිර්ධන පංතිය අතර සම්බන්ධය
fff9b640c4	නාම ලේඛනයක් නැත.
fffa46a534	ඝාතකයාට ප්‍රතිප්‍රහාර එල්ල කර තිබේ
fffa7ce50f	එයාට වයස අවුරුදු එකහමාරයි.
fffaf64dfb	අජිත් සිසිල මෙවැනි ලිපිවලට මම ගොඩාක් කැමති
fffc6c6767	අද මම කණගාටු වෙනවා
fffc96cd18	ඔප්පු කල යුතුයි කියන
fffc9e54c7	නිශ්චිත ව සඳහන් කළ නොහේ.
fffcba85ec	යෝනිසෝ මනසිකාරයේ යෙදිලා
fffcd6a581	පුද්ගලික රෝහල්වලත්
fffd3fbd57	මේ ලිපිය නම් දැනුම සාගරයක්.
fffe052dc8	තේවා හේවිසි හඬ
fffe4ef282	තිව්තිසා දෙව්ලොව සතර දෙවිදුගේ පුත්‍රයා වී උපදිනවා.
fffe773b34	ඔවුන්ගේ ජීවිතය පිළිබඳ
fffecaa838	නඩු පාර්ශ්වයන් වූ ජනතාව
fffee1df1a	ඉකුත් වසරේ පැවැති
ffff0e4ed6	සාමාන්‍ය සමාජයේ මිනිසුන් නොදන්න නමුත්
ffff66f721	ආයෙ වෙන වචන ඕනෙ නෑ
fffff11c55	සිංහරාජය වැනි මහා වනාන්තර පද්ධතිය ආරක්ෂා කිරීමට
